Command line: /opt/conda/bin/spades.py	-1	/workspaces/Coptis_Genomic_Insights/Raw_Data/SRR12632749_1_100k.fastq	-2	/workspaces/Coptis_Genomic_Insights/Raw_Data/SRR12632749_2_100k.fastq	-o	/workspaces/Coptis_Genomic_Insights/Output	--careful	-t	4	-m	16	

System information:
  SPAdes version: 4.2.0
  Python version: 3.12.1
  OS: Linux-6.8.0-1030-azure-x86_64-with-glibc2.39

Output dir: /workspaces/Coptis_Genomic_Insights/Output
Mode: read error correction and assembling
Debug mode is turned OFF

Dataset parameters:
  Standard mode
  For multi-cell/isolate data we recommend to use '--isolate' option; for single-cell MDA data use '--sc'; for metagenomic data use '--meta'; for RNA-Seq use '--rna'.
  Reads:
    Library number: 1, library type: paired-end
      orientation: fr
      left reads: ['/workspaces/Coptis_Genomic_Insights/Raw_Data/SRR12632749_1_100k.fastq']
      right reads: ['/workspaces/Coptis_Genomic_Insights/Raw_Data/SRR12632749_2_100k.fastq']
      interlaced reads: not specified
      single reads: not specified
      merged reads: not specified
Read error correction parameters:
  Iterations: 1
  PHRED offset will be auto-detected
  Corrected reads will be compressed
Assembly parameters:
  k: automatic selection based on read length
  Repeat resolution is enabled
  Mismatch careful mode is turned ON
  MismatchCorrector will be used
  Coverage cutoff is turned OFF
  Assembly graph output will use GFA v1.2 format
Other parameters:
  Dir for temp files: /workspaces/Coptis_Genomic_Insights/Output/tmp
  Threads: 4
  Memory limit (in Gb): 16


======= SPAdes pipeline started. Log can be found here: /workspaces/Coptis_Genomic_Insights/Output/spades.log

/workspaces/Coptis_Genomic_Insights/Raw_Data/SRR12632749_1_100k.fastq: max reads length: 150
/workspaces/Coptis_Genomic_Insights/Raw_Data/SRR12632749_2_100k.fastq: max reads length: 150

Reads length: 150

Default k-mer sizes were set to [21, 33, 55, 77] because estimated read length (150) is equal to or greater than 150

===== Before start started. 


===== Read error correction started. 


===== Read error correction started. 


== Running: /opt/conda/bin/spades-hammer /workspaces/Coptis_Genomic_Insights/Output/corrected/configs/config.info

  0:00:00.000     1M / 20M   INFO    General                 (main.cpp                  :  76)   Starting BayesHammer, built from N/A, git revision N/A
  0:00:00.000     1M / 20M   INFO    General                 (main.cpp                  :  77)   Loading config from "/workspaces/Coptis_Genomic_Insights/Output/corrected/configs/config.info"
  0:00:00.001     1M / 20M   INFO    General                 (main.cpp                  :  79)   Maximum # of threads to use (adjusted due to OMP capabilities): 2
  0:00:00.001     1M / 20M   INFO    General                 (memory_limit.cpp          :  55)   Memory limit set to 16 Gb
  0:00:00.001     1M / 20M   INFO    General                 (main.cpp                  :  87)   Trying to determine PHRED offset
  0:00:00.001     1M / 20M   INFO    General                 (main.cpp                  :  93)   Determined value is 33
  0:00:00.001     1M / 20M   INFO    General                 (hammer_tools.cpp          :  40)   Hamming graph threshold tau=1, k=21, subkmer positions = [ 0 10 ]
  0:00:00.001     1M / 20M   INFO    General                 (main.cpp                  : 114)   Size of aux. kmer data 24 bytes
     === ITERATION 0 begins ===
  0:00:00.002     1M / 20M   INFO    General                 (kmer_index_builder.hpp    : 308)   Splitting kmer instances into 16 files using 2 threads. This might take a while.
  0:00:00.003     1M / 20M   INFO    General                 (file_limit.hpp            :  43)   Open file limit set to 1048576
  0:00:00.003     1M / 20M   INFO    General                 (kmer_splitter.hpp         :  96)   Memory available for splitting buffers: 2.66665 Gb
  0:00:00.003     1M / 20M   INFO    General                 (kmer_splitter.hpp         : 104)   Using cell size of 4194304
  0:00:00.015  1153M / 1153M INFO   K-mer Splitting          (kmer_data.cpp             :  98)   Processing "/workspaces/Coptis_Genomic_Insights/Raw_Data/SRR12632749_1_100k.fastq"
  0:00:02.619  1153M / 1153M INFO   K-mer Splitting          (kmer_data.cpp             : 108)   Processed 100000 reads
  0:00:02.620  1153M / 1153M INFO   K-mer Splitting          (kmer_data.cpp             :  98)   Processing "/workspaces/Coptis_Genomic_Insights/Raw_Data/SRR12632749_2_100k.fastq"
  0:00:04.951  1153M / 1153M INFO   K-mer Splitting          (kmer_data.cpp             : 108)   Processed 200000 reads
  0:00:04.953  1153M / 1153M INFO   K-mer Splitting          (kmer_data.cpp             : 113)   Total 200000 reads processed
  0:00:04.977     1M / 256M  INFO    General                 (kmer_index_builder.hpp    : 314)   Starting k-mer counting.
  0:00:05.595     1M / 256M  INFO    General                 (kmer_index_builder.hpp    : 325)   K-mer counting done. There are 35365430 kmers in total.
  0:00:05.598     1M / 256M  INFO   K-mer Index Building     (kmer_index_builder.hpp    : 460)   Building perfect hash indices
  0:00:08.980    25M / 256M  INFO   K-mer Index Building     (kmer_index_builder.hpp    : 496)   Index built. Total 35365430 kmers, 25555032 bytes occupied (5.78079 bits per kmer).
  0:00:08.981    25M / 256M  INFO   K-mer Counting           (kmer_data.cpp             : 355)   Arranging kmers in hash map order
  0:00:10.548   569M / 594M  INFO    General                 (main.cpp                  : 149)   Clustering Hamming graph.
  0:02:19.169   569M / 594M  INFO    General                 (main.cpp                  : 156)   Extracting clusters:
  0:02:19.169   569M / 594M  INFO    General                 (concurrent_dsu.cpp        :  19)   Connecting to root
  0:02:19.426   569M / 594M  INFO    General                 (concurrent_dsu.cpp        :  35)   Calculating counts
  0:02:24.703  1113M / 1138M INFO    General                 (concurrent_dsu.cpp        :  64)   Writing down entries
  0:02:31.554   569M / 1616M INFO    General                 (main.cpp                  : 168)   Clustering done. Total clusters: 27241950
  0:02:31.592   297M / 1616M INFO   K-mer Counting           (kmer_data.cpp             : 372)   Collecting K-mer information, this takes a while.
  0:02:32.179  1109M / 1616M INFO   K-mer Counting           (kmer_data.cpp             : 378)   Processing "/workspaces/Coptis_Genomic_Insights/Raw_Data/SRR12632749_1_100k.fastq"
  0:02:48.077  1109M / 1616M INFO   K-mer Counting           (kmer_data.cpp             : 378)   Processing "/workspaces/Coptis_Genomic_Insights/Raw_Data/SRR12632749_2_100k.fastq"
  0:03:01.505  1109M / 1616M INFO   K-mer Counting           (kmer_data.cpp             : 385)   Collection done, postprocessing.
  0:03:01.593  1109M / 1616M INFO   K-mer Counting           (kmer_data.cpp             : 398)   There are 35365430 kmers in total. Among them 30446832 (86.0921%) are singletons.
  0:03:01.593  1109M / 1616M INFO    General                 (main.cpp                  : 174)   Subclustering Hamming graph
  0:03:24.751  1109M / 1616M INFO   Hamming Subclustering    (kmer_cluster.cpp          : 637)   Subclustering done. Total 964 non-read kmers were generated.
  0:03:24.752  1109M / 1616M INFO   Hamming Subclustering    (kmer_cluster.cpp          : 638)   Subclustering statistics:
  0:03:24.752  1109M / 1616M INFO   Hamming Subclustering    (kmer_cluster.cpp          : 639)     Total singleton hamming clusters: 24908168. Among them 8348976 (33.519%) are good
  0:03:24.752  1109M / 1616M INFO   Hamming Subclustering    (kmer_cluster.cpp          : 640)     Total singleton subclusters: 14984. Among them 14545 (97.0702%) are good
  0:03:24.752  1109M / 1616M INFO   Hamming Subclustering    (kmer_cluster.cpp          : 641)     Total non-singleton subcluster centers: 2547467. Among them 1503568 (59.0221%) are good
  0:03:24.752  1109M / 1616M INFO   Hamming Subclustering    (kmer_cluster.cpp          : 642)     Average size of non-trivial subcluster: 4.10541 kmers
  0:03:24.752  1109M / 1616M INFO   Hamming Subclustering    (kmer_cluster.cpp          : 643)     Average number of sub-clusters per non-singleton cluster: 1.09798
  0:03:24.752  1109M / 1616M INFO   Hamming Subclustering    (kmer_cluster.cpp          : 644)     Total solid k-mers: 9867089
  0:03:24.752  1109M / 1616M INFO   Hamming Subclustering    (kmer_cluster.cpp          : 645)     Substitution probabilities: (     0.949432    0.0130936    0.0219677    0.0155072 )
(    0.0223671     0.900135   0.00817126     0.069327 )
(    0.0604714   0.00670383     0.905778    0.0270471 )
(    0.0127655      0.01598    0.0101269     0.961128 )
  0:03:24.819  1109M / 1616M INFO    General                 (main.cpp                  : 179)   Finished clustering.
  0:03:24.819  1109M / 1616M INFO    General                 (main.cpp                  : 198)   Starting solid k-mers expansion in 2 threads.
  0:03:34.184  1109M / 1616M INFO    General                 (main.cpp                  : 219)   Solid k-mers iteration 0 produced 407512 new k-mers.
  0:03:43.436  1109M / 1616M INFO    General                 (main.cpp                  : 219)   Solid k-mers iteration 1 produced 10066 new k-mers.
  0:03:53.925  1109M / 1616M INFO    General                 (main.cpp                  : 219)   Solid k-mers iteration 2 produced 489 new k-mers.
  0:04:03.996  1109M / 1616M INFO    General                 (main.cpp                  : 219)   Solid k-mers iteration 3 produced 79 new k-mers.
  0:04:13.327  1109M / 1616M INFO    General                 (main.cpp                  : 219)   Solid k-mers iteration 4 produced 0 new k-mers.
  0:04:13.327  1109M / 1616M INFO    General                 (main.cpp                  : 223)   Solid k-mers finalized
  0:04:13.327  1109M / 1616M INFO    General                 (hammer_tools.cpp          : 226)   Starting read correction in 2 threads.
  0:04:13.328  1109M / 1616M INFO    General                 (hammer_tools.cpp          : 239)   Correcting pair of reads: "/workspaces/Coptis_Genomic_Insights/Raw_Data/SRR12632749_1_100k.fastq" and "/workspaces/Coptis_Genomic_Insights/Raw_Data/SRR12632749_2_100k.fastq"
  0:04:13.570  1221M / 1616M INFO    General                 (hammer_tools.cpp          : 173)   Prepared batch 0 of 100000 reads.
  0:04:29.259  1223M / 1616M INFO    General                 (hammer_tools.cpp          : 180)   Processed batch 0
  0:04:29.627  1223M / 1616M INFO    General                 (hammer_tools.cpp          : 190)   Written batch 0
  0:04:29.653  1109M / 1616M INFO    General                 (hammer_tools.cpp          : 280)   Correction done. Changed 123310 bases in 56253 reads.
  0:04:29.655  1109M / 1616M INFO    General                 (hammer_tools.cpp          : 281)   Failed to correct 19715 bases out of 29999994.
  0:04:29.788     1M / 1616M INFO    General                 (main.cpp                  : 256)   Saving corrected dataset description to /workspaces/Coptis_Genomic_Insights/Output/corrected/corrected.yaml
  0:04:29.791     1M / 1616M INFO    General                 (main.cpp                  : 263)   All done. Exiting.

===== Read error correction finished. 


===== corrected reads compression started. 


== Running: /home/codespace/.python/current/bin/python3 /opt/conda/share/spades/spades_pipeline/scripts/compress_all.py --input_file /workspaces/Coptis_Genomic_Insights/Output/corrected/corrected.yaml --ext_python_modules_home /opt/conda/share/spades --max_threads 4 --output_dir /workspaces/Coptis_Genomic_Insights/Output/corrected --gzip_output

== Compressing corrected reads (with pigz)
== Files to compress: ['/workspaces/Coptis_Genomic_Insights/Output/corrected/SRR12632749_1_100k00.0_0.cor.fastq', '/workspaces/Coptis_Genomic_Insights/Output/corrected/SRR12632749_2_100k00.0_0.cor.fastq', '/workspaces/Coptis_Genomic_Insights/Output/corrected/SRR12632749__unpaired00.0_0.cor.fastq']
== Files compression is finished
== Dataset yaml file is updated

===== corrected reads compression finished. 


===== Read error correction finished. 


===== Assembling started. 


===== K21 started. 


== Running: /opt/conda/bin/spades-core /workspaces/Coptis_Genomic_Insights/Output/K21/configs/config.info /workspaces/Coptis_Genomic_Insights/Output/K21/configs/careful_mode.info

  0:00:00.000     1M / 20M   INFO    General                 (main.cpp                  :  94)   Loaded config from "/workspaces/Coptis_Genomic_Insights/Output/K21/configs/config.info"
  0:00:00.001     1M / 20M   INFO    General                 (main.cpp                  :  94)   Loaded config from "/workspaces/Coptis_Genomic_Insights/Output/K21/configs/careful_mode.info"
  0:00:00.001     1M / 20M   INFO    General                 (memory_limit.cpp          :  55)   Memory limit set to 16 Gb
  0:00:00.001     1M / 20M   INFO    General                 (main.cpp                  : 102)   Starting SPAdes, built from N/A, git revision N/A
  0:00:00.001     1M / 20M   INFO    General                 (main.cpp                  : 103)   Maximum k-mer length: 128
  0:00:00.001     1M / 20M   INFO    General                 (main.cpp                  : 104)   Assembling dataset ("/workspaces/Coptis_Genomic_Insights/Output/dataset.info") with K=21
  0:00:00.001     1M / 20M   INFO    General                 (main.cpp                  : 105)   Maximum # of threads to use (adjusted due to OMP capabilities): 2
  0:00:00.001     1M / 20M   INFO    General                 (pipeline.cpp              : 221)   SPAdes started
  0:00:00.001     1M / 20M   INFO    General                 (pipeline.cpp              : 234)   Starting from stage: read_conversion
  0:00:00.001     1M / 20M   INFO    General                 (pipeline.cpp              : 245)   Two-step repeat resolution disabled
  0:00:00.007     1M / 20M   INFO   GraphCore                (graph_core.hpp            : 689)   Graph created, vertex min_id: 3, edge min_id: 3
  0:00:00.007     1M / 20M   INFO   GraphCore                (graph_core.hpp            : 690)   Vertex size: 48, edge size: 40
  0:00:00.007     1M / 20M   INFO    General                 (edge_index.hpp            : 132)   Size of edge index entries: 12/8
  0:00:00.010     1M / 20M   INFO   StageManager             (stage.cpp                 : 212)   STAGE == Binary Read Conversion (id: read_conversion)
  0:00:00.012     1M / 20M   INFO    General                 (read_converter.cpp        :  78)   Converting reads to binary format for library #0 (takes a while)
  0:00:00.012     1M / 20M   INFO    General                 (read_converter.cpp        :  99)   Converting paired reads
  0:00:00.440    81M / 104M  INFO    General                 (binary_converter.cpp      : 127)   16384 reads processed
  0:00:00.450    81M / 104M  INFO    General                 (binary_converter.cpp      : 127)   32768 reads processed
  0:00:00.474    81M / 104M  INFO    General                 (binary_converter.cpp      : 127)   65536 reads processed
  0:00:00.886    81M / 104M  INFO    General                 (binary_converter.cpp      : 143)   97291 reads written
  0:00:00.897    23M / 104M  INFO    General                 (read_converter.cpp        : 113)   Converting single reads
  0:00:00.915    62M / 104M  INFO    General                 (binary_converter.cpp      : 143)   2140 reads written
  0:00:00.916    49M / 104M  INFO    General                 (read_converter.cpp        : 119)   Converting merged reads
  0:00:00.917    62M / 104M  INFO    General                 (binary_converter.cpp      : 143)   0 reads written
  0:00:01.246     1M / 104M  INFO   StageManager             (stage.cpp                 : 212)   STAGE == de Bruijn graph construction (id: construction)
  0:00:01.249     1M / 104M  INFO    General                 (construction.cpp          : 150)   Max read length 150
  0:00:01.249     1M / 104M  INFO    General                 (construction.cpp          : 156)   Average read length 149.956
  0:00:01.249     1M / 104M  INFO    General                 (stage.cpp                 : 121)   PROCEDURE == k+1-mer counting (id: construction:kpomer_counting)
  0:00:01.249     1M / 104M  INFO    General                 (kmer_index_builder.hpp    : 308)   Splitting kmer instances into 20 files using 2 threads. This might take a while.
  0:00:01.251     1M / 104M  INFO    General                 (file_limit.hpp            :  43)   Open file limit set to 1048576
  0:00:01.251     1M / 104M  INFO    General                 (kmer_splitter.hpp         :  96)   Memory available for splitting buffers: 2.66664 Gb
  0:00:01.251     1M / 104M  INFO    General                 (kmer_splitter.hpp         : 104)   Using cell size of 3355443
  0:00:03.216  1161M / 1161M INFO    General                 (kmer_splitters.hpp        : 128)   Processed 393444 reads
  0:00:03.216     1M / 311M  INFO    General                 (kmer_splitters.hpp        : 134)   Used 393444 reads
  0:00:03.217     1M / 311M  INFO    General                 (kmer_index_builder.hpp    : 314)   Starting k-mer counting.
  0:00:03.401     1M / 311M  INFO    General                 (kmer_index_builder.hpp    : 325)   K-mer counting done. There are 16022872 kmers in total.
  0:00:03.402     1M / 311M  INFO    General                 (stage.cpp                 : 121)   PROCEDURE == Extension index construction (id: construction:extension_index_construction)
  0:00:03.404     1M / 311M  INFO   K-mer Index Building     (kmer_index_builder.hpp    : 503)   Building kmer index
  0:00:03.405     1M / 311M  INFO    General                 (kmer_index_builder.hpp    : 308)   Splitting kmer instances into 20 files using 2 threads. This might take a while.
  0:00:03.409     1M / 311M  INFO    General                 (file_limit.hpp            :  43)   Open file limit set to 1048576
  0:00:03.410     1M / 311M  INFO    General                 (kmer_splitter.hpp         :  96)   Memory available for splitting buffers: 2.66663 Gb
  0:00:03.411     1M / 311M  INFO    General                 (kmer_splitter.hpp         : 104)   Using cell size of 3355443
  0:00:06.195  1161M / 1161M INFO    General                 (kmer_splitters.hpp        : 197)   Processed 16022872 kmers
  0:00:06.196  1161M / 1161M INFO    General                 (kmer_splitters.hpp        : 202)   Used 16022872 kmers.
  0:00:06.196     1M / 517M  INFO    General                 (kmer_index_builder.hpp    : 314)   Starting k-mer counting.
  0:00:06.470     1M / 517M  INFO    General                 (kmer_index_builder.hpp    : 325)   K-mer counting done. There are 15965394 kmers in total.
  0:00:06.470     1M / 517M  INFO   K-mer Index Building     (kmer_index_builder.hpp    : 460)   Building perfect hash indices
  0:00:07.651    12M / 517M  INFO   K-mer Index Building     (kmer_index_builder.hpp    : 496)   Index built. Total 15965394 kmers, 11546064 bytes occupied (5.78555 bits per kmer).
  0:00:07.651    12M / 517M  INFO    General                 (kmer_index_builder.hpp    : 191)   Merging final buckets.
  0:00:07.910    28M / 517M  INFO   DeBruijnExtensionIndexBu (kmer_extension_index_build: 101)   Building k-mer extensions from k+1-mers
  0:00:12.030    28M / 517M  INFO   DeBruijnExtensionIndexBu (kmer_extension_index_build: 106)   Building k-mer extensions from k+1-mers finished.
  0:00:12.047    28M / 517M  INFO    General                 (stage.cpp                 : 121)   PROCEDURE == Early tip clipping (id: construction:early_tip_clipper)
  0:00:12.050    28M / 517M  INFO    General                 (construction.cpp          : 298)   Early tip clipper length bound set as (RL - K)
  0:00:12.054    28M / 517M  INFO   Early tip clipping       (early_simplification.hpp  :  48)   Early tip clipping
  0:00:15.905    38M / 517M  INFO   Early tip clipping       (early_simplification.hpp  :  83)   #tipped junctions: 95811
  0:00:15.931    38M / 517M  INFO   Early tip clipping       (early_simplification.hpp  :  94)   Clipped tips: 96878
  0:00:15.941    28M / 517M  INFO   Early tip clipping       (early_simplification.hpp  :  50)   2685161 22-mers were removed by early tip clipper
  0:00:15.941    28M / 517M  INFO    General                 (stage.cpp                 : 121)   PROCEDURE == Condensing graph (id: construction:graph_condensing)
  0:00:15.942    28M / 517M  INFO   UnbranchingPathExtractor (debruijn_graph_constructor: 324)   Extracting unbranching paths
  0:00:20.646    44M / 517M  INFO   UnbranchingPathExtractor (debruijn_graph_constructor: 348)   Extracting unbranching paths finished. 372663 sequences extracted
  0:00:22.911    44M / 517M  INFO   UnbranchingPathExtractor (debruijn_graph_constructor: 362)   Collecting perfect loops
  0:00:23.786    45M / 517M  INFO   UnbranchingPathExtractor (debruijn_graph_constructor: 395)   Collecting perfect loops finished. 278 loops collected
  0:00:23.800    44M / 517M  INFO   DeBruijnGraphConstructor (debruijn_graph_constructor: 593)   Sorting edges...
  0:00:23.850    44M / 517M  INFO   DeBruijnGraphConstructor (debruijn_graph_constructor: 598)   Edges sorted
  0:00:23.851    44M / 517M  INFO    General                 (debruijn_graph_constructor: 511)   Total 745882 edges to create
  0:00:23.851    73M / 517M  INFO    General                 (debruijn_graph_constructor: 514)   Collecting link records
  0:00:23.968    85M / 517M  INFO    General                 (debruijn_graph_constructor: 519)   Ordering link records
  0:00:24.047    85M / 517M  INFO    General                 (debruijn_graph_constructor: 525)   Sorting done
  0:00:24.056    89M / 517M  INFO    General                 (debruijn_graph_constructor: 538)   Sorting LinkRecords...
  0:00:24.110    89M / 517M  INFO    General                 (debruijn_graph_constructor: 544)   LinkRecords sorted
  0:00:24.110    89M / 517M  INFO    General                 (debruijn_graph_constructor: 546)   Total 315463 vertices to create
  0:00:24.110   119M / 517M  INFO    General                 (debruijn_graph_constructor: 549)   Connecting the graph
  0:00:24.184    97M / 517M  INFO    General                 (stage.cpp                 : 121)   PROCEDURE == Filling coverage indices (PHM) (id: construction:coverage_filling_phm)
  0:00:24.184    97M / 517M  INFO   K-mer Index Building     (kmer_index_builder.hpp    : 460)   Building perfect hash indices
  0:00:25.335   109M / 517M  INFO   K-mer Index Building     (kmer_index_builder.hpp    : 496)   Index built. Total 16022872 kmers, 11587432 bytes occupied (5.78545 bits per kmer).
  0:00:25.343   173M / 517M  INFO    General                 (coverage_hash_map_builder.:  49)   Collecting k-mer coverage information from reads, this takes a while.
  0:00:28.055   173M / 517M  INFO    General                 (construction.cpp          : 400)   Filling coverage and flanking coverage from PHM
  0:00:30.903   173M / 517M  INFO    General                 (coverage_filling.hpp      :  83)   Processed 745796 edges
  0:00:30.993    70M / 517M  INFO   StageManager             (stage.cpp                 : 212)   STAGE == EC Threshold Finding (id: ec_threshold_finder)
  0:00:30.997    70M / 517M  INFO    General                 (kmer_coverage_model.cpp   : 182)   Kmer coverage valley at: 43
  0:00:30.997    70M / 517M  INFO    General                 (kmer_coverage_model.cpp   : 202)   K-mer histogram maximum: 44
  0:00:30.997    70M / 517M  WARN    General                 (kmer_coverage_model.cpp   : 219)   Too many erroneous kmers, the estimates might be unreliable
  0:00:30.997    70M / 517M  INFO    General                 (kmer_coverage_model.cpp   : 238)   Estimated median coverage: 44. Coverage mad: 21.9905
  0:00:30.998    70M / 517M  INFO    General                 (kmer_coverage_model.cpp   : 260)   Fitting coverage model
  0:00:31.061    70M / 517M  INFO    General                 (kmer_coverage_model.cpp   : 296)   ... iteration 2
  0:00:31.144    70M / 517M  INFO    General                 (kmer_coverage_model.cpp   : 296)   ... iteration 4
  0:00:31.264    70M / 517M  INFO    General                 (kmer_coverage_model.cpp   : 296)   ... iteration 8
  0:00:31.638    70M / 517M  INFO    General                 (kmer_coverage_model.cpp   : 296)   ... iteration 16
  0:00:32.276    70M / 517M  INFO    General                 (kmer_coverage_model.cpp   : 296)   ... iteration 32
  0:00:33.158    70M / 517M  INFO    General                 (kmer_coverage_model.cpp   : 296)   ... iteration 64
  0:00:33.417    70M / 517M  INFO    General                 (kmer_coverage_model.cpp   : 310)   Fitted mean coverage: 15.7152. Fitted coverage std. dev: 6.62726
  0:00:33.417    70M / 517M  WARN    General                 (kmer_coverage_model.cpp   : 328)   Valley value was estimated improperly, reset to 8
  0:00:33.418    70M / 517M  INFO    General                 (kmer_coverage_model.cpp   : 335)   Probability of erroneous kmer at valley: 0.828524
  0:00:33.418    70M / 517M  WARN    General                 (kmer_coverage_model.cpp   : 367)   Failed to determine erroneous kmer threshold. Threshold set to: 8
  0:00:33.418    70M / 517M  INFO    General                 (kmer_coverage_model.cpp   : 376)   Estimated genome size (ignoring repeats): 329797
  0:00:33.419    70M / 517M  INFO    General                 (genomic_info_filler.cpp   :  58)   Failed to estimate mean coverage
  0:00:33.419    70M / 517M  INFO    General                 (genomic_info_filler.cpp   :  71)   EC coverage threshold value was calculated as 8
  0:00:33.419    70M / 517M  INFO    General                 (genomic_info_filler.cpp   :  72)   Trusted kmer low bound: 0
  0:00:33.419    70M / 517M  INFO   StageManager             (stage.cpp                 : 212)   STAGE == Raw Simplification (id: raw_simplification)
  0:00:33.419    70M / 517M  INFO    General                 (simplification.cpp        : 129)   PROCEDURE == Initial cleaning
  0:00:33.420    70M / 517M  INFO    General                 (graph_simplification.hpp  : 674)   Flanking coverage based disconnection disabled
  0:00:33.420    70M / 517M  INFO   Simplification           (parallel_processing.hpp   : 168)   Running Self conjugate edge remover
  0:00:33.449    70M / 517M  INFO   Simplification           (parallel_processing.hpp   : 171)   Self conjugate edge remover triggered 0 times
  0:00:33.449    70M / 517M  INFO   StageManager             (stage.cpp                 : 212)   STAGE == Simplification (id: simplification)
  0:00:33.450    70M / 517M  INFO    General                 (simplification.cpp        : 397)   Graph simplification started
  0:00:33.450    70M / 517M  INFO    General                 (graph_simplification.hpp  : 646)   Creating parallel br instance
  0:00:33.450    70M / 517M  INFO    General                 (simplification.cpp        : 402)   PROCEDURE == Simplification cycle, iteration 1
  0:00:33.450    70M / 517M  INFO   Simplification           (parallel_processing.hpp   : 168)   Running Tip clipper
  0:00:33.541    70M / 517M  INFO   Simplification           (parallel_processing.hpp   : 171)   Tip clipper triggered 5015 times
  0:00:33.542    70M / 517M  INFO   Simplification           (parallel_processing.hpp   : 168)   Running Bulge remover
  0:00:35.648    80M / 517M  INFO   Simplification           (parallel_processing.hpp   : 171)   Bulge remover triggered 28882 times
  0:00:35.651    80M / 517M  INFO   Simplification           (parallel_processing.hpp   : 168)   Running Low coverage edge remover
  0:00:35.734    84M / 517M  INFO   Simplification           (parallel_processing.hpp   : 171)   Low coverage edge remover triggered 0 times
  0:00:35.734    84M / 517M  INFO    General                 (simplification.cpp        : 402)   PROCEDURE == Simplification cycle, iteration 2
  0:00:35.735    84M / 517M  INFO   Simplification           (parallel_processing.hpp   : 168)   Running Tip clipper
  0:00:35.780    84M / 517M  INFO   Simplification           (parallel_processing.hpp   : 171)   Tip clipper triggered 520 times
  0:00:35.781    84M / 517M  INFO   Simplification           (parallel_processing.hpp   : 168)   Running Bulge remover
  0:00:35.787    81M / 517M  INFO   Simplification           (parallel_processing.hpp   : 171)   Bulge remover triggered 33 times
  0:00:35.788    81M / 517M  INFO   Simplification           (parallel_processing.hpp   : 168)   Running Low coverage edge remover
  0:00:36.180    80M / 517M  INFO   Simplification           (parallel_processing.hpp   : 171)   Low coverage edge remover triggered 60177 times
  0:00:36.186    80M / 517M  INFO    General                 (simplification.cpp        : 402)   PROCEDURE == Simplification cycle, iteration 3
  0:00:36.186    80M / 517M  INFO   Simplification           (parallel_processing.hpp   : 168)   Running Tip clipper
  0:00:36.215    78M / 517M  INFO   Simplification           (parallel_processing.hpp   : 171)   Tip clipper triggered 2516 times
  0:00:36.216    78M / 517M  INFO   Simplification           (parallel_processing.hpp   : 168)   Running Bulge remover
  0:00:36.437    77M / 517M  INFO   Simplification           (parallel_processing.hpp   : 171)   Bulge remover triggered 4210 times
  0:00:36.438    77M / 517M  INFO   Simplification           (parallel_processing.hpp   : 168)   Running Low coverage edge remover
  0:00:36.478    77M / 517M  INFO   Simplification           (parallel_processing.hpp   : 171)   Low coverage edge remover triggered 5763 times
  0:00:36.479    77M / 517M  INFO    General                 (simplification.cpp        : 402)   PROCEDURE == Simplification cycle, iteration 4
  0:00:36.479    77M / 517M  INFO   Simplification           (parallel_processing.hpp   : 168)   Running Tip clipper
  0:00:36.487    76M / 517M  INFO   Simplification           (parallel_processing.hpp   : 171)   Tip clipper triggered 91 times
  0:00:36.487    76M / 517M  INFO   Simplification           (parallel_processing.hpp   : 168)   Running Bulge remover
  0:00:36.541    75M / 517M  INFO   Simplification           (parallel_processing.hpp   : 171)   Bulge remover triggered 1001 times
  0:00:36.541    75M / 517M  INFO   Simplification           (parallel_processing.hpp   : 168)   Running Low coverage edge remover
  0:00:36.559    75M / 517M  INFO   Simplification           (parallel_processing.hpp   : 171)   Low coverage edge remover triggered 2466 times
  0:00:36.559    75M / 517M  INFO    General                 (simplification.cpp        : 402)   PROCEDURE == Simplification cycle, iteration 5
  0:00:36.559    75M / 517M  INFO   Simplification           (parallel_processing.hpp   : 168)   Running Tip clipper
  0:00:36.562    75M / 517M  INFO   Simplification           (parallel_processing.hpp   : 171)   Tip clipper triggered 12 times
  0:00:36.562    75M / 517M  INFO   Simplification           (parallel_processing.hpp   : 168)   Running Bulge remover
  0:00:36.587    75M / 517M  INFO   Simplification           (parallel_processing.hpp   : 171)   Bulge remover triggered 493 times
  0:00:36.588    75M / 517M  INFO   Simplification           (parallel_processing.hpp   : 168)   Running Low coverage edge remover
  0:00:36.599    75M / 517M  INFO   Simplification           (parallel_processing.hpp   : 171)   Low coverage edge remover triggered 1465 times
  0:00:36.600    75M / 517M  INFO    General                 (simplification.cpp        : 402)   PROCEDURE == Simplification cycle, iteration 6
  0:00:36.600    75M / 517M  INFO   Simplification           (parallel_processing.hpp   : 168)   Running Tip clipper
  0:00:36.601    75M / 517M  INFO   Simplification           (parallel_processing.hpp   : 171)   Tip clipper triggered 8 times
  0:00:36.602    75M / 517M  INFO   Simplification           (parallel_processing.hpp   : 168)   Running Bulge remover
  0:00:36.617    75M / 517M  INFO   Simplification           (parallel_processing.hpp   : 171)   Bulge remover triggered 277 times
  0:00:36.618    75M / 517M  INFO   Simplification           (parallel_processing.hpp   : 168)   Running Low coverage edge remover
  0:00:36.625    75M / 517M  INFO   Simplification           (parallel_processing.hpp   : 171)   Low coverage edge remover triggered 782 times
  0:00:36.625    75M / 517M  INFO    General                 (simplification.cpp        : 402)   PROCEDURE == Simplification cycle, iteration 7
  0:00:36.626    75M / 517M  INFO   Simplification           (parallel_processing.hpp   : 168)   Running Tip clipper
  0:00:36.626    75M / 517M  INFO   Simplification           (parallel_processing.hpp   : 171)   Tip clipper triggered 1 times
  0:00:36.626    75M / 517M  INFO   Simplification           (parallel_processing.hpp   : 168)   Running Bulge remover
  0:00:36.637    75M / 517M  INFO   Simplification           (parallel_processing.hpp   : 171)   Bulge remover triggered 121 times
  0:00:36.638    75M / 517M  INFO   Simplification           (parallel_processing.hpp   : 168)   Running Low coverage edge remover
  0:00:36.643    75M / 517M  INFO   Simplification           (parallel_processing.hpp   : 171)   Low coverage edge remover triggered 726 times
  0:00:36.643    75M / 517M  INFO    General                 (simplification.cpp        : 402)   PROCEDURE == Simplification cycle, iteration 8
  0:00:36.643    75M / 517M  INFO   Simplification           (parallel_processing.hpp   : 168)   Running Tip clipper
  0:00:36.644    75M / 517M  INFO   Simplification           (parallel_processing.hpp   : 171)   Tip clipper triggered 0 times
  0:00:36.644    75M / 517M  INFO   Simplification           (parallel_processing.hpp   : 168)   Running Bulge remover
  0:00:36.653    75M / 517M  INFO   Simplification           (parallel_processing.hpp   : 171)   Bulge remover triggered 153 times
  0:00:36.654    75M / 517M  INFO   Simplification           (parallel_processing.hpp   : 168)   Running Low coverage edge remover
  0:00:36.658    75M / 517M  INFO   Simplification           (parallel_processing.hpp   : 171)   Low coverage edge remover triggered 537 times
  0:00:36.659    75M / 517M  INFO    General                 (simplification.cpp        : 402)   PROCEDURE == Simplification cycle, iteration 9
  0:00:36.659    75M / 517M  INFO   Simplification           (parallel_processing.hpp   : 168)   Running Tip clipper
  0:00:36.659    75M / 517M  INFO   Simplification           (parallel_processing.hpp   : 171)   Tip clipper triggered 0 times
  0:00:36.659    75M / 517M  INFO   Simplification           (parallel_processing.hpp   : 168)   Running Bulge remover
  0:00:36.666    75M / 517M  INFO   Simplification           (parallel_processing.hpp   : 171)   Bulge remover triggered 106 times
  0:00:36.668    75M / 517M  INFO   Simplification           (parallel_processing.hpp   : 168)   Running Low coverage edge remover
  0:00:36.672    74M / 517M  INFO   Simplification           (parallel_processing.hpp   : 171)   Low coverage edge remover triggered 407 times
  0:00:36.672    74M / 517M  INFO    General                 (simplification.cpp        : 402)   PROCEDURE == Simplification cycle, iteration 10
  0:00:36.673    74M / 517M  INFO   Simplification           (parallel_processing.hpp   : 168)   Running Tip clipper
  0:00:36.673    74M / 517M  INFO   Simplification           (parallel_processing.hpp   : 171)   Tip clipper triggered 0 times
  0:00:36.673    74M / 517M  INFO   Simplification           (parallel_processing.hpp   : 168)   Running Bulge remover
  0:00:36.678    74M / 517M  INFO   Simplification           (parallel_processing.hpp   : 171)   Bulge remover triggered 65 times
  0:00:36.679    74M / 517M  INFO   Simplification           (parallel_processing.hpp   : 168)   Running Low coverage edge remover
  0:00:36.683    74M / 517M  INFO   Simplification           (parallel_processing.hpp   : 171)   Low coverage edge remover triggered 364 times
  0:00:36.684    74M / 517M  INFO    General                 (simplification.cpp        : 402)   PROCEDURE == Simplification cycle, iteration 11
  0:00:36.684    74M / 517M  INFO   Simplification           (parallel_processing.hpp   : 168)   Running Tip clipper
  0:00:36.701    74M / 517M  INFO   Simplification           (parallel_processing.hpp   : 171)   Tip clipper triggered 1 times
  0:00:36.701    74M / 517M  INFO   Simplification           (parallel_processing.hpp   : 168)   Running Bulge remover
  0:00:36.724    74M / 517M  INFO   Simplification           (parallel_processing.hpp   : 171)   Bulge remover triggered 145 times
  0:00:36.725    74M / 517M  INFO   Simplification           (parallel_processing.hpp   : 168)   Running Low coverage edge remover
  0:00:36.731    74M / 517M  INFO   Simplification           (parallel_processing.hpp   : 171)   Low coverage edge remover triggered 0 times
  0:00:36.731    74M / 517M  INFO    General                 (simplification.cpp        : 402)   PROCEDURE == Simplification cycle, iteration 12
  0:00:36.734    74M / 517M  INFO   Simplification           (parallel_processing.hpp   : 168)   Running Tip clipper
  0:00:36.735    74M / 517M  INFO   Simplification           (parallel_processing.hpp   : 171)   Tip clipper triggered 0 times
  0:00:36.735    74M / 517M  INFO   Simplification           (parallel_processing.hpp   : 168)   Running Bulge remover
  0:00:36.735    74M / 517M  INFO   Simplification           (parallel_processing.hpp   : 171)   Bulge remover triggered 0 times
  0:00:36.735    74M / 517M  INFO   Simplification           (parallel_processing.hpp   : 168)   Running Low coverage edge remover
  0:00:36.735    74M / 517M  INFO   Simplification           (parallel_processing.hpp   : 171)   Low coverage edge remover triggered 0 times
  0:00:36.740    63M / 517M  INFO   StageManager             (stage.cpp                 : 212)   STAGE == Simplification Cleanup (id: simplification_cleanup)
  0:00:36.740    63M / 517M  INFO    General                 (simplification.cpp        : 189)   PROCEDURE == Post simplification
  0:00:36.740    63M / 517M  INFO    General                 (graph_simplification.hpp  : 455)   Disconnection of relatively low covered edges disabled
  0:00:36.741    63M / 517M  INFO    General                 (graph_simplification.hpp  : 494)   Complex tip clipping disabled
  0:00:36.741    63M / 517M  INFO    General                 (graph_simplification.hpp  : 646)   Creating parallel br instance
  0:00:36.741    63M / 517M  INFO   Simplification           (parallel_processing.hpp   : 168)   Running Tip clipper
  0:00:36.748    63M / 517M  INFO   Simplification           (parallel_processing.hpp   : 171)   Tip clipper triggered 0 times
  0:00:36.749    63M / 517M  INFO   Simplification           (parallel_processing.hpp   : 168)   Running Bulge remover
  0:00:36.774    64M / 517M  INFO   Simplification           (parallel_processing.hpp   : 171)   Bulge remover triggered 2 times
  0:00:36.774    64M / 517M  INFO   Simplification           (parallel_processing.hpp   : 168)   Running Tip clipper
  0:00:36.781    64M / 517M  INFO   Simplification           (parallel_processing.hpp   : 171)   Tip clipper triggered 0 times
  0:00:36.782    64M / 517M  INFO   Simplification           (parallel_processing.hpp   : 168)   Running Bulge remover
  0:00:36.807    64M / 517M  INFO   Simplification           (parallel_processing.hpp   : 171)   Bulge remover triggered 0 times
  0:00:36.809    64M / 517M  INFO    General                 (simplification.cpp        : 348)   Disrupting self-conjugate edges
  0:00:36.845    64M / 517M  INFO   Simplification           (parallel_processing.hpp   : 168)   Running Removing isolated edges
  0:00:36.881    63M / 517M  INFO   Simplification           (parallel_processing.hpp   : 171)   Removing isolated edges triggered 41391 times
  0:00:36.885    61M / 517M  INFO    General                 (simplification.cpp        : 508)   After simplification:
  0:00:36.885    61M / 517M  INFO    General                 (simplification.cpp        : 509)     Average coverage = 3.28147
  0:00:36.888    61M / 517M  INFO    General                 (simplification.cpp        : 510)     Total length = 4091169
  0:00:36.894    61M / 517M  INFO    General                 (simplification.cpp        : 511)     Median edge length: 253
  0:00:36.895    61M / 517M  INFO    General                 (simplification.cpp        : 512)     Edges: 45246
  0:00:36.897    61M / 517M  INFO    General                 (simplification.cpp        : 513)     Vertices: 63916
  0:00:36.897    61M / 517M  WARN    General                 (simplification.cpp        : 517)   The determined erroneous connection coverage threshold may be determined improperly
  0:00:36.897    61M / 517M  INFO   StageManager             (stage.cpp                 : 212)   STAGE == Contig Output (id: contig_output)
  0:00:36.897    61M / 517M  INFO    General                 (read_converter.cpp        : 135)   Outputting contigs to "/workspaces/Coptis_Genomic_Insights/Output/K21/simplified_contigs"
  0:00:36.907    65M / 517M  INFO    General                 (binary_converter.cpp      : 127)   16384 reads processed
  0:00:36.922    65M / 517M  INFO    General                 (binary_converter.cpp      : 143)   22631 reads written
  0:00:36.925    61M / 517M  INFO    General                 (pipeline.cpp              : 303)   SPAdes finished
  0:00:36.938     1M / 517M  INFO    General                 (main.cpp                  : 131)   Assembling time: 0 hours 0 minutes 36 seconds

===== K21 finished. 


===== K33 started. 


== Running: /opt/conda/bin/spades-core /workspaces/Coptis_Genomic_Insights/Output/K33/configs/config.info /workspaces/Coptis_Genomic_Insights/Output/K33/configs/careful_mode.info

  0:00:00.000     1M / 20M   INFO    General                 (main.cpp                  :  94)   Loaded config from "/workspaces/Coptis_Genomic_Insights/Output/K33/configs/config.info"
  0:00:00.000     1M / 20M   INFO    General                 (main.cpp                  :  94)   Loaded config from "/workspaces/Coptis_Genomic_Insights/Output/K33/configs/careful_mode.info"
  0:00:00.000     1M / 20M   INFO    General                 (memory_limit.cpp          :  55)   Memory limit set to 16 Gb
  0:00:00.000     1M / 20M   INFO    General                 (main.cpp                  : 102)   Starting SPAdes, built from N/A, git revision N/A
  0:00:00.000     1M / 20M   INFO    General                 (main.cpp                  : 103)   Maximum k-mer length: 128
  0:00:00.000     1M / 20M   INFO    General                 (main.cpp                  : 104)   Assembling dataset ("/workspaces/Coptis_Genomic_Insights/Output/dataset.info") with K=33
  0:00:00.000     1M / 20M   INFO    General                 (main.cpp                  : 105)   Maximum # of threads to use (adjusted due to OMP capabilities): 2
  0:00:00.000     1M / 20M   INFO    General                 (pipeline.cpp              : 221)   SPAdes started
  0:00:00.000     1M / 20M   INFO    General                 (pipeline.cpp              : 234)   Starting from stage: read_conversion
  0:00:00.000     1M / 20M   INFO    General                 (pipeline.cpp              : 245)   Two-step repeat resolution disabled
  0:00:00.000     1M / 20M   INFO   GraphCore                (graph_core.hpp            : 689)   Graph created, vertex min_id: 3, edge min_id: 3
  0:00:00.000     1M / 20M   INFO   GraphCore                (graph_core.hpp            : 690)   Vertex size: 48, edge size: 40
  0:00:00.001     1M / 20M   INFO    General                 (edge_index.hpp            : 132)   Size of edge index entries: 12/8
  0:00:00.001     1M / 20M   INFO   StageManager             (stage.cpp                 : 212)   STAGE == Binary Read Conversion (id: read_conversion)
  0:00:00.001     1M / 20M   INFO    General                 (read_converter.cpp        :  57)   Binary reads detected
  0:00:00.031     1M / 20M   INFO   StageManager             (stage.cpp                 : 212)   STAGE == de Bruijn graph construction (id: construction)
  0:00:00.031     1M / 20M   INFO    General                 (construction.cpp          : 115)   Contigs from previous K will be used: /workspaces/Coptis_Genomic_Insights/Output/K21/simplified_contigs
  0:00:00.031     1M / 20M   INFO    General                 (construction.cpp          : 150)   Max read length 150
  0:00:00.031     1M / 20M   INFO    General                 (construction.cpp          : 156)   Average read length 149.956
  0:00:00.031     1M / 20M   INFO    General                 (stage.cpp                 : 121)   PROCEDURE == k+1-mer counting (id: construction:kpomer_counting)
  0:00:00.031     1M / 20M   INFO    General                 (kmer_index_builder.hpp    : 308)   Splitting kmer instances into 20 files using 2 threads. This might take a while.
  0:00:00.033     1M / 20M   INFO    General                 (file_limit.hpp            :  43)   Open file limit set to 1048576
  0:00:00.033     1M / 20M   INFO    General                 (kmer_splitter.hpp         :  96)   Memory available for splitting buffers: 2.66664 Gb
  0:00:00.033     1M / 20M   INFO    General                 (kmer_splitter.hpp         : 104)   Using cell size of 1677721
  0:00:02.289  1161M / 1161M INFO    General                 (kmer_splitters.hpp        : 128)   Processed 438706 reads
  0:00:02.289     1M / 541M  INFO    General                 (kmer_splitters.hpp        : 134)   Used 438706 reads
  0:00:02.291     1M / 541M  INFO    General                 (kmer_index_builder.hpp    : 314)   Starting k-mer counting.
  0:00:02.617     1M / 541M  INFO    General                 (kmer_index_builder.hpp    : 325)   K-mer counting done. There are 16032160 kmers in total.
  0:00:02.618     1M / 541M  INFO    General                 (stage.cpp                 : 121)   PROCEDURE == Extension index construction (id: construction:extension_index_construction)
  0:00:02.618     1M / 541M  INFO   K-mer Index Building     (kmer_index_builder.hpp    : 503)   Building kmer index
  0:00:02.618     1M / 541M  INFO    General                 (kmer_index_builder.hpp    : 308)   Splitting kmer instances into 20 files using 2 threads. This might take a while.
  0:00:02.619     1M / 541M  INFO    General                 (file_limit.hpp            :  43)   Open file limit set to 1048576
  0:00:02.620     1M / 541M  INFO    General                 (kmer_splitter.hpp         :  96)   Memory available for splitting buffers: 2.66663 Gb
  0:00:02.620     1M / 541M  INFO    General                 (kmer_splitter.hpp         : 104)   Using cell size of 1677721
  0:00:05.856  1161M / 1161M INFO    General                 (kmer_splitters.hpp        : 197)   Processed 16032160 kmers
  0:00:05.856  1161M / 1161M INFO    General                 (kmer_splitters.hpp        : 202)   Used 16032160 kmers.
  0:00:05.856     1M / 871M  INFO    General                 (kmer_index_builder.hpp    : 314)   Starting k-mer counting.
  0:00:06.135     1M / 871M  INFO    General                 (kmer_index_builder.hpp    : 325)   K-mer counting done. There are 16064209 kmers in total.
  0:00:06.135     1M / 871M  INFO   K-mer Index Building     (kmer_index_builder.hpp    : 460)   Building perfect hash indices
  0:00:07.333    12M / 871M  INFO   K-mer Index Building     (kmer_index_builder.hpp    : 496)   Index built. Total 16064209 kmers, 11617384 bytes occupied (5.78547 bits per kmer).
  0:00:07.333    12M / 871M  INFO    General                 (kmer_index_builder.hpp    : 191)   Merging final buckets.
  0:00:07.839    28M / 871M  INFO   DeBruijnExtensionIndexBu (kmer_extension_index_build: 101)   Building k-mer extensions from k+1-mers
  0:00:11.442    28M / 871M  INFO   DeBruijnExtensionIndexBu (kmer_extension_index_build: 106)   Building k-mer extensions from k+1-mers finished.
  0:00:11.472    28M / 871M  INFO    General                 (stage.cpp                 : 121)   PROCEDURE == Early tip clipping (id: construction:early_tip_clipper)
  0:00:11.474    28M / 871M  INFO    General                 (construction.cpp          : 298)   Early tip clipper length bound set as (RL - K)
  0:00:11.479    28M / 871M  INFO   Early tip clipping       (early_simplification.hpp  :  48)   Early tip clipping
  0:00:16.039    38M / 871M  INFO   Early tip clipping       (early_simplification.hpp  :  83)   #tipped junctions: 91075
  0:00:16.103    38M / 871M  INFO   Early tip clipping       (early_simplification.hpp  :  94)   Clipped tips: 92146
  0:00:16.127    28M / 871M  INFO   Early tip clipping       (early_simplification.hpp  :  50)   3008078 34-mers were removed by early tip clipper
  0:00:16.129    28M / 871M  INFO    General                 (stage.cpp                 : 121)   PROCEDURE == Condensing graph (id: construction:graph_condensing)
  0:00:16.131    28M / 871M  INFO   UnbranchingPathExtractor (debruijn_graph_constructor: 324)   Extracting unbranching paths
  0:00:21.114    39M / 871M  INFO   UnbranchingPathExtractor (debruijn_graph_constructor: 348)   Extracting unbranching paths finished. 193974 sequences extracted
  0:00:23.357    39M / 871M  INFO   UnbranchingPathExtractor (debruijn_graph_constructor: 362)   Collecting perfect loops
  0:00:24.199    40M / 871M  INFO   UnbranchingPathExtractor (debruijn_graph_constructor: 395)   Collecting perfect loops finished. 245 loops collected
  0:00:24.215    39M / 871M  INFO   DeBruijnGraphConstructor (debruijn_graph_constructor: 593)   Sorting edges...
  0:00:24.241    39M / 871M  INFO   DeBruijnGraphConstructor (debruijn_graph_constructor: 598)   Edges sorted
  0:00:24.241    39M / 871M  INFO    General                 (debruijn_graph_constructor: 511)   Total 388438 edges to create
  0:00:24.241    54M / 871M  INFO    General                 (debruijn_graph_constructor: 514)   Collecting link records
  0:00:24.313    60M / 871M  INFO    General                 (debruijn_graph_constructor: 519)   Ordering link records
  0:00:24.343    60M / 871M  INFO    General                 (debruijn_graph_constructor: 525)   Sorting done
  0:00:24.345    62M / 871M  INFO    General                 (debruijn_graph_constructor: 538)   Sorting LinkRecords...
  0:00:24.373    62M / 871M  INFO    General                 (debruijn_graph_constructor: 544)   LinkRecords sorted
  0:00:24.375    62M / 871M  INFO    General                 (debruijn_graph_constructor: 546)   Total 226268 vertices to create
  0:00:24.375    83M / 871M  INFO    General                 (debruijn_graph_constructor: 549)   Connecting the graph
  0:00:24.435    72M / 871M  INFO    General                 (stage.cpp                 : 121)   PROCEDURE == Filling coverage indices (PHM) (id: construction:coverage_filling_phm)
  0:00:24.435    72M / 871M  INFO   K-mer Index Building     (kmer_index_builder.hpp    : 460)   Building perfect hash indices
  0:00:25.787    84M / 871M  INFO   K-mer Index Building     (kmer_index_builder.hpp    : 496)   Index built. Total 16032160 kmers, 11594208 bytes occupied (5.78548 bits per kmer).
  0:00:25.838   148M / 871M  INFO    General                 (coverage_hash_map_builder.:  49)   Collecting k-mer coverage information from reads, this takes a while.
  0:00:29.331   148M / 871M  INFO    General                 (construction.cpp          : 400)   Filling coverage and flanking coverage from PHM
  0:00:32.398   148M / 871M  INFO    General                 (coverage_filling.hpp      :  83)   Processed 388415 edges
  0:00:32.527    45M / 871M  INFO   StageManager             (stage.cpp                 : 212)   STAGE == EC Threshold Finding (id: ec_threshold_finder)
  0:00:32.528    45M / 871M  INFO    General                 (kmer_coverage_model.cpp   : 182)   Kmer coverage valley at: 49
  0:00:32.528    45M / 871M  INFO    General                 (kmer_coverage_model.cpp   : 202)   K-mer histogram maximum: 51
  0:00:32.528    45M / 871M  INFO    General                 (kmer_coverage_model.cpp   : 238)   Estimated median coverage: 52. Coverage mad: 2.9652
  0:00:32.528    45M / 871M  INFO    General                 (kmer_coverage_model.cpp   : 260)   Fitting coverage model
  0:00:32.569    45M / 871M  INFO    General                 (kmer_coverage_model.cpp   : 296)   ... iteration 2
  0:00:32.649    45M / 871M  INFO    General                 (kmer_coverage_model.cpp   : 296)   ... iteration 4
  0:00:32.782    45M / 871M  INFO    General                 (kmer_coverage_model.cpp   : 296)   ... iteration 8
  0:00:34.076    45M / 871M  INFO    General                 (kmer_coverage_model.cpp   : 310)   Fitted mean coverage: 14. Fitted coverage std. dev: 1.33775e-309
  0:00:34.077    45M / 871M  WARN    General                 (kmer_coverage_model.cpp   : 328)   Valley value was estimated improperly, reset to 7
  0:00:34.077    45M / 871M  INFO    General                 (kmer_coverage_model.cpp   : 335)   Probability of erroneous kmer at valley: 1
  0:00:34.078    45M / 871M  INFO    General                 (kmer_coverage_model.cpp   : 359)   Preliminary threshold calculated as: 14
  0:00:34.078    45M / 871M  INFO    General                 (kmer_coverage_model.cpp   : 363)   Threshold adjusted to: 10
  0:00:34.078    45M / 871M  INFO    General                 (kmer_coverage_model.cpp   : 376)   Estimated genome size (ignoring repeats): 212976
  0:00:34.078    45M / 871M  INFO    General                 (genomic_info_filler.cpp   :  56)   Mean coverage was calculated as 14
  0:00:34.078    45M / 871M  INFO    General                 (genomic_info_filler.cpp   :  71)   EC coverage threshold value was calculated as 10
  0:00:34.078    45M / 871M  INFO    General                 (genomic_info_filler.cpp   :  72)   Trusted kmer low bound: 0
  0:00:34.078    45M / 871M  INFO   StageManager             (stage.cpp                 : 212)   STAGE == Raw Simplification (id: raw_simplification)
  0:00:34.078    45M / 871M  INFO    General                 (simplification.cpp        : 129)   PROCEDURE == Initial cleaning
  0:00:34.078    45M / 871M  INFO    General                 (graph_simplification.hpp  : 674)   Flanking coverage based disconnection disabled
  0:00:34.078    45M / 871M  INFO   Simplification           (parallel_processing.hpp   : 168)   Running Self conjugate edge remover
  0:00:34.095    45M / 871M  INFO   Simplification           (parallel_processing.hpp   : 171)   Self conjugate edge remover triggered 4 times
  0:00:34.095    45M / 871M  INFO   StageManager             (stage.cpp                 : 212)   STAGE == Simplification (id: simplification)
  0:00:34.095    45M / 871M  INFO    General                 (simplification.cpp        : 397)   Graph simplification started
  0:00:34.095    45M / 871M  INFO    General                 (graph_simplification.hpp  : 646)   Creating parallel br instance
  0:00:34.095    45M / 871M  INFO    General                 (simplification.cpp        : 402)   PROCEDURE == Simplification cycle, iteration 1
  0:00:34.095    45M / 871M  INFO   Simplification           (parallel_processing.hpp   : 168)   Running Tip clipper
  0:00:34.139    44M / 871M  INFO   Simplification           (parallel_processing.hpp   : 171)   Tip clipper triggered 6953 times
  0:00:34.140    44M / 871M  INFO   Simplification           (parallel_processing.hpp   : 168)   Running Bulge remover
  0:00:34.592    48M / 871M  INFO   Simplification           (parallel_processing.hpp   : 171)   Bulge remover triggered 9308 times
  0:00:34.593    48M / 871M  INFO   Simplification           (parallel_processing.hpp   : 168)   Running Low coverage edge remover
  0:00:34.699    49M / 871M  INFO   Simplification           (parallel_processing.hpp   : 171)   Low coverage edge remover triggered 13650 times
  0:00:34.701    49M / 871M  INFO    General                 (simplification.cpp        : 402)   PROCEDURE == Simplification cycle, iteration 2
  0:00:34.702    49M / 871M  INFO   Simplification           (parallel_processing.hpp   : 168)   Running Tip clipper
  0:00:34.725    49M / 871M  INFO   Simplification           (parallel_processing.hpp   : 171)   Tip clipper triggered 2110 times
  0:00:34.725    49M / 871M  INFO   Simplification           (parallel_processing.hpp   : 168)   Running Bulge remover
  0:00:34.828    48M / 871M  INFO   Simplification           (parallel_processing.hpp   : 171)   Bulge remover triggered 1856 times
  0:00:34.828    48M / 871M  INFO   Simplification           (parallel_processing.hpp   : 168)   Running Low coverage edge remover
  0:00:34.872    47M / 871M  INFO   Simplification           (parallel_processing.hpp   : 171)   Low coverage edge remover triggered 5795 times
  0:00:34.873    47M / 871M  INFO    General                 (simplification.cpp        : 402)   PROCEDURE == Simplification cycle, iteration 3
  0:00:34.873    47M / 871M  INFO   Simplification           (parallel_processing.hpp   : 168)   Running Tip clipper
  0:00:34.879    47M / 871M  INFO   Simplification           (parallel_processing.hpp   : 171)   Tip clipper triggered 349 times
  0:00:34.879    47M / 871M  INFO   Simplification           (parallel_processing.hpp   : 168)   Running Bulge remover
  0:00:34.910    46M / 871M  INFO   Simplification           (parallel_processing.hpp   : 171)   Bulge remover triggered 709 times
  0:00:34.911    46M / 871M  INFO   Simplification           (parallel_processing.hpp   : 168)   Running Low coverage edge remover
  0:00:34.924    46M / 871M  INFO   Simplification           (parallel_processing.hpp   : 171)   Low coverage edge remover triggered 1573 times
  0:00:34.924    46M / 871M  INFO    General                 (simplification.cpp        : 402)   PROCEDURE == Simplification cycle, iteration 4
  0:00:34.924    46M / 871M  INFO   Simplification           (parallel_processing.hpp   : 168)   Running Tip clipper
  0:00:34.926    46M / 871M  INFO   Simplification           (parallel_processing.hpp   : 171)   Tip clipper triggered 27 times
  0:00:34.926    46M / 871M  INFO   Simplification           (parallel_processing.hpp   : 168)   Running Bulge remover
  0:00:34.940    46M / 871M  INFO   Simplification           (parallel_processing.hpp   : 171)   Bulge remover triggered 281 times
  0:00:34.940    46M / 871M  INFO   Simplification           (parallel_processing.hpp   : 168)   Running Low coverage edge remover
  0:00:34.947    46M / 871M  INFO   Simplification           (parallel_processing.hpp   : 171)   Low coverage edge remover triggered 816 times
  0:00:34.949    46M / 871M  INFO    General                 (simplification.cpp        : 402)   PROCEDURE == Simplification cycle, iteration 5
  0:00:34.950    46M / 871M  INFO   Simplification           (parallel_processing.hpp   : 168)   Running Tip clipper
  0:00:34.951    46M / 871M  INFO   Simplification           (parallel_processing.hpp   : 171)   Tip clipper triggered 4 times
  0:00:34.951    46M / 871M  INFO   Simplification           (parallel_processing.hpp   : 168)   Running Bulge remover
  0:00:34.960    46M / 871M  INFO   Simplification           (parallel_processing.hpp   : 171)   Bulge remover triggered 157 times
  0:00:34.960    46M / 871M  INFO   Simplification           (parallel_processing.hpp   : 168)   Running Low coverage edge remover
  0:00:34.965    46M / 871M  INFO   Simplification           (parallel_processing.hpp   : 171)   Low coverage edge remover triggered 535 times
  0:00:34.965    46M / 871M  INFO    General                 (simplification.cpp        : 402)   PROCEDURE == Simplification cycle, iteration 6
  0:00:34.965    46M / 871M  INFO   Simplification           (parallel_processing.hpp   : 168)   Running Tip clipper
  0:00:34.966    46M / 871M  INFO   Simplification           (parallel_processing.hpp   : 171)   Tip clipper triggered 5 times
  0:00:34.966    46M / 871M  INFO   Simplification           (parallel_processing.hpp   : 168)   Running Bulge remover
  0:00:34.972    46M / 871M  INFO   Simplification           (parallel_processing.hpp   : 171)   Bulge remover triggered 98 times
  0:00:34.972    46M / 871M  INFO   Simplification           (parallel_processing.hpp   : 168)   Running Low coverage edge remover
  0:00:34.976    45M / 871M  INFO   Simplification           (parallel_processing.hpp   : 171)   Low coverage edge remover triggered 395 times
  0:00:34.976    45M / 871M  INFO    General                 (simplification.cpp        : 402)   PROCEDURE == Simplification cycle, iteration 7
  0:00:34.976    45M / 871M  INFO   Simplification           (parallel_processing.hpp   : 168)   Running Tip clipper
  0:00:34.977    45M / 871M  INFO   Simplification           (parallel_processing.hpp   : 171)   Tip clipper triggered 1 times
  0:00:34.977    45M / 871M  INFO   Simplification           (parallel_processing.hpp   : 168)   Running Bulge remover
  0:00:34.981    45M / 871M  INFO   Simplification           (parallel_processing.hpp   : 171)   Bulge remover triggered 71 times
  0:00:34.981    45M / 871M  INFO   Simplification           (parallel_processing.hpp   : 168)   Running Low coverage edge remover
  0:00:34.984    45M / 871M  INFO   Simplification           (parallel_processing.hpp   : 171)   Low coverage edge remover triggered 250 times
  0:00:34.984    45M / 871M  INFO    General                 (simplification.cpp        : 402)   PROCEDURE == Simplification cycle, iteration 8
  0:00:34.984    45M / 871M  INFO   Simplification           (parallel_processing.hpp   : 168)   Running Tip clipper
  0:00:34.985    45M / 871M  INFO   Simplification           (parallel_processing.hpp   : 171)   Tip clipper triggered 1 times
  0:00:34.985    45M / 871M  INFO   Simplification           (parallel_processing.hpp   : 168)   Running Bulge remover
  0:00:34.987    45M / 871M  INFO   Simplification           (parallel_processing.hpp   : 171)   Bulge remover triggered 32 times
  0:00:34.987    45M / 871M  INFO   Simplification           (parallel_processing.hpp   : 168)   Running Low coverage edge remover
  0:00:34.990    45M / 871M  INFO   Simplification           (parallel_processing.hpp   : 171)   Low coverage edge remover triggered 221 times
  0:00:34.990    45M / 871M  INFO    General                 (simplification.cpp        : 402)   PROCEDURE == Simplification cycle, iteration 9
  0:00:34.990    45M / 871M  INFO   Simplification           (parallel_processing.hpp   : 168)   Running Tip clipper
  0:00:34.991    45M / 871M  INFO   Simplification           (parallel_processing.hpp   : 171)   Tip clipper triggered 1 times
  0:00:34.992    45M / 871M  INFO   Simplification           (parallel_processing.hpp   : 168)   Running Bulge remover
  0:00:34.994    45M / 871M  INFO   Simplification           (parallel_processing.hpp   : 171)   Bulge remover triggered 33 times
  0:00:34.994    45M / 871M  INFO   Simplification           (parallel_processing.hpp   : 168)   Running Low coverage edge remover
  0:00:34.996    45M / 871M  INFO   Simplification           (parallel_processing.hpp   : 171)   Low coverage edge remover triggered 175 times
  0:00:34.996    45M / 871M  INFO    General                 (simplification.cpp        : 402)   PROCEDURE == Simplification cycle, iteration 10
  0:00:34.997    45M / 871M  INFO   Simplification           (parallel_processing.hpp   : 168)   Running Tip clipper
  0:00:34.997    45M / 871M  INFO   Simplification           (parallel_processing.hpp   : 171)   Tip clipper triggered 0 times
  0:00:34.997    45M / 871M  INFO   Simplification           (parallel_processing.hpp   : 168)   Running Bulge remover
  0:00:34.999    45M / 871M  INFO   Simplification           (parallel_processing.hpp   : 171)   Bulge remover triggered 20 times
  0:00:34.999    45M / 871M  INFO   Simplification           (parallel_processing.hpp   : 168)   Running Low coverage edge remover
  0:00:35.001    45M / 871M  INFO   Simplification           (parallel_processing.hpp   : 171)   Low coverage edge remover triggered 153 times
  0:00:35.001    45M / 871M  INFO    General                 (simplification.cpp        : 402)   PROCEDURE == Simplification cycle, iteration 11
  0:00:35.002    45M / 871M  INFO   Simplification           (parallel_processing.hpp   : 168)   Running Tip clipper
  0:00:35.008    45M / 871M  INFO   Simplification           (parallel_processing.hpp   : 171)   Tip clipper triggered 0 times
  0:00:35.008    45M / 871M  INFO   Simplification           (parallel_processing.hpp   : 168)   Running Bulge remover
  0:00:35.021    45M / 871M  INFO   Simplification           (parallel_processing.hpp   : 171)   Bulge remover triggered 63 times
  0:00:35.023    45M / 871M  INFO   Simplification           (parallel_processing.hpp   : 168)   Running Low coverage edge remover
  0:00:35.033    45M / 871M  INFO   Simplification           (parallel_processing.hpp   : 171)   Low coverage edge remover triggered 0 times
  0:00:35.033    45M / 871M  INFO    General                 (simplification.cpp        : 402)   PROCEDURE == Simplification cycle, iteration 12
  0:00:35.033    45M / 871M  INFO   Simplification           (parallel_processing.hpp   : 168)   Running Tip clipper
  0:00:35.033    45M / 871M  INFO   Simplification           (parallel_processing.hpp   : 171)   Tip clipper triggered 0 times
  0:00:35.033    45M / 871M  INFO   Simplification           (parallel_processing.hpp   : 168)   Running Bulge remover
  0:00:35.033    45M / 871M  INFO   Simplification           (parallel_processing.hpp   : 171)   Bulge remover triggered 0 times
  0:00:35.033    45M / 871M  INFO   Simplification           (parallel_processing.hpp   : 168)   Running Low coverage edge remover
  0:00:35.033    45M / 871M  INFO   Simplification           (parallel_processing.hpp   : 171)   Low coverage edge remover triggered 0 times
  0:00:35.038    41M / 871M  INFO   StageManager             (stage.cpp                 : 212)   STAGE == Simplification Cleanup (id: simplification_cleanup)
  0:00:35.038    41M / 871M  INFO    General                 (simplification.cpp        : 189)   PROCEDURE == Post simplification
  0:00:35.039    41M / 871M  INFO    General                 (graph_simplification.hpp  : 455)   Disconnection of relatively low covered edges disabled
  0:00:35.039    41M / 871M  INFO    General                 (graph_simplification.hpp  : 494)   Complex tip clipping disabled
  0:00:35.039    41M / 871M  INFO    General                 (graph_simplification.hpp  : 646)   Creating parallel br instance
  0:00:35.039    41M / 871M  INFO   Simplification           (parallel_processing.hpp   : 168)   Running Tip clipper
  0:00:35.045    41M / 871M  INFO   Simplification           (parallel_processing.hpp   : 171)   Tip clipper triggered 0 times
  0:00:35.047    41M / 871M  INFO   Simplification           (parallel_processing.hpp   : 168)   Running Bulge remover
  0:00:35.056    41M / 871M  INFO   Simplification           (parallel_processing.hpp   : 171)   Bulge remover triggered 2 times
  0:00:35.057    41M / 871M  INFO   Simplification           (parallel_processing.hpp   : 168)   Running Tip clipper
  0:00:35.062    41M / 871M  INFO   Simplification           (parallel_processing.hpp   : 171)   Tip clipper triggered 0 times
  0:00:35.062    41M / 871M  INFO   Simplification           (parallel_processing.hpp   : 168)   Running Bulge remover
  0:00:35.072    41M / 871M  INFO   Simplification           (parallel_processing.hpp   : 171)   Bulge remover triggered 0 times
  0:00:35.072    41M / 871M  INFO    General                 (simplification.cpp        : 348)   Disrupting self-conjugate edges
  0:00:35.087    41M / 871M  INFO   Simplification           (parallel_processing.hpp   : 168)   Running Removing isolated edges
  0:00:35.122    39M / 871M  INFO   Simplification           (parallel_processing.hpp   : 171)   Removing isolated edges triggered 55702 times
  0:00:35.125    38M / 871M  INFO    General                 (simplification.cpp        : 508)   After simplification:
  0:00:35.125    38M / 871M  INFO    General                 (simplification.cpp        : 509)     Average coverage = 2.60793
  0:00:35.127    38M / 871M  INFO    General                 (simplification.cpp        : 510)     Total length = 4102824
  0:00:35.129    38M / 871M  INFO    General                 (simplification.cpp        : 511)     Median edge length: 244
  0:00:35.129    38M / 871M  INFO    General                 (simplification.cpp        : 512)     Edges: 34441
  0:00:35.129    38M / 871M  INFO    General                 (simplification.cpp        : 513)     Vertices: 59544
  0:00:35.129    38M / 871M  WARN    General                 (simplification.cpp        : 517)   The determined erroneous connection coverage threshold may be determined improperly
  0:00:35.130    38M / 871M  INFO   StageManager             (stage.cpp                 : 212)   STAGE == Contig Output (id: contig_output)
  0:00:35.130    38M / 871M  INFO    General                 (read_converter.cpp        : 135)   Outputting contigs to "/workspaces/Coptis_Genomic_Insights/Output/K33/simplified_contigs"
  0:00:35.135    42M / 871M  INFO    General                 (binary_converter.cpp      : 127)   16384 reads processed
  0:00:35.145    42M / 871M  INFO    General                 (binary_converter.cpp      : 143)   17223 reads written
  0:00:35.147    38M / 871M  INFO    General                 (pipeline.cpp              : 303)   SPAdes finished
  0:00:35.154     1M / 871M  INFO    General                 (main.cpp                  : 131)   Assembling time: 0 hours 0 minutes 35 seconds

===== K33 finished. 


===== K55 started. 


== Running: /opt/conda/bin/spades-core /workspaces/Coptis_Genomic_Insights/Output/K55/configs/config.info /workspaces/Coptis_Genomic_Insights/Output/K55/configs/careful_mode.info

  0:00:00.000     1M / 20M   INFO    General                 (main.cpp                  :  94)   Loaded config from "/workspaces/Coptis_Genomic_Insights/Output/K55/configs/config.info"
  0:00:00.000     1M / 20M   INFO    General                 (main.cpp                  :  94)   Loaded config from "/workspaces/Coptis_Genomic_Insights/Output/K55/configs/careful_mode.info"
  0:00:00.000     1M / 20M   INFO    General                 (memory_limit.cpp          :  55)   Memory limit set to 16 Gb
  0:00:00.000     1M / 20M   INFO    General                 (main.cpp                  : 102)   Starting SPAdes, built from N/A, git revision N/A
  0:00:00.000     1M / 20M   INFO    General                 (main.cpp                  : 103)   Maximum k-mer length: 128
  0:00:00.000     1M / 20M   INFO    General                 (main.cpp                  : 104)   Assembling dataset ("/workspaces/Coptis_Genomic_Insights/Output/dataset.info") with K=55
  0:00:00.000     1M / 20M   INFO    General                 (main.cpp                  : 105)   Maximum # of threads to use (adjusted due to OMP capabilities): 2
  0:00:00.000     1M / 20M   INFO    General                 (pipeline.cpp              : 221)   SPAdes started
  0:00:00.000     1M / 20M   INFO    General                 (pipeline.cpp              : 234)   Starting from stage: read_conversion
  0:00:00.000     1M / 20M   INFO    General                 (pipeline.cpp              : 245)   Two-step repeat resolution disabled
  0:00:00.000     1M / 20M   INFO   GraphCore                (graph_core.hpp            : 689)   Graph created, vertex min_id: 3, edge min_id: 3
  0:00:00.000     1M / 20M   INFO   GraphCore                (graph_core.hpp            : 690)   Vertex size: 48, edge size: 40
  0:00:00.000     1M / 20M   INFO    General                 (edge_index.hpp            : 132)   Size of edge index entries: 12/8
  0:00:00.000     1M / 20M   INFO    General                 (pipeline.cpp              : 256)   Will need read mapping, kmer mapper will be attached
  0:00:00.000     1M / 20M   INFO   StageManager             (stage.cpp                 : 212)   STAGE == Binary Read Conversion (id: read_conversion)
  0:00:00.000     1M / 20M   INFO    General                 (read_converter.cpp        :  57)   Binary reads detected
  0:00:00.023     1M / 20M   INFO   StageManager             (stage.cpp                 : 212)   STAGE == de Bruijn graph construction (id: construction)
  0:00:00.024     1M / 20M   INFO    General                 (construction.cpp          : 115)   Contigs from previous K will be used: /workspaces/Coptis_Genomic_Insights/Output/K33/simplified_contigs
  0:00:00.024     1M / 20M   INFO    General                 (construction.cpp          : 150)   Max read length 150
  0:00:00.024     1M / 20M   INFO    General                 (construction.cpp          : 156)   Average read length 149.956
  0:00:00.024     1M / 20M   INFO    General                 (stage.cpp                 : 121)   PROCEDURE == k+1-mer counting (id: construction:kpomer_counting)
  0:00:00.024     1M / 20M   INFO    General                 (kmer_index_builder.hpp    : 308)   Splitting kmer instances into 20 files using 2 threads. This might take a while.
  0:00:00.024     1M / 20M   INFO    General                 (file_limit.hpp            :  43)   Open file limit set to 1048576
  0:00:00.024     1M / 20M   INFO    General                 (kmer_splitter.hpp         :  96)   Memory available for splitting buffers: 2.66664 Gb
  0:00:00.024     1M / 20M   INFO    General                 (kmer_splitter.hpp         : 104)   Using cell size of 1677721
  0:00:02.165  1161M / 1161M INFO    General                 (kmer_splitters.hpp        : 128)   Processed 427890 reads
  0:00:02.166     1M / 415M  INFO    General                 (kmer_splitters.hpp        : 134)   Used 427890 reads
  0:00:02.191     1M / 415M  INFO    General                 (kmer_index_builder.hpp    : 314)   Starting k-mer counting.
  0:00:02.492     1M / 415M  INFO    General                 (kmer_index_builder.hpp    : 325)   K-mer counting done. There are 14585628 kmers in total.
  0:00:02.494     1M / 415M  INFO    General                 (stage.cpp                 : 121)   PROCEDURE == Extension index construction (id: construction:extension_index_construction)
  0:00:02.495     1M / 415M  INFO   K-mer Index Building     (kmer_index_builder.hpp    : 503)   Building kmer index
  0:00:02.495     1M / 415M  INFO    General                 (kmer_index_builder.hpp    : 308)   Splitting kmer instances into 20 files using 2 threads. This might take a while.
  0:00:02.496     1M / 415M  INFO    General                 (file_limit.hpp            :  43)   Open file limit set to 1048576
  0:00:02.496     1M / 415M  INFO    General                 (kmer_splitter.hpp         :  96)   Memory available for splitting buffers: 2.66663 Gb
  0:00:02.496     1M / 415M  INFO    General                 (kmer_splitter.hpp         : 104)   Using cell size of 1677721
  0:00:05.492  1161M / 1161M INFO    General                 (kmer_splitters.hpp        : 197)   Processed 14585628 kmers
  0:00:05.492  1161M / 1161M INFO    General                 (kmer_splitters.hpp        : 202)   Used 14585628 kmers.
  0:00:05.493     1M / 754M  INFO    General                 (kmer_index_builder.hpp    : 314)   Starting k-mer counting.
  0:00:05.751     1M / 754M  INFO    General                 (kmer_index_builder.hpp    : 325)   K-mer counting done. There are 14667907 kmers in total.
  0:00:05.752     1M / 754M  INFO   K-mer Index Building     (kmer_index_builder.hpp    : 460)   Building perfect hash indices
  0:00:06.900    11M / 754M  INFO   K-mer Index Building     (kmer_index_builder.hpp    : 496)   Index built. Total 14667907 kmers, 10609008 bytes occupied (5.78624 bits per kmer).
  0:00:06.900    11M / 754M  INFO    General                 (kmer_index_builder.hpp    : 191)   Merging final buckets.
  0:00:07.362    25M / 754M  INFO   DeBruijnExtensionIndexBu (kmer_extension_index_build: 101)   Building k-mer extensions from k+1-mers
  0:00:12.405    25M / 754M  INFO   DeBruijnExtensionIndexBu (kmer_extension_index_build: 106)   Building k-mer extensions from k+1-mers finished.
  0:00:12.422    25M / 754M  INFO    General                 (stage.cpp                 : 121)   PROCEDURE == Condensing graph (id: construction:graph_condensing)
  0:00:12.426    25M / 754M  INFO   UnbranchingPathExtractor (debruijn_graph_constructor: 324)   Extracting unbranching paths
  0:00:19.722    40M / 754M  INFO   UnbranchingPathExtractor (debruijn_graph_constructor: 348)   Extracting unbranching paths finished. 273801 sequences extracted
  0:00:22.079    40M / 754M  INFO   UnbranchingPathExtractor (debruijn_graph_constructor: 362)   Collecting perfect loops
  0:00:22.841    40M / 754M  INFO   UnbranchingPathExtractor (debruijn_graph_constructor: 395)   Collecting perfect loops finished. 6 loops collected
  0:00:22.859    40M / 754M  INFO   DeBruijnGraphConstructor (debruijn_graph_constructor: 593)   Sorting edges...
  0:00:22.895    40M / 754M  INFO   DeBruijnGraphConstructor (debruijn_graph_constructor: 598)   Edges sorted
  0:00:22.896    40M / 754M  INFO    General                 (debruijn_graph_constructor: 511)   Total 547614 edges to create
  0:00:22.896    61M / 754M  INFO    General                 (debruijn_graph_constructor: 514)   Collecting link records
  0:00:23.013    70M / 754M  INFO    General                 (debruijn_graph_constructor: 519)   Ordering link records
  0:00:23.064    70M / 754M  INFO    General                 (debruijn_graph_constructor: 525)   Sorting done
  0:00:23.067    74M / 754M  INFO    General                 (debruijn_graph_constructor: 538)   Sorting LinkRecords...
  0:00:23.101    74M / 754M  INFO    General                 (debruijn_graph_constructor: 544)   LinkRecords sorted
  0:00:23.101    74M / 754M  INFO    General                 (debruijn_graph_constructor: 546)   Total 356086 vertices to create
  0:00:23.102   110M / 754M  INFO    General                 (debruijn_graph_constructor: 549)   Connecting the graph
  0:00:23.160    93M / 754M  INFO    General                 (stage.cpp                 : 121)   PROCEDURE == Filling coverage indices (PHM) (id: construction:coverage_filling_phm)
  0:00:23.161    93M / 754M  INFO   K-mer Index Building     (kmer_index_builder.hpp    : 460)   Building perfect hash indices
  0:00:24.418   103M / 754M  INFO   K-mer Index Building     (kmer_index_builder.hpp    : 496)   Index built. Total 14585628 kmers, 10549600 bytes occupied (5.7863 bits per kmer).
  0:00:24.448   159M / 754M  INFO    General                 (coverage_hash_map_builder.:  49)   Collecting k-mer coverage information from reads, this takes a while.
  0:00:26.930   159M / 754M  INFO    General                 (construction.cpp          : 400)   Filling coverage and flanking coverage from PHM
  0:00:30.506   159M / 754M  INFO    General                 (coverage_filling.hpp      :  83)   Processed 547606 edges
  0:00:30.633    69M / 754M  INFO   StageManager             (stage.cpp                 : 212)   STAGE == EC Threshold Finding (id: ec_threshold_finder)
  0:00:30.634    69M / 754M  INFO    General                 (kmer_coverage_model.cpp   : 182)   Kmer coverage valley at: 52
  0:00:30.635    69M / 754M  INFO    General                 (kmer_coverage_model.cpp   : 202)   K-mer histogram maximum: 54
  0:00:30.636    69M / 754M  INFO    General                 (kmer_coverage_model.cpp   : 238)   Estimated median coverage: 55. Coverage mad: 2.9652
  0:00:30.636    69M / 754M  INFO    General                 (kmer_coverage_model.cpp   : 260)   Fitting coverage model
  0:00:30.676    69M / 754M  INFO    General                 (kmer_coverage_model.cpp   : 296)   ... iteration 2
  0:00:30.766    69M / 754M  INFO    General                 (kmer_coverage_model.cpp   : 296)   ... iteration 4
  0:00:30.974    69M / 754M  INFO    General                 (kmer_coverage_model.cpp   : 296)   ... iteration 8
  0:00:31.385    69M / 754M  INFO    General                 (kmer_coverage_model.cpp   : 296)   ... iteration 16
  0:00:32.550    69M / 754M  INFO    General                 (kmer_coverage_model.cpp   : 296)   ... iteration 32
  0:00:33.753    69M / 754M  INFO    General                 (kmer_coverage_model.cpp   : 296)   ... iteration 64
  0:00:33.754    69M / 754M  INFO    General                 (kmer_coverage_model.cpp   : 310)   Fitted mean coverage: 13.0458. Fitted coverage std. dev: 3.05667
  0:00:33.754    69M / 754M  WARN    General                 (kmer_coverage_model.cpp   : 328)   Valley value was estimated improperly, reset to 4
  0:00:33.755    69M / 754M  INFO    General                 (kmer_coverage_model.cpp   : 335)   Probability of erroneous kmer at valley: 1
  0:00:33.755    69M / 754M  WARN    General                 (kmer_coverage_model.cpp   : 367)   Failed to determine erroneous kmer threshold. Threshold set to: 4
  0:00:33.755    69M / 754M  INFO    General                 (kmer_coverage_model.cpp   : 376)   Estimated genome size (ignoring repeats): 422224
  0:00:33.756    69M / 754M  INFO    General                 (genomic_info_filler.cpp   :  58)   Failed to estimate mean coverage
  0:00:33.756    69M / 754M  INFO    General                 (genomic_info_filler.cpp   :  71)   EC coverage threshold value was calculated as 4
  0:00:33.756    69M / 754M  INFO    General                 (genomic_info_filler.cpp   :  72)   Trusted kmer low bound: 0
  0:00:33.756    69M / 754M  INFO   StageManager             (stage.cpp                 : 212)   STAGE == Gap Closer (id: early_gapcloser)
  0:00:33.758    82M / 754M  INFO    General                 (edge_index.hpp            : 132)   Size of edge index entries: 12/8
  0:00:33.825    91M / 754M  INFO    General                 (gap_closer.cpp            : 117)   Total edges in tip neighborhood: 288194 out of 547606, length: 22347177
  0:00:33.843    94M / 754M  INFO    General                 (edge_index.hpp            : 196)   Using small index (max_id = 550355)
  0:00:34.203    94M / 754M  INFO   K-mer Index Building     (kmer_index_builder.hpp    : 460)   Building perfect hash indices
  0:00:36.676   103M / 754M  INFO   K-mer Index Building     (kmer_index_builder.hpp    : 496)   Index built. Total 13041089 kmers, 9419856 bytes occupied (5.77857 bits per kmer).
  0:00:36.732   203M / 754M  INFO    General                 (edge_index_builders.hpp   : 266)   Collecting edge information from graph, this takes a while.
  0:00:38.562   200M / 754M  INFO    General                 (sequence_mapper_notifier.h:  80)   Starting sequence mapping
  0:00:39.892   206M / 754M  INFO    General                 (sequence_mapper_notifier.h: 120)   Total 97291 reads processed
  0:00:39.977   104M / 754M  INFO    General                 (gap_closer.cpp            : 505)   Initializing gap closer
  0:00:39.981   104M / 754M  INFO   GapCloser                (gap_closer.cpp            : 421)   Collecting gap candidates
  0:00:40.060   105M / 754M  INFO   GapCloser                (gap_closer.cpp            : 425)   Total 10614 tips collected, total 11038 connection candidates
  0:00:40.077   105M / 754M  INFO   GapCloser                (gap_closer.cpp            : 446)   Closing short gaps complete: filled 505 gaps after checking 10455 candidates
  0:00:40.092   104M / 754M  INFO    General                 (gap_closer.cpp            : 510)   Gap closer done
  0:00:40.112    69M / 754M  INFO   StageManager             (stage.cpp                 : 212)   STAGE == Raw Simplification (id: raw_simplification)
  0:00:40.112    69M / 754M  INFO    General                 (simplification.cpp        : 129)   PROCEDURE == Initial cleaning
  0:00:40.113    69M / 754M  INFO    General                 (graph_simplification.hpp  : 674)   Flanking coverage based disconnection disabled
  0:00:40.113    69M / 754M  INFO   Simplification           (parallel_processing.hpp   : 168)   Running Self conjugate edge remover
  0:00:40.134    69M / 754M  INFO   Simplification           (parallel_processing.hpp   : 171)   Self conjugate edge remover triggered 0 times
  0:00:40.134    69M / 754M  INFO   StageManager             (stage.cpp                 : 212)   STAGE == Simplification (id: simplification)
  0:00:40.134    69M / 754M  INFO    General                 (simplification.cpp        : 397)   Graph simplification started
  0:00:40.135    69M / 754M  INFO    General                 (graph_simplification.hpp  : 646)   Creating parallel br instance
  0:00:40.135    69M / 754M  INFO    General                 (simplification.cpp        : 402)   PROCEDURE == Simplification cycle, iteration 1
  0:00:40.135    69M / 754M  INFO   Simplification           (parallel_processing.hpp   : 168)   Running Tip clipper
  0:00:40.508    66M / 754M  INFO   Simplification           (parallel_processing.hpp   : 171)   Tip clipper triggered 79199 times
  0:00:40.515    66M / 754M  INFO   Simplification           (parallel_processing.hpp   : 168)   Running Bulge remover
  0:00:40.717    76M / 754M  INFO   Simplification           (parallel_processing.hpp   : 171)   Bulge remover triggered 1543 times
  0:00:40.718    76M / 754M  INFO   Simplification           (parallel_processing.hpp   : 168)   Running Low coverage edge remover
  0:00:40.739    77M / 754M  INFO   Simplification           (parallel_processing.hpp   : 171)   Low coverage edge remover triggered 59 times
  0:00:40.739    77M / 754M  INFO    General                 (simplification.cpp        : 402)   PROCEDURE == Simplification cycle, iteration 2
  0:00:40.740    77M / 754M  INFO   Simplification           (parallel_processing.hpp   : 168)   Running Tip clipper
  0:00:40.744    77M / 754M  INFO   Simplification           (parallel_processing.hpp   : 171)   Tip clipper triggered 140 times
  0:00:40.744    77M / 754M  INFO   Simplification           (parallel_processing.hpp   : 168)   Running Bulge remover
  0:00:40.747    77M / 754M  INFO   Simplification           (parallel_processing.hpp   : 171)   Bulge remover triggered 9 times
  0:00:40.748    77M / 754M  INFO   Simplification           (parallel_processing.hpp   : 168)   Running Low coverage edge remover
  0:00:40.750    77M / 754M  INFO   Simplification           (parallel_processing.hpp   : 171)   Low coverage edge remover triggered 160 times
  0:00:40.750    77M / 754M  INFO    General                 (simplification.cpp        : 402)   PROCEDURE == Simplification cycle, iteration 3
  0:00:40.753    77M / 754M  INFO   Simplification           (parallel_processing.hpp   : 168)   Running Tip clipper
  0:00:40.753    77M / 754M  INFO   Simplification           (parallel_processing.hpp   : 171)   Tip clipper triggered 3 times
  0:00:40.753    77M / 754M  INFO   Simplification           (parallel_processing.hpp   : 168)   Running Bulge remover
  0:00:40.753    77M / 754M  INFO   Simplification           (parallel_processing.hpp   : 171)   Bulge remover triggered 0 times
  0:00:40.753    77M / 754M  INFO   Simplification           (parallel_processing.hpp   : 168)   Running Low coverage edge remover
  0:00:40.780    77M / 754M  INFO   Simplification           (parallel_processing.hpp   : 171)   Low coverage edge remover triggered 3110 times
  0:00:40.781    77M / 754M  INFO    General                 (simplification.cpp        : 402)   PROCEDURE == Simplification cycle, iteration 4
  0:00:40.782    77M / 754M  INFO   Simplification           (parallel_processing.hpp   : 168)   Running Tip clipper
  0:00:40.788    76M / 754M  INFO   Simplification           (parallel_processing.hpp   : 171)   Tip clipper triggered 589 times
  0:00:40.790    76M / 754M  INFO   Simplification           (parallel_processing.hpp   : 168)   Running Bulge remover
  0:00:40.869    78M / 754M  INFO   Simplification           (parallel_processing.hpp   : 171)   Bulge remover triggered 388 times
  0:00:40.872    78M / 754M  INFO   Simplification           (parallel_processing.hpp   : 168)   Running Low coverage edge remover
  0:00:40.900    78M / 754M  INFO   Simplification           (parallel_processing.hpp   : 171)   Low coverage edge remover triggered 604 times
  0:00:40.904    78M / 754M  INFO    General                 (simplification.cpp        : 402)   PROCEDURE == Simplification cycle, iteration 5
  0:00:40.904    78M / 754M  INFO   Simplification           (parallel_processing.hpp   : 168)   Running Tip clipper
  0:00:40.910    78M / 754M  INFO   Simplification           (parallel_processing.hpp   : 171)   Tip clipper triggered 66 times
  0:00:40.910    78M / 754M  INFO   Simplification           (parallel_processing.hpp   : 168)   Running Bulge remover
  0:00:40.930    79M / 754M  INFO   Simplification           (parallel_processing.hpp   : 171)   Bulge remover triggered 85 times
  0:00:40.931    79M / 754M  INFO   Simplification           (parallel_processing.hpp   : 168)   Running Low coverage edge remover
  0:00:40.939    79M / 754M  INFO   Simplification           (parallel_processing.hpp   : 171)   Low coverage edge remover triggered 684 times
  0:00:40.940    79M / 754M  INFO    General                 (simplification.cpp        : 402)   PROCEDURE == Simplification cycle, iteration 6
  0:00:40.940    79M / 754M  INFO   Simplification           (parallel_processing.hpp   : 168)   Running Tip clipper
  0:00:40.942    79M / 754M  INFO   Simplification           (parallel_processing.hpp   : 171)   Tip clipper triggered 45 times
  0:00:40.942    79M / 754M  INFO   Simplification           (parallel_processing.hpp   : 168)   Running Bulge remover
  0:00:40.967    79M / 754M  INFO   Simplification           (parallel_processing.hpp   : 171)   Bulge remover triggered 126 times
  0:00:40.967    79M / 754M  INFO   Simplification           (parallel_processing.hpp   : 168)   Running Low coverage edge remover
  0:00:40.972    79M / 754M  INFO   Simplification           (parallel_processing.hpp   : 171)   Low coverage edge remover triggered 300 times
  0:00:40.972    79M / 754M  INFO    General                 (simplification.cpp        : 402)   PROCEDURE == Simplification cycle, iteration 7
  0:00:40.972    79M / 754M  INFO   Simplification           (parallel_processing.hpp   : 168)   Running Tip clipper
  0:00:40.974    79M / 754M  INFO   Simplification           (parallel_processing.hpp   : 171)   Tip clipper triggered 21 times
  0:00:40.976    79M / 754M  INFO   Simplification           (parallel_processing.hpp   : 168)   Running Bulge remover
  0:00:40.989    80M / 754M  INFO   Simplification           (parallel_processing.hpp   : 171)   Bulge remover triggered 49 times
  0:00:40.990    80M / 754M  INFO   Simplification           (parallel_processing.hpp   : 168)   Running Low coverage edge remover
  0:00:40.994    80M / 754M  INFO   Simplification           (parallel_processing.hpp   : 171)   Low coverage edge remover triggered 225 times
  0:00:40.994    80M / 754M  INFO    General                 (simplification.cpp        : 402)   PROCEDURE == Simplification cycle, iteration 8
  0:00:40.995    80M / 754M  INFO   Simplification           (parallel_processing.hpp   : 168)   Running Tip clipper
  0:00:40.995    80M / 754M  INFO   Simplification           (parallel_processing.hpp   : 171)   Tip clipper triggered 8 times
  0:00:40.995    80M / 754M  INFO   Simplification           (parallel_processing.hpp   : 168)   Running Bulge remover
  0:00:41.005    80M / 754M  INFO   Simplification           (parallel_processing.hpp   : 171)   Bulge remover triggered 36 times
  0:00:41.005    80M / 754M  INFO   Simplification           (parallel_processing.hpp   : 168)   Running Low coverage edge remover
  0:00:41.009    80M / 754M  INFO   Simplification           (parallel_processing.hpp   : 171)   Low coverage edge remover triggered 254 times
  0:00:41.011    80M / 754M  INFO    General                 (simplification.cpp        : 402)   PROCEDURE == Simplification cycle, iteration 9
  0:00:41.011    80M / 754M  INFO   Simplification           (parallel_processing.hpp   : 168)   Running Tip clipper
  0:00:41.011    80M / 754M  INFO   Simplification           (parallel_processing.hpp   : 171)   Tip clipper triggered 6 times
  0:00:41.011    80M / 754M  INFO   Simplification           (parallel_processing.hpp   : 168)   Running Bulge remover
  0:00:41.024    80M / 754M  INFO   Simplification           (parallel_processing.hpp   : 171)   Bulge remover triggered 49 times
  0:00:41.025    80M / 754M  INFO   Simplification           (parallel_processing.hpp   : 168)   Running Low coverage edge remover
  0:00:41.027    80M / 754M  INFO   Simplification           (parallel_processing.hpp   : 171)   Low coverage edge remover triggered 161 times
  0:00:41.027    80M / 754M  INFO    General                 (simplification.cpp        : 402)   PROCEDURE == Simplification cycle, iteration 10
  0:00:41.027    80M / 754M  INFO   Simplification           (parallel_processing.hpp   : 168)   Running Tip clipper
  0:00:41.028    80M / 754M  INFO   Simplification           (parallel_processing.hpp   : 171)   Tip clipper triggered 4 times
  0:00:41.028    80M / 754M  INFO   Simplification           (parallel_processing.hpp   : 168)   Running Bulge remover
  0:00:41.034    80M / 754M  INFO   Simplification           (parallel_processing.hpp   : 171)   Bulge remover triggered 25 times
  0:00:41.034    80M / 754M  INFO   Simplification           (parallel_processing.hpp   : 168)   Running Low coverage edge remover
  0:00:41.037    80M / 754M  INFO   Simplification           (parallel_processing.hpp   : 171)   Low coverage edge remover triggered 158 times
  0:00:41.037    80M / 754M  INFO    General                 (simplification.cpp        : 402)   PROCEDURE == Simplification cycle, iteration 11
  0:00:41.037    80M / 754M  INFO   Simplification           (parallel_processing.hpp   : 168)   Running Tip clipper
  0:00:41.052    80M / 754M  INFO   Simplification           (parallel_processing.hpp   : 171)   Tip clipper triggered 3 times
  0:00:41.053    80M / 754M  INFO   Simplification           (parallel_processing.hpp   : 168)   Running Bulge remover
  0:00:41.081    80M / 754M  INFO   Simplification           (parallel_processing.hpp   : 171)   Bulge remover triggered 44 times
  0:00:41.081    80M / 754M  INFO   Simplification           (parallel_processing.hpp   : 168)   Running Low coverage edge remover
  0:00:41.092    80M / 754M  INFO   Simplification           (parallel_processing.hpp   : 171)   Low coverage edge remover triggered 0 times
  0:00:41.092    80M / 754M  INFO    General                 (simplification.cpp        : 402)   PROCEDURE == Simplification cycle, iteration 12
  0:00:41.092    80M / 754M  INFO   Simplification           (parallel_processing.hpp   : 168)   Running Tip clipper
  0:00:41.093    80M / 754M  INFO   Simplification           (parallel_processing.hpp   : 171)   Tip clipper triggered 0 times
  0:00:41.093    80M / 754M  INFO   Simplification           (parallel_processing.hpp   : 168)   Running Bulge remover
  0:00:41.093    80M / 754M  INFO   Simplification           (parallel_processing.hpp   : 171)   Bulge remover triggered 0 times
  0:00:41.093    80M / 754M  INFO   Simplification           (parallel_processing.hpp   : 168)   Running Low coverage edge remover
  0:00:41.093    80M / 754M  INFO   Simplification           (parallel_processing.hpp   : 171)   Low coverage edge remover triggered 0 times
  0:00:41.100    77M / 754M  INFO   StageManager             (stage.cpp                 : 212)   STAGE == Gap Closer (id: late_gapcloser)
  0:00:41.105    90M / 754M  INFO    General                 (edge_index.hpp            : 132)   Size of edge index entries: 12/8
  0:00:41.156    95M / 754M  INFO    General                 (gap_closer.cpp            : 117)   Total edges in tip neighborhood: 181990 out of 188525, length: 21879311
  0:00:41.170    96M / 754M  INFO    General                 (edge_index.hpp            : 196)   Using small index (max_id = 550355)
  0:00:41.482    96M / 754M  INFO   K-mer Index Building     (kmer_index_builder.hpp    : 460)   Building perfect hash indices
  0:00:44.123   104M / 754M  INFO   K-mer Index Building     (kmer_index_builder.hpp    : 496)   Index built. Total 11020589 kmers, 7960488 bytes occupied (5.77863 bits per kmer).
  0:00:44.166   192M / 754M  INFO    General                 (edge_index_builders.hpp   : 266)   Collecting edge information from graph, this takes a while.
  0:00:45.724   191M / 754M  INFO    General                 (sequence_mapper_notifier.h:  80)   Starting sequence mapping
  0:00:48.459   195M / 754M  INFO    General                 (sequence_mapper_notifier.h: 120)   Total 97291 reads processed
  0:00:48.538   106M / 754M  INFO    General                 (gap_closer.cpp            : 505)   Initializing gap closer
  0:00:48.554   106M / 754M  INFO   GapCloser                (gap_closer.cpp            : 421)   Collecting gap candidates
  0:00:48.594   106M / 754M  INFO   GapCloser                (gap_closer.cpp            : 425)   Total 1802 tips collected, total 1984 connection candidates
  0:00:48.597   106M / 754M  INFO   GapCloser                (gap_closer.cpp            : 446)   Closing short gaps complete: filled 28 gaps after checking 1956 candidates
  0:00:48.607   106M / 754M  INFO    General                 (gap_closer.cpp            : 510)   Gap closer done
  0:00:48.623    77M / 754M  INFO   StageManager             (stage.cpp                 : 212)   STAGE == Simplification Cleanup (id: simplification_cleanup)
  0:00:48.623    77M / 754M  INFO    General                 (simplification.cpp        : 189)   PROCEDURE == Post simplification
  0:00:48.624    77M / 754M  INFO    General                 (graph_simplification.hpp  : 455)   Disconnection of relatively low covered edges disabled
  0:00:48.624    77M / 754M  INFO    General                 (graph_simplification.hpp  : 494)   Complex tip clipping disabled
  0:00:48.624    77M / 754M  INFO    General                 (graph_simplification.hpp  : 646)   Creating parallel br instance
  0:00:48.624    77M / 754M  INFO   Simplification           (parallel_processing.hpp   : 168)   Running Tip clipper
  0:00:48.635    77M / 754M  INFO   Simplification           (parallel_processing.hpp   : 171)   Tip clipper triggered 0 times
  0:00:48.635    77M / 754M  INFO   Simplification           (parallel_processing.hpp   : 168)   Running Bulge remover
  0:00:48.652    77M / 754M  INFO   Simplification           (parallel_processing.hpp   : 171)   Bulge remover triggered 0 times
  0:00:48.652    77M / 754M  INFO   Simplification           (parallel_processing.hpp   : 168)   Running Tip clipper
  0:00:48.663    77M / 754M  INFO   Simplification           (parallel_processing.hpp   : 171)   Tip clipper triggered 0 times
  0:00:48.663    77M / 754M  INFO   Simplification           (parallel_processing.hpp   : 168)   Running Bulge remover
  0:00:48.685    77M / 754M  INFO   Simplification           (parallel_processing.hpp   : 171)   Bulge remover triggered 0 times
  0:00:48.685    77M / 754M  INFO    General                 (simplification.cpp        : 348)   Disrupting self-conjugate edges
  0:00:48.706    77M / 754M  INFO   Simplification           (parallel_processing.hpp   : 168)   Running Removing isolated edges
  0:00:48.760    76M / 754M  INFO   Simplification           (parallel_processing.hpp   : 171)   Removing isolated edges triggered 77581 times
  0:00:48.766    74M / 754M  INFO    General                 (simplification.cpp        : 508)   After simplification:
  0:00:48.767    74M / 754M  INFO    General                 (simplification.cpp        : 509)     Average coverage = 1.97156
  0:00:48.769    74M / 754M  INFO    General                 (simplification.cpp        : 510)     Total length = 3860331
  0:00:48.772    74M / 754M  INFO    General                 (simplification.cpp        : 511)     Median edge length: 231
  0:00:48.772    74M / 754M  INFO    General                 (simplification.cpp        : 512)     Edges: 33309
  0:00:48.773    74M / 754M  INFO    General                 (simplification.cpp        : 513)     Vertices: 57784
  0:00:48.773    74M / 754M  WARN    General                 (simplification.cpp        : 517)   The determined erroneous connection coverage threshold may be determined improperly
  0:00:48.773    74M / 754M  INFO   StageManager             (stage.cpp                 : 212)   STAGE == Contig Output (id: contig_output)
  0:00:48.774    74M / 754M  INFO    General                 (read_converter.cpp        : 135)   Outputting contigs to "/workspaces/Coptis_Genomic_Insights/Output/K55/simplified_contigs"
  0:00:48.779    77M / 754M  INFO    General                 (binary_converter.cpp      : 127)   16384 reads processed
  0:00:48.794    77M / 754M  INFO    General                 (binary_converter.cpp      : 143)   16656 reads written
  0:00:48.796    74M / 754M  INFO    General                 (pipeline.cpp              : 303)   SPAdes finished
  0:00:48.824     1M / 754M  INFO    General                 (main.cpp                  : 131)   Assembling time: 0 hours 0 minutes 48 seconds

===== K55 finished. 


===== K77 started. 


== Running: /opt/conda/bin/spades-core /workspaces/Coptis_Genomic_Insights/Output/K77/configs/config.info /workspaces/Coptis_Genomic_Insights/Output/K77/configs/careful_mode.info

  0:00:00.000     1M / 20M   INFO    General                 (main.cpp                  :  94)   Loaded config from "/workspaces/Coptis_Genomic_Insights/Output/K77/configs/config.info"
  0:00:00.000     1M / 20M   INFO    General                 (main.cpp                  :  94)   Loaded config from "/workspaces/Coptis_Genomic_Insights/Output/K77/configs/careful_mode.info"
  0:00:00.000     1M / 20M   INFO    General                 (memory_limit.cpp          :  55)   Memory limit set to 16 Gb
  0:00:00.000     1M / 20M   INFO    General                 (main.cpp                  : 102)   Starting SPAdes, built from N/A, git revision N/A
  0:00:00.000     1M / 20M   INFO    General                 (main.cpp                  : 103)   Maximum k-mer length: 128
  0:00:00.000     1M / 20M   INFO    General                 (main.cpp                  : 104)   Assembling dataset ("/workspaces/Coptis_Genomic_Insights/Output/dataset.info") with K=77
  0:00:00.000     1M / 20M   INFO    General                 (main.cpp                  : 105)   Maximum # of threads to use (adjusted due to OMP capabilities): 2
  0:00:00.000     1M / 20M   INFO    General                 (pipeline.cpp              : 221)   SPAdes started
  0:00:00.000     1M / 20M   INFO    General                 (pipeline.cpp              : 234)   Starting from stage: read_conversion
  0:00:00.000     1M / 20M   INFO    General                 (pipeline.cpp              : 245)   Two-step repeat resolution disabled
  0:00:00.000     1M / 20M   INFO   GraphCore                (graph_core.hpp            : 689)   Graph created, vertex min_id: 3, edge min_id: 3
  0:00:00.000     1M / 20M   INFO   GraphCore                (graph_core.hpp            : 690)   Vertex size: 48, edge size: 40
  0:00:00.000     1M / 20M   INFO    General                 (edge_index.hpp            : 132)   Size of edge index entries: 12/8
  0:00:00.000     1M / 20M   INFO    General                 (pipeline.cpp              : 256)   Will need read mapping, kmer mapper will be attached
  0:00:00.000     1M / 20M   INFO   StageManager             (stage.cpp                 : 212)   STAGE == Binary Read Conversion (id: read_conversion)
  0:00:00.002     1M / 20M   INFO    General                 (read_converter.cpp        :  57)   Binary reads detected
  0:00:00.029     1M / 20M   INFO   StageManager             (stage.cpp                 : 212)   STAGE == de Bruijn graph construction (id: construction)
  0:00:00.030     1M / 20M   INFO    General                 (construction.cpp          : 115)   Contigs from previous K will be used: /workspaces/Coptis_Genomic_Insights/Output/K55/simplified_contigs
  0:00:00.031     1M / 20M   INFO    General                 (construction.cpp          : 150)   Max read length 150
  0:00:00.031     1M / 20M   INFO    General                 (construction.cpp          : 156)   Average read length 149.956
  0:00:00.031     1M / 20M   INFO    General                 (stage.cpp                 : 121)   PROCEDURE == k+1-mer counting (id: construction:kpomer_counting)
  0:00:00.031     1M / 20M   INFO    General                 (kmer_index_builder.hpp    : 308)   Splitting kmer instances into 20 files using 2 threads. This might take a while.
  0:00:00.031     1M / 20M   INFO    General                 (file_limit.hpp            :  43)   Open file limit set to 1048576
  0:00:00.032     1M / 20M   INFO    General                 (kmer_splitter.hpp         :  96)   Memory available for splitting buffers: 2.66664 Gb
  0:00:00.032     1M / 20M   INFO    General                 (kmer_splitter.hpp         : 104)   Using cell size of 1118481
  0:00:01.964  1161M / 1161M INFO    General                 (kmer_splitters.hpp        : 128)   Processed 426756 reads
  0:00:01.964     1M / 484M  INFO    General                 (kmer_splitters.hpp        : 134)   Used 426756 reads
  0:00:01.993     1M / 484M  INFO    General                 (kmer_index_builder.hpp    : 314)   Starting k-mer counting.
  0:00:02.289     1M / 484M  INFO    General                 (kmer_index_builder.hpp    : 325)   K-mer counting done. There are 12459337 kmers in total.
  0:00:02.289     1M / 484M  INFO    General                 (stage.cpp                 : 121)   PROCEDURE == Extension index construction (id: construction:extension_index_construction)
  0:00:02.290     1M / 484M  INFO   K-mer Index Building     (kmer_index_builder.hpp    : 503)   Building kmer index
  0:00:02.290     1M / 484M  INFO    General                 (kmer_index_builder.hpp    : 308)   Splitting kmer instances into 20 files using 2 threads. This might take a while.
  0:00:02.291     1M / 484M  INFO    General                 (file_limit.hpp            :  43)   Open file limit set to 1048576
  0:00:02.291     1M / 484M  INFO    General                 (kmer_splitter.hpp         :  96)   Memory available for splitting buffers: 2.66663 Gb
  0:00:02.291     1M / 484M  INFO    General                 (kmer_splitter.hpp         : 104)   Using cell size of 1118481
  0:00:05.918  1161M / 1161M INFO    General                 (kmer_splitters.hpp        : 197)   Processed 12459337 kmers
  0:00:05.920  1161M / 1161M INFO    General                 (kmer_splitters.hpp        : 202)   Used 12459337 kmers.
  0:00:05.922     1M / 950M  INFO    General                 (kmer_index_builder.hpp    : 314)   Starting k-mer counting.
  0:00:06.598     1M / 950M  INFO    General                 (kmer_index_builder.hpp    : 325)   K-mer counting done. There are 12564815 kmers in total.
  0:00:06.598     1M / 950M  INFO   K-mer Index Building     (kmer_index_builder.hpp    : 460)   Building perfect hash indices
  0:00:07.619    10M / 950M  INFO   K-mer Index Building     (kmer_index_builder.hpp    : 496)   Index built. Total 12564815 kmers, 9089904 bytes occupied (5.78753 bits per kmer).
  0:00:07.619    10M / 950M  INFO    General                 (kmer_index_builder.hpp    : 191)   Merging final buckets.
  0:00:08.308    22M / 950M  INFO   DeBruijnExtensionIndexBu (kmer_extension_index_build: 101)   Building k-mer extensions from k+1-mers
  0:00:14.495    22M / 950M  INFO   DeBruijnExtensionIndexBu (kmer_extension_index_build: 106)   Building k-mer extensions from k+1-mers finished.
  0:00:14.525    22M / 950M  INFO    General                 (stage.cpp                 : 121)   PROCEDURE == Condensing graph (id: construction:graph_condensing)
  0:00:14.532    22M / 950M  INFO   UnbranchingPathExtractor (debruijn_graph_constructor: 324)   Extracting unbranching paths
  0:00:22.860    36M / 950M  INFO   UnbranchingPathExtractor (debruijn_graph_constructor: 348)   Extracting unbranching paths finished. 231000 sequences extracted
  0:00:26.852    36M / 950M  INFO   UnbranchingPathExtractor (debruijn_graph_constructor: 362)   Collecting perfect loops
  0:00:28.123    36M / 950M  INFO   UnbranchingPathExtractor (debruijn_graph_constructor: 395)   Collecting perfect loops finished. 3 loops collected
  0:00:28.160    36M / 950M  INFO   DeBruijnGraphConstructor (debruijn_graph_constructor: 593)   Sorting edges...
  0:00:28.256    36M / 950M  INFO   DeBruijnGraphConstructor (debruijn_graph_constructor: 598)   Edges sorted
  0:00:28.259    36M / 950M  INFO    General                 (debruijn_graph_constructor: 511)   Total 462006 edges to create
  0:00:28.263    54M / 950M  INFO    General                 (debruijn_graph_constructor: 514)   Collecting link records
  0:00:28.438    61M / 950M  INFO    General                 (debruijn_graph_constructor: 519)   Ordering link records
  0:00:28.473    61M / 950M  INFO    General                 (debruijn_graph_constructor: 525)   Sorting done
  0:00:28.476    65M / 950M  INFO    General                 (debruijn_graph_constructor: 538)   Sorting LinkRecords...
  0:00:28.503    65M / 950M  INFO    General                 (debruijn_graph_constructor: 544)   LinkRecords sorted
  0:00:28.503    65M / 950M  INFO    General                 (debruijn_graph_constructor: 546)   Total 336481 vertices to create
  0:00:28.503    96M / 950M  INFO    General                 (debruijn_graph_constructor: 549)   Connecting the graph
  0:00:28.555    81M / 950M  INFO    General                 (stage.cpp                 : 121)   PROCEDURE == Filling coverage indices (PHM) (id: construction:coverage_filling_phm)
  0:00:28.556    81M / 950M  INFO   K-mer Index Building     (kmer_index_builder.hpp    : 460)   Building perfect hash indices
  0:00:29.938    90M / 950M  INFO   K-mer Index Building     (kmer_index_builder.hpp    : 496)   Index built. Total 12459337 kmers, 9013552 bytes occupied (5.7875 bits per kmer).
  0:00:29.952   138M / 950M  INFO    General                 (coverage_hash_map_builder.:  49)   Collecting k-mer coverage information from reads, this takes a while.
  0:00:32.197   138M / 950M  INFO    General                 (construction.cpp          : 400)   Filling coverage and flanking coverage from PHM
  0:00:34.665   138M / 950M  INFO    General                 (coverage_filling.hpp      :  83)   Processed 462003 edges
  0:00:34.793    60M / 950M  INFO   StageManager             (stage.cpp                 : 212)   STAGE == EC Threshold Finding (id: ec_threshold_finder)
  0:00:34.793    60M / 950M  INFO    General                 (kmer_coverage_model.cpp   : 182)   Kmer coverage valley at: 38
  0:00:34.793    60M / 950M  INFO    General                 (kmer_coverage_model.cpp   : 202)   K-mer histogram maximum: 49
  0:00:34.793    60M / 950M  INFO    General                 (kmer_coverage_model.cpp   : 238)   Estimated median coverage: 50. Coverage mad: 8.8956
  0:00:34.793    60M / 950M  INFO    General                 (kmer_coverage_model.cpp   : 260)   Fitting coverage model
  0:00:34.817    60M / 950M  INFO    General                 (kmer_coverage_model.cpp   : 296)   ... iteration 2
  0:00:34.871    60M / 950M  INFO    General                 (kmer_coverage_model.cpp   : 296)   ... iteration 4
  0:00:35.045    60M / 950M  INFO    General                 (kmer_coverage_model.cpp   : 296)   ... iteration 8
  0:00:35.344    60M / 950M  INFO    General                 (kmer_coverage_model.cpp   : 296)   ... iteration 16
  0:00:35.817    60M / 950M  INFO    General                 (kmer_coverage_model.cpp   : 296)   ... iteration 32
  0:00:36.001    60M / 950M  INFO    General                 (kmer_coverage_model.cpp   : 310)   Fitted mean coverage: 8.82145. Fitted coverage std. dev: 2.13164
  0:00:36.002    60M / 950M  WARN    General                 (kmer_coverage_model.cpp   : 328)   Valley value was estimated improperly, reset to 3
  0:00:36.003    60M / 950M  INFO    General                 (kmer_coverage_model.cpp   : 335)   Probability of erroneous kmer at valley: 1
  0:00:36.003    60M / 950M  WARN    General                 (kmer_coverage_model.cpp   : 367)   Failed to determine erroneous kmer threshold. Threshold set to: 3
  0:00:36.003    60M / 950M  INFO    General                 (kmer_coverage_model.cpp   : 376)   Estimated genome size (ignoring repeats): 422007
  0:00:36.003    60M / 950M  INFO    General                 (genomic_info_filler.cpp   :  58)   Failed to estimate mean coverage
  0:00:36.003    60M / 950M  INFO    General                 (genomic_info_filler.cpp   :  71)   EC coverage threshold value was calculated as 3
  0:00:36.003    60M / 950M  INFO    General                 (genomic_info_filler.cpp   :  72)   Trusted kmer low bound: 0
  0:00:36.003    60M / 950M  INFO   StageManager             (stage.cpp                 : 212)   STAGE == Gap Closer (id: early_gapcloser)
  0:00:36.005    73M / 950M  INFO    General                 (edge_index.hpp            : 132)   Size of edge index entries: 12/8
  0:00:36.069    82M / 950M  INFO    General                 (gap_closer.cpp            : 117)   Total edges in tip neighborhood: 298500 out of 462003, length: 20125092
  0:00:36.094    85M / 950M  INFO    General                 (edge_index.hpp            : 196)   Using small index (max_id = 464319)
  0:00:36.458    85M / 950M  INFO   K-mer Index Building     (kmer_index_builder.hpp    : 460)   Building perfect hash indices
  0:00:39.125    93M / 950M  INFO   K-mer Index Building     (kmer_index_builder.hpp    : 496)   Index built. Total 11327521 kmers, 8182184 bytes occupied (5.77862 bits per kmer).
  0:00:39.168   181M / 950M  INFO    General                 (edge_index_builders.hpp   : 266)   Collecting edge information from graph, this takes a while.
  0:00:40.816   178M / 950M  INFO    General                 (sequence_mapper_notifier.h:  80)   Starting sequence mapping
  0:00:41.780   184M / 950M  INFO    General                 (sequence_mapper_notifier.h: 120)   Total 97291 reads processed
  0:00:41.868    96M / 950M  INFO    General                 (gap_closer.cpp            : 505)   Initializing gap closer
  0:00:41.872    96M / 950M  INFO   GapCloser                (gap_closer.cpp            : 421)   Collecting gap candidates
  0:00:41.949    97M / 950M  INFO   GapCloser                (gap_closer.cpp            : 425)   Total 8635 tips collected, total 9019 connection candidates
  0:00:41.967    97M / 950M  INFO   GapCloser                (gap_closer.cpp            : 446)   Closing short gaps complete: filled 192 gaps after checking 8750 candidates
  0:00:41.978    96M / 950M  INFO    General                 (gap_closer.cpp            : 510)   Gap closer done
  0:00:41.997    60M / 950M  INFO   StageManager             (stage.cpp                 : 212)   STAGE == Raw Simplification (id: raw_simplification)
  0:00:41.997    60M / 950M  INFO    General                 (simplification.cpp        : 129)   PROCEDURE == Initial cleaning
  0:00:41.998    60M / 950M  INFO    General                 (simplification.cpp        :  63)   Most init cleaning disabled on main iteration
  0:00:41.998    60M / 950M  INFO   Simplification           (parallel_processing.hpp   : 168)   Running Self conjugate edge remover
  0:00:42.015    60M / 950M  INFO   Simplification           (parallel_processing.hpp   : 171)   Self conjugate edge remover triggered 0 times
  0:00:42.015    60M / 950M  INFO   StageManager             (stage.cpp                 : 212)   STAGE == Simplification (id: simplification)
  0:00:42.015    60M / 950M  INFO    General                 (simplification.cpp        : 397)   Graph simplification started
  0:00:42.015    60M / 950M  INFO    General                 (graph_simplification.hpp  : 646)   Creating parallel br instance
  0:00:42.015    60M / 950M  INFO    General                 (simplification.cpp        : 402)   PROCEDURE == Simplification cycle, iteration 1
  0:00:42.015    60M / 950M  INFO   Simplification           (parallel_processing.hpp   : 168)   Running Tip clipper
  0:00:42.303    58M / 950M  INFO   Simplification           (parallel_processing.hpp   : 171)   Tip clipper triggered 57986 times
  0:00:42.318    58M / 950M  INFO   Simplification           (parallel_processing.hpp   : 168)   Running Bulge remover
  0:00:42.404    62M / 950M  INFO   Simplification           (parallel_processing.hpp   : 171)   Bulge remover triggered 321 times
  0:00:42.405    62M / 950M  INFO   Simplification           (parallel_processing.hpp   : 168)   Running Low coverage edge remover
  0:00:42.420    62M / 950M  INFO   Simplification           (parallel_processing.hpp   : 171)   Low coverage edge remover triggered 17 times
  0:00:42.420    62M / 950M  INFO    General                 (simplification.cpp        : 402)   PROCEDURE == Simplification cycle, iteration 2
  0:00:42.420    62M / 950M  INFO   Simplification           (parallel_processing.hpp   : 168)   Running Tip clipper
  0:00:42.421    62M / 950M  INFO   Simplification           (parallel_processing.hpp   : 171)   Tip clipper triggered 54 times
  0:00:42.421    62M / 950M  INFO   Simplification           (parallel_processing.hpp   : 168)   Running Bulge remover
  0:00:42.422    62M / 950M  INFO   Simplification           (parallel_processing.hpp   : 171)   Bulge remover triggered 1 times
  0:00:42.422    62M / 950M  INFO   Simplification           (parallel_processing.hpp   : 168)   Running Low coverage edge remover
  0:00:42.422    62M / 950M  INFO   Simplification           (parallel_processing.hpp   : 171)   Low coverage edge remover triggered 6 times
  0:00:42.423    62M / 950M  INFO    General                 (simplification.cpp        : 402)   PROCEDURE == Simplification cycle, iteration 3
  0:00:42.423    62M / 950M  INFO   Simplification           (parallel_processing.hpp   : 168)   Running Tip clipper
  0:00:42.423    62M / 950M  INFO   Simplification           (parallel_processing.hpp   : 171)   Tip clipper triggered 0 times
  0:00:42.423    62M / 950M  INFO   Simplification           (parallel_processing.hpp   : 168)   Running Bulge remover
  0:00:42.423    62M / 950M  INFO   Simplification           (parallel_processing.hpp   : 171)   Bulge remover triggered 0 times
  0:00:42.423    62M / 950M  INFO   Simplification           (parallel_processing.hpp   : 168)   Running Low coverage edge remover
  0:00:42.424    62M / 950M  INFO   Simplification           (parallel_processing.hpp   : 171)   Low coverage edge remover triggered 12 times
  0:00:42.424    62M / 950M  INFO    General                 (simplification.cpp        : 402)   PROCEDURE == Simplification cycle, iteration 4
  0:00:42.424    62M / 950M  INFO   Simplification           (parallel_processing.hpp   : 168)   Running Tip clipper
  0:00:42.424    62M / 950M  INFO   Simplification           (parallel_processing.hpp   : 171)   Tip clipper triggered 1 times
  0:00:42.424    62M / 950M  INFO   Simplification           (parallel_processing.hpp   : 168)   Running Bulge remover
  0:00:42.424    62M / 950M  INFO   Simplification           (parallel_processing.hpp   : 171)   Bulge remover triggered 1 times
  0:00:42.424    62M / 950M  INFO   Simplification           (parallel_processing.hpp   : 168)   Running Low coverage edge remover
  0:00:42.433    62M / 950M  INFO   Simplification           (parallel_processing.hpp   : 171)   Low coverage edge remover triggered 788 times
  0:00:42.434    62M / 950M  INFO    General                 (simplification.cpp        : 402)   PROCEDURE == Simplification cycle, iteration 5
  0:00:42.434    62M / 950M  INFO   Simplification           (parallel_processing.hpp   : 168)   Running Tip clipper
  0:00:42.436    62M / 950M  INFO   Simplification           (parallel_processing.hpp   : 171)   Tip clipper triggered 315 times
  0:00:42.437    62M / 950M  INFO   Simplification           (parallel_processing.hpp   : 168)   Running Bulge remover
  0:00:42.459    64M / 950M  INFO   Simplification           (parallel_processing.hpp   : 171)   Bulge remover triggered 113 times
  0:00:42.459    64M / 950M  INFO   Simplification           (parallel_processing.hpp   : 168)   Running Low coverage edge remover
  0:00:42.462    64M / 950M  INFO   Simplification           (parallel_processing.hpp   : 171)   Low coverage edge remover triggered 176 times
  0:00:42.462    64M / 950M  INFO    General                 (simplification.cpp        : 402)   PROCEDURE == Simplification cycle, iteration 6
  0:00:42.463    64M / 950M  INFO   Simplification           (parallel_processing.hpp   : 168)   Running Tip clipper
  0:00:42.463    63M / 950M  INFO   Simplification           (parallel_processing.hpp   : 171)   Tip clipper triggered 48 times
  0:00:42.463    63M / 950M  INFO   Simplification           (parallel_processing.hpp   : 168)   Running Bulge remover
  0:00:42.471    64M / 950M  INFO   Simplification           (parallel_processing.hpp   : 171)   Bulge remover triggered 31 times
  0:00:42.472    64M / 950M  INFO   Simplification           (parallel_processing.hpp   : 168)   Running Low coverage edge remover
  0:00:42.474    64M / 950M  INFO   Simplification           (parallel_processing.hpp   : 171)   Low coverage edge remover triggered 164 times
  0:00:42.474    64M / 950M  INFO    General                 (simplification.cpp        : 402)   PROCEDURE == Simplification cycle, iteration 7
  0:00:42.474    64M / 950M  INFO   Simplification           (parallel_processing.hpp   : 168)   Running Tip clipper
  0:00:42.474    64M / 950M  INFO   Simplification           (parallel_processing.hpp   : 171)   Tip clipper triggered 17 times
  0:00:42.475    64M / 950M  INFO   Simplification           (parallel_processing.hpp   : 168)   Running Bulge remover
  0:00:42.480    64M / 950M  INFO   Simplification           (parallel_processing.hpp   : 171)   Bulge remover triggered 19 times
  0:00:42.480    64M / 950M  INFO   Simplification           (parallel_processing.hpp   : 168)   Running Low coverage edge remover
  0:00:42.484    64M / 950M  INFO   Simplification           (parallel_processing.hpp   : 171)   Low coverage edge remover triggered 195 times
  0:00:42.484    64M / 950M  INFO    General                 (simplification.cpp        : 402)   PROCEDURE == Simplification cycle, iteration 8
  0:00:42.486    64M / 950M  INFO   Simplification           (parallel_processing.hpp   : 168)   Running Tip clipper
  0:00:42.486    64M / 950M  INFO   Simplification           (parallel_processing.hpp   : 171)   Tip clipper triggered 33 times
  0:00:42.487    64M / 950M  INFO   Simplification           (parallel_processing.hpp   : 168)   Running Bulge remover
  0:00:42.499    65M / 950M  INFO   Simplification           (parallel_processing.hpp   : 171)   Bulge remover triggered 36 times
  0:00:42.500    65M / 950M  INFO   Simplification           (parallel_processing.hpp   : 168)   Running Low coverage edge remover
  0:00:42.501    65M / 950M  INFO   Simplification           (parallel_processing.hpp   : 171)   Low coverage edge remover triggered 111 times
  0:00:42.501    65M / 950M  INFO    General                 (simplification.cpp        : 402)   PROCEDURE == Simplification cycle, iteration 9
  0:00:42.501    65M / 950M  INFO   Simplification           (parallel_processing.hpp   : 168)   Running Tip clipper
  0:00:42.502    65M / 950M  INFO   Simplification           (parallel_processing.hpp   : 171)   Tip clipper triggered 15 times
  0:00:42.502    65M / 950M  INFO   Simplification           (parallel_processing.hpp   : 168)   Running Bulge remover
  0:00:42.505    65M / 950M  INFO   Simplification           (parallel_processing.hpp   : 171)   Bulge remover triggered 13 times
  0:00:42.506    65M / 950M  INFO   Simplification           (parallel_processing.hpp   : 168)   Running Low coverage edge remover
  0:00:42.507    65M / 950M  INFO   Simplification           (parallel_processing.hpp   : 171)   Low coverage edge remover triggered 75 times
  0:00:42.507    65M / 950M  INFO    General                 (simplification.cpp        : 402)   PROCEDURE == Simplification cycle, iteration 10
  0:00:42.507    65M / 950M  INFO   Simplification           (parallel_processing.hpp   : 168)   Running Tip clipper
  0:00:42.507    65M / 950M  INFO   Simplification           (parallel_processing.hpp   : 171)   Tip clipper triggered 5 times
  0:00:42.507    65M / 950M  INFO   Simplification           (parallel_processing.hpp   : 168)   Running Bulge remover
  0:00:42.512    65M / 950M  INFO   Simplification           (parallel_processing.hpp   : 171)   Bulge remover triggered 6 times
  0:00:42.514    65M / 950M  INFO   Simplification           (parallel_processing.hpp   : 168)   Running Low coverage edge remover
  0:00:42.515    65M / 950M  INFO   Simplification           (parallel_processing.hpp   : 171)   Low coverage edge remover triggered 95 times
  0:00:42.515    65M / 950M  INFO    General                 (simplification.cpp        : 402)   PROCEDURE == Simplification cycle, iteration 11
  0:00:42.515    65M / 950M  INFO   Simplification           (parallel_processing.hpp   : 168)   Running Tip clipper
  0:00:42.527    65M / 950M  INFO   Simplification           (parallel_processing.hpp   : 171)   Tip clipper triggered 6 times
  0:00:42.528    65M / 950M  INFO   Simplification           (parallel_processing.hpp   : 168)   Running Bulge remover
  0:00:42.547    65M / 950M  INFO   Simplification           (parallel_processing.hpp   : 171)   Bulge remover triggered 20 times
  0:00:42.547    65M / 950M  INFO   Simplification           (parallel_processing.hpp   : 168)   Running Low coverage edge remover
  0:00:42.558    65M / 950M  INFO   Simplification           (parallel_processing.hpp   : 171)   Low coverage edge remover triggered 0 times
  0:00:42.559    65M / 950M  INFO    General                 (simplification.cpp        : 402)   PROCEDURE == Simplification cycle, iteration 12
  0:00:42.559    65M / 950M  INFO   Simplification           (parallel_processing.hpp   : 168)   Running Tip clipper
  0:00:42.559    65M / 950M  INFO   Simplification           (parallel_processing.hpp   : 171)   Tip clipper triggered 0 times
  0:00:42.559    65M / 950M  INFO   Simplification           (parallel_processing.hpp   : 168)   Running Bulge remover
  0:00:42.559    65M / 950M  INFO   Simplification           (parallel_processing.hpp   : 171)   Bulge remover triggered 0 times
  0:00:42.560    65M / 950M  INFO   Simplification           (parallel_processing.hpp   : 168)   Running Low coverage edge remover
  0:00:42.560    65M / 950M  INFO   Simplification           (parallel_processing.hpp   : 171)   Low coverage edge remover triggered 0 times
  0:00:42.567    63M / 950M  INFO   StageManager             (stage.cpp                 : 212)   STAGE == Gap Closer (id: late_gapcloser)
  0:00:42.572    76M / 950M  INFO    General                 (edge_index.hpp            : 132)   Size of edge index entries: 12/8
  0:00:42.634    81M / 950M  INFO    General                 (gap_closer.cpp            : 117)   Total edges in tip neighborhood: 216302 out of 219463, length: 20566900
  0:00:42.653    82M / 950M  INFO    General                 (edge_index.hpp            : 196)   Using small index (max_id = 464319)
  0:00:42.969    82M / 950M  INFO   K-mer Index Building     (kmer_index_builder.hpp    : 460)   Building perfect hash indices
  0:00:45.218    90M / 950M  INFO   K-mer Index Building     (kmer_index_builder.hpp    : 496)   Index built. Total 10362499 kmers, 7486528 bytes occupied (5.77971 bits per kmer).
  0:00:45.284   170M / 950M  INFO    General                 (edge_index_builders.hpp   : 266)   Collecting edge information from graph, this takes a while.
  0:00:46.866   168M / 950M  INFO    General                 (sequence_mapper_notifier.h:  80)   Starting sequence mapping
  0:00:48.318   174M / 950M  INFO    General                 (sequence_mapper_notifier.h: 120)   Total 97291 reads processed
  0:00:48.403    93M / 950M  INFO    General                 (gap_closer.cpp            : 505)   Initializing gap closer
  0:00:48.416    93M / 950M  INFO   GapCloser                (gap_closer.cpp            : 421)   Collecting gap candidates
  0:00:48.477    94M / 950M  INFO   GapCloser                (gap_closer.cpp            : 425)   Total 1361 tips collected, total 1577 connection candidates
  0:00:48.481    94M / 950M  INFO   GapCloser                (gap_closer.cpp            : 446)   Closing short gaps complete: filled 6 gaps after checking 1568 candidates
  0:00:48.488    93M / 950M  INFO    General                 (gap_closer.cpp            : 510)   Gap closer done
  0:00:48.503    63M / 950M  INFO   StageManager             (stage.cpp                 : 212)   STAGE == Simplification Cleanup (id: simplification_cleanup)
  0:00:48.504    63M / 950M  INFO    General                 (simplification.cpp        : 189)   PROCEDURE == Post simplification
  0:00:48.504    63M / 950M  INFO    General                 (graph_simplification.hpp  : 455)   Disconnection of relatively low covered edges disabled
  0:00:48.504    63M / 950M  INFO    General                 (graph_simplification.hpp  : 494)   Complex tip clipping disabled
  0:00:48.504    63M / 950M  INFO    General                 (graph_simplification.hpp  : 646)   Creating parallel br instance
  0:00:48.504    63M / 950M  INFO   Simplification           (parallel_processing.hpp   : 168)   Running Tip clipper
  0:00:48.515    63M / 950M  INFO   Simplification           (parallel_processing.hpp   : 171)   Tip clipper triggered 0 times
  0:00:48.516    63M / 950M  INFO   Simplification           (parallel_processing.hpp   : 168)   Running Bulge remover
  0:00:48.529    63M / 950M  INFO   Simplification           (parallel_processing.hpp   : 171)   Bulge remover triggered 0 times
  0:00:48.530    63M / 950M  INFO   Simplification           (parallel_processing.hpp   : 168)   Running Tip clipper
  0:00:48.540    63M / 950M  INFO   Simplification           (parallel_processing.hpp   : 171)   Tip clipper triggered 0 times
  0:00:48.541    63M / 950M  INFO   Simplification           (parallel_processing.hpp   : 168)   Running Bulge remover
  0:00:48.554    63M / 950M  INFO   Simplification           (parallel_processing.hpp   : 171)   Bulge remover triggered 0 times
  0:00:48.554    63M / 950M  INFO    General                 (simplification.cpp        : 348)   Disrupting self-conjugate edges
  0:00:48.578    63M / 950M  INFO   Simplification           (parallel_processing.hpp   : 168)   Running Removing isolated edges
  0:00:48.642    60M / 950M  INFO   Simplification           (parallel_processing.hpp   : 171)   Removing isolated edges triggered 96736 times
  0:00:48.648    58M / 950M  INFO    General                 (simplification.cpp        : 508)   After simplification:
  0:00:48.649    58M / 950M  INFO    General                 (simplification.cpp        : 509)     Average coverage = 1.49062
  0:00:48.650    58M / 950M  INFO    General                 (simplification.cpp        : 510)     Total length = 3268030
  0:00:48.653    58M / 950M  INFO    General                 (simplification.cpp        : 511)     Median edge length: 254
  0:00:48.655    58M / 950M  INFO    General                 (simplification.cpp        : 512)     Edges: 25982
  0:00:48.655    58M / 950M  INFO    General                 (simplification.cpp        : 513)     Vertices: 47476
  0:00:48.656    58M / 950M  WARN    General                 (simplification.cpp        : 517)   The determined erroneous connection coverage threshold may be determined improperly
  0:00:48.656    58M / 950M  INFO   StageManager             (stage.cpp                 : 212)   STAGE == Mismatch Correction (id: mismatch_correction)
  0:00:48.656    58M / 950M  INFO    General                 (graph_pack_helpers.cpp    :  44)   Index refill
  0:00:48.656    58M / 950M  INFO    General                 (edge_index.hpp            : 175)   Using small index (max_id = 464319)
  0:00:48.765    58M / 950M  INFO   K-mer Index Building     (kmer_index_builder.hpp    : 460)   Building perfect hash indices
  0:00:49.476    60M / 950M  INFO   K-mer Index Building     (kmer_index_builder.hpp    : 496)   Index built. Total 3268030 kmers, 2361448 bytes occupied (5.78073 bits per kmer).
  0:00:49.488    85M / 950M  INFO    General                 (edge_index_builders.hpp   : 253)   Collecting edge information from graph, this takes a while.
  0:00:49.907    85M / 950M  INFO    General                 (graph_pack_helpers.cpp    :  54)   Normalizing k-mer map. Total 99446 kmers to process
  0:00:49.935    85M / 950M  INFO    General                 (kmer_mapper.hpp           :  87)   Total 3480 kmers with non-trivial roots
  0:00:49.936    85M / 950M  INFO    General                 (graph_pack_helpers.cpp    :  56)   Normalizing done
  0:00:49.936    85M / 950M  INFO    General                 (mismatch_correction.cpp   : 421)   Collect potential mismatches
  0:00:50.016    86M / 950M  INFO    General                 (mismatch_correction.cpp   : 213)   Total 1564 edges (out of 25982) with 9930 potential mismatch positions (6.3491 positions per edge)
  0:00:50.016    85M / 950M  INFO    General                 (mismatch_correction.cpp   : 423)   Potential mismatches collected
  0:00:50.017    85M / 950M  INFO    General                 (sequence_mapper_notifier.h:  80)   Starting sequence mapping
  0:00:53.891    87M / 950M  INFO    General                 (sequence_mapper_notifier.h: 120)   Total 393444 reads processed
  0:00:53.899    86M / 950M  INFO    General                 (mismatch_correction.cpp   : 416)   All edges processed
  0:00:53.899    85M / 950M  INFO    General                 (mismatch_correction.cpp   : 471)   Corrected 3 nucleotides
  0:00:53.899    85M / 950M  INFO   StageManager             (stage.cpp                 : 212)   STAGE == Contig Output (id: contig_output)
  0:00:53.899    85M / 950M  INFO    General                 (contig_output.hpp         :  20)   Outputting contigs to "/workspaces/Coptis_Genomic_Insights/Output/K77/before_rr.fasta"
  0:00:54.072    85M / 950M  INFO    General                 (contig_output_stage.cpp   : 159)   Writing GFA graph to "/workspaces/Coptis_Genomic_Insights/Output/K77/assembly_graph_after_simplification.gfa"
  0:00:54.125    85M / 950M  INFO   StageManager             (stage.cpp                 : 212)   STAGE == Paired Information Counting (id: late_pair_info_count)
  0:00:54.139    90M / 950M  INFO    General                 (graph_pack_helpers.cpp    :  54)   Normalizing k-mer map. Total 99910 kmers to process
  0:00:54.163    91M / 950M  INFO    General                 (kmer_mapper.hpp           :  87)   Total 994 kmers with non-trivial roots
  0:00:54.163    90M / 950M  INFO    General                 (graph_pack_helpers.cpp    :  56)   Normalizing done
  0:00:54.166    90M / 950M  INFO    General                 (pair_info_count.cpp       : 165)   Min edge length for estimation: 254
  0:00:54.166    90M / 950M  INFO    General                 (pair_info_count.cpp       : 176)   Estimating insert size for library #0
  0:00:54.167    90M / 950M  INFO    General                 (pair_info_count.cpp       :  41)   Selecting usual mapper
  0:00:54.167    90M / 950M  INFO    General                 (paired_info_utils.cpp     : 102)   Estimating insert size (takes a while)
  0:00:54.179   138M / 950M  INFO    General                 (sequence_mapper_notifier.h:  80)   Starting sequence mapping
  0:00:56.442   138M / 950M  INFO    General                 (sequence_mapper_notifier.h: 120)   Total 97291 reads processed
  0:00:56.543   138M / 950M  INFO    General                 (paired_info_utils.cpp     : 119)   Edge pairs: 32830
  0:00:56.543   138M / 950M  INFO    General                 (paired_info_utils.cpp     : 121)   16449 paired reads (16.907% of all) aligned to long edges
  0:00:56.545    90M / 950M  INFO    General                 (pair_info_count.cpp       : 196)     Insert size = 307.716, deviation = 60.9541, left quantile = 235, right quantile = 386, read length = 150
  0:00:56.545    90M / 950M  INFO    General                 (pair_info_count.cpp       : 211)   Filtering data for library #0
  0:00:56.547    90M / 950M  INFO    General                 (pair_info_count.cpp       :  41)   Selecting usual mapper
  0:00:56.547    91M / 950M  INFO    General                 (sequence_mapper_notifier.h:  80)   Starting sequence mapping
  0:00:58.953    91M / 950M  INFO    General                 (sequence_mapper_notifier.h: 120)   Total 97291 reads processed
  0:00:58.954    91M / 950M  INFO    General                 (pair_info_count.cpp       : 216)   Mapping library #0
  0:00:58.954    91M / 950M  INFO    General                 (pair_info_count.cpp       : 218)   Mapping paired reads (takes a while)
  0:00:58.954    91M / 950M  INFO    General                 (pair_info_count.cpp       :  41)   Selecting usual mapper
  0:00:58.954    91M / 950M  INFO    General                 (paired_info_utils.cpp     : 152)   Left insert size quantile 235, right insert size quantile 386, filtering threshold 2, rounding threshold 0
  0:00:58.965   104M / 950M  INFO    General                 (sequence_mapper_notifier.h:  80)   Starting sequence mapping
  0:01:01.338   105M / 950M  INFO    General                 (sequence_mapper_notifier.h: 120)   Total 97291 reads processed
  0:01:01.342    91M / 950M  INFO   StageManager             (stage.cpp                 : 212)   STAGE == Distance Estimation (id: distance_estimation)
  0:01:01.343    91M / 950M  INFO    General                 (distance_estimation.cpp   :  75)   Processing library #0
  0:01:01.343    91M / 950M  INFO    General                 (distance_estimation_utils.:  23)   Estimating distances
  0:01:01.343    91M / 950M  INFO   DistanceEstimator        (distance_estimation.hpp   : 132)   Using SIMPLE distance estimator
  0:01:01.419    92M / 950M  INFO    General                 (distance_estimation_utils.: 137)   Refining clustered pair information
  0:01:01.426    92M / 950M  INFO    General                 (distance_estimation_utils.: 139)   The refining of clustered pair information has been finished
  0:01:01.427    92M / 950M  INFO    General                 (distance_estimation_utils.: 141)   Improving paired information
  0:01:01.478    92M / 950M  INFO   PairInfoImprover         (pair_info_improver.hpp    :  80)   Paired info stats: missing = 5732; contradictional = 8
  0:01:01.529    92M / 950M  INFO   PairInfoImprover         (pair_info_improver.hpp    :  80)   Paired info stats: missing = 706; contradictional = 0
  0:01:01.530    92M / 950M  INFO    General                 (distance_estimation_utils.:  81)   Filling scaffolding index
  0:01:01.530    92M / 950M  INFO    General                 (distance_estimation_utils.:  23)   Estimating distances
  0:01:01.530    92M / 950M  INFO   DistanceEstimator        (distance_estimation.hpp   : 132)   Using SMOOTHING distance estimator
  0:01:01.613    92M / 950M  INFO    General                 (distance_estimation.cpp   :  84)   Clearing raw paired index
  0:01:01.614    91M / 950M  INFO   StageManager             (stage.cpp                 : 212)   STAGE == Repeat Resolving (id: repeat_resolving)
  0:01:01.614    91M / 950M  INFO    General                 (repeat_resolving.cpp      :  88)   Using Path-Extend repeat resolving
  0:01:01.615    91M / 950M  INFO    General                 (launcher.cpp              : 632)   ExSPAnder repeat resolving tool started
  0:01:01.620    91M / 950M  INFO    General                 (coverage_uniformity_analyz:  25)   genomic coverage is 0.81203 calculated of length 1636210
  0:01:01.629    98M / 950M  INFO    General                 (launcher.cpp              : 440)   Creating main extenders, unique edge length = 2000
  0:01:01.630    98M / 950M  INFO    General                 (extenders_logic.cpp       : 341)   Estimated coverage of library #0 is 1.49062
  0:01:01.631    98M / 950M  INFO    General                 (extenders_logic.cpp       : 352)   Creating extender; library index size: 40762
  0:01:01.631    99M / 950M  INFO    General                 (extenders_logic.cpp       : 341)   Estimated coverage of library #0 is 1.49062
  0:01:01.631    99M / 950M  INFO    General                 (extenders_logic.cpp       : 352)   Creating extender; library index size: 40762
  0:01:01.635   102M / 950M  INFO    General                 (extenders_logic.cpp       : 550)   Using 1 paired-end library
  0:01:01.635   102M / 950M  INFO    General                 (extenders_logic.cpp       : 551)   Using 1 paired-end scaffolding library
  0:01:01.635   102M / 950M  INFO    General                 (extenders_logic.cpp       : 552)   Using 0 single read libraries
  0:01:01.635   102M / 950M  INFO    General                 (launcher.cpp              : 469)   Total number of extenders is 3
  0:01:01.635   102M / 950M  INFO    General                 (path_extenders.cpp        :  36)   Processed 0 paths from 12931 (0%)
  0:01:01.639   103M / 950M  INFO    General                 (path_extenders.cpp        :  34)   Processed 128 paths from 12931 (0%)
  0:01:01.641   103M / 950M  INFO    General                 (path_extenders.cpp        :  34)   Processed 256 paths from 12931 (1%)
  0:01:01.646   103M / 950M  INFO    General                 (path_extenders.cpp        :  34)   Processed 512 paths from 12931 (3%)
  0:01:01.656   103M / 950M  INFO    General                 (path_extenders.cpp        :  34)   Processed 1024 paths from 12931 (7%)
  0:01:01.669   103M / 950M  INFO    General                 (path_extenders.cpp        :  36)   Processed 1294 paths from 12931 (10%)
  0:01:01.681   104M / 950M  INFO    General                 (path_extenders.cpp        :  34)   Processed 2048 paths from 12931 (15%)
  0:01:01.686   104M / 950M  INFO    General                 (path_extenders.cpp        :  36)   Processed 2588 paths from 12931 (20%)
  0:01:01.704   105M / 950M  INFO    General                 (path_extenders.cpp        :  36)   Processed 3882 paths from 12931 (30%)
  0:01:01.709   105M / 950M  INFO    General                 (path_extenders.cpp        :  34)   Processed 4096 paths from 12931 (31%)
  0:01:01.720   106M / 950M  INFO    General                 (path_extenders.cpp        :  36)   Processed 5176 paths from 12931 (40%)
  0:01:01.732   106M / 950M  INFO    General                 (path_extenders.cpp        :  36)   Processed 6470 paths from 12931 (50%)
  0:01:01.745   107M / 950M  INFO    General                 (path_extenders.cpp        :  36)   Processed 7764 paths from 12931 (60%)
  0:01:01.749   107M / 950M  INFO    General                 (path_extenders.cpp        :  34)   Processed 8192 paths from 12931 (63%)
  0:01:01.752   108M / 950M  INFO    General                 (path_extenders.cpp        :  36)   Processed 9058 paths from 12931 (70%)
  0:01:01.760   108M / 950M  INFO    General                 (path_extenders.cpp        :  36)   Processed 10352 paths from 12931 (80%)
  0:01:01.778   109M / 950M  INFO    General                 (path_extenders.cpp        :  36)   Processed 11646 paths from 12931 (90%)
  0:01:01.830   106M / 950M  INFO    General                 (launcher.cpp              : 260)   Finalizing paths
  0:01:01.830   106M / 950M  INFO    General                 (launcher.cpp              : 262)   Deduplicating paths
  0:01:01.838   105M / 950M  INFO    General                 (launcher.cpp              : 266)   Paths deduplicated
  0:01:01.840   105M / 950M  INFO   PEResolver               (pe_resolver.cpp           :  70)   Removing overlaps
  0:01:01.840   105M / 950M  INFO   PEResolver               (pe_resolver.cpp           :  73)   Sorting paths
  0:01:01.842   105M / 950M  INFO   PEResolver               (pe_resolver.cpp           :  80)   Marking overlaps
  0:01:01.842   105M / 950M  INFO   OverlapRemover           (overlap_remover.hpp       : 120)   Marking start/end overlaps
  0:01:01.852   105M / 950M  INFO   OverlapRemover           (overlap_remover.hpp       : 123)   Marking remaining overlaps
  0:01:01.861   105M / 950M  INFO   PEResolver               (pe_resolver.cpp           :  83)   Splitting paths
  0:01:01.863   105M / 950M  INFO   PEResolver               (pe_resolver.cpp           :  88)   Deduplicating paths
  0:01:01.866   105M / 950M  INFO   PEResolver               (pe_resolver.cpp           :  90)   Overlaps removed
  0:01:01.871   106M / 950M  INFO    General                 (launcher.cpp              : 283)   Paths finalized
  0:01:01.872   106M / 950M  INFO    General                 (launcher.cpp              : 478)   Closing gaps in paths
  0:01:01.885   111M / 950M  INFO    General                 (launcher.cpp              : 508)   Gap closing completed
  0:01:01.894    98M / 950M  INFO    General                 (launcher.cpp              : 316)   Traversing tandem repeats
  0:01:02.059    98M / 950M  INFO    General                 (launcher.cpp              : 326)   Traversed 4 loops
  0:01:02.059    98M / 950M  INFO    General                 (launcher.cpp              : 260)   Finalizing paths
  0:01:02.059    98M / 950M  INFO    General                 (launcher.cpp              : 262)   Deduplicating paths
  0:01:02.063    98M / 950M  INFO    General                 (launcher.cpp              : 266)   Paths deduplicated
  0:01:02.064    98M / 950M  INFO   PEResolver               (pe_resolver.cpp           :  70)   Removing overlaps
  0:01:02.064    98M / 950M  INFO   PEResolver               (pe_resolver.cpp           :  73)   Sorting paths
  0:01:02.065    98M / 950M  INFO   PEResolver               (pe_resolver.cpp           :  80)   Marking overlaps
  0:01:02.065    98M / 950M  INFO   OverlapRemover           (overlap_remover.hpp       : 120)   Marking start/end overlaps
  0:01:02.077    98M / 950M  INFO   OverlapRemover           (overlap_remover.hpp       : 123)   Marking remaining overlaps
  0:01:02.085    98M / 950M  INFO   PEResolver               (pe_resolver.cpp           :  83)   Splitting paths
  0:01:02.086    98M / 950M  INFO   PEResolver               (pe_resolver.cpp           :  88)   Deduplicating paths
  0:01:02.090    98M / 950M  INFO   PEResolver               (pe_resolver.cpp           :  90)   Overlaps removed
  0:01:02.094    98M / 950M  INFO    General                 (launcher.cpp              : 283)   Paths finalized
  0:01:02.094    98M / 950M  INFO    General                 (launcher.cpp              : 697)   ExSPAnder repeat resolving tool finished
  0:01:02.095    97M / 950M  INFO   StageManager             (stage.cpp                 : 212)   STAGE == Contig Output (id: contig_output)
  0:01:02.095    97M / 950M  INFO    General                 (contig_output.hpp         :  20)   Outputting contigs to "/workspaces/Coptis_Genomic_Insights/Output/K77/before_rr.fasta"
  0:01:02.272    97M / 950M  INFO    General                 (contig_output_stage.cpp   : 159)   Writing GFA graph to "/workspaces/Coptis_Genomic_Insights/Output/K77/assembly_graph_with_scaffolds.gfa"
  0:01:02.311    97M / 950M  INFO    General                 (contig_output_stage.cpp   : 175)   Outputting FastG graph to "/workspaces/Coptis_Genomic_Insights/Output/K77/assembly_graph.fastg"
  0:01:02.428    97M / 950M  INFO    General                 (contig_output_stage.cpp   : 210)   Breaking scaffolds
  0:01:02.460   110M / 950M  INFO    General                 (contig_output_stage.cpp   : 101)   Outputting contigs to /workspaces/Coptis_Genomic_Insights/Output/K77/final_contigs.fasta
  0:01:02.492   110M / 950M  INFO    General                 (contig_output_stage.cpp   : 107)   Outputting FastG paths to /workspaces/Coptis_Genomic_Insights/Output/K77/final_contigs.paths
  0:01:02.530   103M / 950M  INFO    General                 (contig_output_stage.cpp   : 101)   Outputting contigs to /workspaces/Coptis_Genomic_Insights/Output/K77/scaffolds.fasta
  0:01:02.556   103M / 950M  INFO    General                 (contig_output_stage.cpp   : 107)   Outputting FastG paths to /workspaces/Coptis_Genomic_Insights/Output/K77/scaffolds.paths
  0:01:02.568   103M / 950M  INFO    General                 (contig_output_stage.cpp   : 114)   Populating GFA with scaffold paths
  0:01:02.577    97M / 950M  INFO    General                 (pipeline.cpp              : 303)   SPAdes finished
  0:01:02.596     1M / 950M  INFO    General                 (main.cpp                  : 131)   Assembling time: 0 hours 1 minutes 2 seconds

===== K77 finished. 


===== Copy files started. 


== Running: /home/codespace/.python/current/bin/python3 /opt/conda/share/spades/spades_pipeline/scripts/copy_files.py /workspaces/Coptis_Genomic_Insights/Output/K77/before_rr.fasta /workspaces/Coptis_Genomic_Insights/Output/before_rr.fasta /workspaces/Coptis_Genomic_Insights/Output/K77/assembly_graph_after_simplification.gfa /workspaces/Coptis_Genomic_Insights/Output/assembly_graph_after_simplification.gfa /workspaces/Coptis_Genomic_Insights/Output/K77/final_contigs.fasta /workspaces/Coptis_Genomic_Insights/Output/contigs.fasta /workspaces/Coptis_Genomic_Insights/Output/K77/first_pe_contigs.fasta /workspaces/Coptis_Genomic_Insights/Output/first_pe_contigs.fasta /workspaces/Coptis_Genomic_Insights/Output/K77/strain_graph.gfa /workspaces/Coptis_Genomic_Insights/Output/strain_graph.gfa /workspaces/Coptis_Genomic_Insights/Output/K77/scaffolds.fasta /workspaces/Coptis_Genomic_Insights/Output/scaffolds.fasta /workspaces/Coptis_Genomic_Insights/Output/K77/scaffolds.paths /workspaces/Coptis_Genomic_Insights/Output/scaffolds.paths /workspaces/Coptis_Genomic_Insights/Output/K77/assembly_graph_with_scaffolds.gfa /workspaces/Coptis_Genomic_Insights/Output/assembly_graph_with_scaffolds.gfa /workspaces/Coptis_Genomic_Insights/Output/K77/assembly_graph.fastg /workspaces/Coptis_Genomic_Insights/Output/assembly_graph.fastg /workspaces/Coptis_Genomic_Insights/Output/K77/final_contigs.paths /workspaces/Coptis_Genomic_Insights/Output/contigs.paths


===== Copy files finished. 


===== Assembling finished. 


===== Mismatch correction started. 


===== Mismatch correction contigs started. 


== Running: /home/codespace/.python/current/bin/python3 /opt/conda/share/spades/spades_pipeline/scripts/correction_iteration_script.py --corrected /workspaces/Coptis_Genomic_Insights/Output/contigs.fasta --assembled /workspaces/Coptis_Genomic_Insights/Output/misc/assembled_contigs.fasta --assembly_type contigs --output_dir /workspaces/Coptis_Genomic_Insights/Output --bin_home /opt/conda/bin

== Processing of contigs
== Running contig polishing tool: /opt/conda/bin/spades-corrector-core /workspaces/Coptis_Genomic_Insights/Output/mismatch_corrector/contigs/configs/corrector.info /workspaces/Coptis_Genomic_Insights/Output/misc/assembled_contigs.fasta
== Dataset description file was created: /workspaces/Coptis_Genomic_Insights/Output/mismatch_corrector/contigs/configs/corrector.info
Run: /opt/conda/bin/spades-corrector-core /workspaces/Coptis_Genomic_Insights/Output/mismatch_corrector/contigs/configs/corrector.info /workspaces/Coptis_Genomic_Insights/Output/misc/assembled_contigs.fasta
"/workspaces/Coptis_Genomic_Insights/Output/mismatch_corrector/contigs/configs/log.properties"  0:00:00.000     1M / 15M   INFO    General                 (main.cpp                  :  57)   Starting mismatch corrector, built from N/A, git revision N/A
  0:00:00.000     1M / 15M   INFO    General                 (main.cpp                  :  58)   Maximum # of threads to use (adjusted due to OMP capabilities): 2
  0:00:00.000     1M / 15M   INFO   DatasetProcessor         (dataset_processor.cpp     : 173)   Splitting assembly...
  0:00:00.000     1M / 15M   INFO   DatasetProcessor         (dataset_processor.cpp     : 174)   Assembly file: "/workspaces/Coptis_Genomic_Insights/Output/misc/assembled_contigs.fasta"
  0:00:01.028    27M / 36M   INFO   DatasetProcessor         (dataset_processor.cpp     : 126)   Running bwa index ...: /opt/conda/bin/spades-bwa index /workspaces/Coptis_Genomic_Insights/Output/misc/assembled_contigs.fasta
[bwa_index] Pack FASTA... 0.04 sec
[bwa_index] Construct BWT for the packed sequence...
[bwa_index] 1.02 seconds elapse.
[bwa_index] Update BWT... 0.02 sec
[bwa_index] Pack forward-only FASTA... 0.02 sec
[bwa_index] Construct SA from BWT and Occ... 0.29 sec
[main] Version: 0.7.16a-r1185-dirty
[main] CMD: /opt/conda/bin/spades-bwa index /workspaces/Coptis_Genomic_Insights/Output/misc/assembled_contigs.fasta
[main] Real time: 1.740 sec; CPU: 1.393 sec
  0:00:02.787    27M / 36M   INFO   DatasetProcessor         (dataset_processor.cpp     : 188)   Processing paired sublib of number 0
  0:00:02.787    27M / 36M   INFO   DatasetProcessor         (dataset_processor.cpp     : 189)   /workspaces/Coptis_Genomic_Insights/Raw_Data/SRR12632749_1_100k.fastq /workspaces/Coptis_Genomic_Insights/Raw_Data/SRR12632749_2_100k.fastq
  0:00:02.787    27M / 36M   INFO   DatasetProcessor         (dataset_processor.cpp     : 151)   Running bwa mem ...:/opt/conda/bin/spades-bwa mem  -v 1 -t 2  /workspaces/Coptis_Genomic_Insights/Output/misc/assembled_contigs.fasta /workspaces/Coptis_Genomic_Insights/Raw_Data/SRR12632749_1_100k.fastq /workspaces/Coptis_Genomic_Insights/Raw_Data/SRR12632749_2_100k.fastq   > /workspaces/Coptis_Genomic_Insights/Output/tmp/corrector_vggyk52p/lib0_NlIDBk/tmp.sam
[main] Version: 0.7.16a-r1185-dirty
[main] CMD: /opt/conda/bin/spades-bwa mem -v 1 -t 2 /workspaces/Coptis_Genomic_Insights/Output/misc/assembled_contigs.fasta /workspaces/Coptis_Genomic_Insights/Raw_Data/SRR12632749_1_100k.fastq /workspaces/Coptis_Genomic_Insights/Raw_Data/SRR12632749_2_100k.fastq
[main] Real time: 18.841 sec; CPU: 31.702 sec
  0:00:21.638    27M / 36M   INFO   DatasetProcessor         (dataset_processor.cpp     : 197)   Adding samfile "/workspaces/Coptis_Genomic_Insights/Output/tmp/corrector_vggyk52p/lib0_NlIDBk/tmp.sam"
  0:00:23.932    41M / 96M   INFO   DatasetProcessor         (dataset_processor.cpp     : 225)   Processing contigs
  0:00:24.279    44M / 114M  INFO   DatasetProcessor         (dataset_processor.cpp     : 241)   Contig NODE_2_length_26201_cov_11.971942 processed with 0 changes in thread 1
  0:00:24.491    55M / 115M  INFO   DatasetProcessor         (dataset_processor.cpp     : 241)   Contig NODE_1_length_85347_cov_5.667351 processed with 1 changes in thread 0
  0:00:30.242    42M / 115M  INFO   DatasetProcessor         (dataset_processor.cpp     : 245)   Gluing processed contigs
  0:00:30.408     1M / 115M  INFO    General                 (main.cpp                  :  71)   Correcting time: 0 hours 0 minutes 30 seconds

===== Mismatch correction contigs finished. 


===== Mismatch correction scaffolds started. 


== Running: /home/codespace/.python/current/bin/python3 /opt/conda/share/spades/spades_pipeline/scripts/correction_iteration_script.py --corrected /workspaces/Coptis_Genomic_Insights/Output/scaffolds.fasta --assembled /workspaces/Coptis_Genomic_Insights/Output/misc/assembled_scaffolds.fasta --assembly_type scaffolds --output_dir /workspaces/Coptis_Genomic_Insights/Output --bin_home /opt/conda/bin

== Processing of scaffolds
== Running contig polishing tool: /opt/conda/bin/spades-corrector-core /workspaces/Coptis_Genomic_Insights/Output/mismatch_corrector/scaffolds/configs/corrector.info /workspaces/Coptis_Genomic_Insights/Output/misc/assembled_scaffolds.fasta
== Dataset description file was created: /workspaces/Coptis_Genomic_Insights/Output/mismatch_corrector/scaffolds/configs/corrector.info
Run: /opt/conda/bin/spades-corrector-core /workspaces/Coptis_Genomic_Insights/Output/mismatch_corrector/scaffolds/configs/corrector.info /workspaces/Coptis_Genomic_Insights/Output/misc/assembled_scaffolds.fasta
"/workspaces/Coptis_Genomic_Insights/Output/mismatch_corrector/scaffolds/configs/log.properties"  0:00:00.000     1M / 15M   INFO    General                 (main.cpp                  :  57)   Starting mismatch corrector, built from N/A, git revision N/A
  0:00:00.000     1M / 15M   INFO    General                 (main.cpp                  :  58)   Maximum # of threads to use (adjusted due to OMP capabilities): 2
  0:00:00.000     1M / 15M   INFO   DatasetProcessor         (dataset_processor.cpp     : 173)   Splitting assembly...
  0:00:00.000     1M / 15M   INFO   DatasetProcessor         (dataset_processor.cpp     : 174)   Assembly file: "/workspaces/Coptis_Genomic_Insights/Output/misc/assembled_scaffolds.fasta"
  0:00:01.352    27M / 36M   INFO   DatasetProcessor         (dataset_processor.cpp     : 126)   Running bwa index ...: /opt/conda/bin/spades-bwa index /workspaces/Coptis_Genomic_Insights/Output/misc/assembled_scaffolds.fasta
[bwa_index] Pack FASTA... 0.04 sec
[bwa_index] Construct BWT for the packed sequence...
[bwa_index] 1.08 seconds elapse.
[bwa_index] Update BWT... 0.02 sec
[bwa_index] Pack forward-only FASTA... 0.03 sec
[bwa_index] Construct SA from BWT and Occ... 0.39 sec
[main] Version: 0.7.16a-r1185-dirty
[main] CMD: /opt/conda/bin/spades-bwa index /workspaces/Coptis_Genomic_Insights/Output/misc/assembled_scaffolds.fasta
[main] Real time: 3.163 sec; CPU: 1.567 sec
  0:00:04.530    27M / 36M   INFO   DatasetProcessor         (dataset_processor.cpp     : 188)   Processing paired sublib of number 0
  0:00:04.533    27M / 36M   INFO   DatasetProcessor         (dataset_processor.cpp     : 189)   /workspaces/Coptis_Genomic_Insights/Raw_Data/SRR12632749_1_100k.fastq /workspaces/Coptis_Genomic_Insights/Raw_Data/SRR12632749_2_100k.fastq
  0:00:04.536    27M / 36M   INFO   DatasetProcessor         (dataset_processor.cpp     : 151)   Running bwa mem ...:/opt/conda/bin/spades-bwa mem  -v 1 -t 2  /workspaces/Coptis_Genomic_Insights/Output/misc/assembled_scaffolds.fasta /workspaces/Coptis_Genomic_Insights/Raw_Data/SRR12632749_1_100k.fastq /workspaces/Coptis_Genomic_Insights/Raw_Data/SRR12632749_2_100k.fastq   > /workspaces/Coptis_Genomic_Insights/Output/tmp/corrector_mz6a_529/lib0_UbRzHN/tmp.sam
[main] Version: 0.7.16a-r1185-dirty
[main] CMD: /opt/conda/bin/spades-bwa mem -v 1 -t 2 /workspaces/Coptis_Genomic_Insights/Output/misc/assembled_scaffolds.fasta /workspaces/Coptis_Genomic_Insights/Raw_Data/SRR12632749_1_100k.fastq /workspaces/Coptis_Genomic_Insights/Raw_Data/SRR12632749_2_100k.fastq
[main] Real time: 20.210 sec; CPU: 32.023 sec
  0:00:24.757    27M / 36M   INFO   DatasetProcessor         (dataset_processor.cpp     : 197)   Adding samfile "/workspaces/Coptis_Genomic_Insights/Output/tmp/corrector_mz6a_529/lib0_UbRzHN/tmp.sam"
  0:00:27.174    41M / 95M   INFO   DatasetProcessor         (dataset_processor.cpp     : 225)   Processing contigs
  0:00:27.443    44M / 108M  INFO   DatasetProcessor         (dataset_processor.cpp     : 241)   Contig NODE_2_length_26201_cov_11.971942 processed with 0 changes in thread 1
  0:00:27.610    55M / 108M  INFO   DatasetProcessor         (dataset_processor.cpp     : 241)   Contig NODE_1_length_85347_cov_5.667351 processed with 1 changes in thread 0
  0:00:33.528    42M / 108M  INFO   DatasetProcessor         (dataset_processor.cpp     : 245)   Gluing processed contigs
  0:00:33.701     1M / 108M  INFO    General                 (main.cpp                  :  71)   Correcting time: 0 hours 0 minutes 33 seconds

===== Mismatch correction scaffolds finished. 


===== Mismatch correction finished. 


===== Breaking scaffolds started. 


== Running: /home/codespace/.python/current/bin/python3 /opt/conda/share/spades/spades_pipeline/scripts/breaking_scaffolds_script.py --result_scaffolds_filename /workspaces/Coptis_Genomic_Insights/Output/scaffolds.fasta --misc_dir /workspaces/Coptis_Genomic_Insights/Output/misc --threshold_for_breaking_scaffolds 3


===== Breaking scaffolds finished. 


===== Terminate started. 


===== Terminate finished. 

 * Corrected reads are in /workspaces/Coptis_Genomic_Insights/Output/corrected/
 * Assembled contigs are in /workspaces/Coptis_Genomic_Insights/Output/contigs.fasta
 * Assembled scaffolds are in /workspaces/Coptis_Genomic_Insights/Output/scaffolds.fasta
 * Paths in the assembly graph corresponding to the contigs are in /workspaces/Coptis_Genomic_Insights/Output/contigs.paths
 * Paths in the assembly graph corresponding to the scaffolds are in /workspaces/Coptis_Genomic_Insights/Output/scaffolds.paths
 * Assembly graph is in /workspaces/Coptis_Genomic_Insights/Output/assembly_graph.fastg
 * Assembly graph in GFA format is in /workspaces/Coptis_Genomic_Insights/Output/assembly_graph_with_scaffolds.gfa

======= SPAdes pipeline finished WITH WARNINGS!

=== Error correction and assembling warnings:
 * 0:00:30.997    70M / 517M  WARN    General                 (kmer_coverage_model.cpp   : 219)   Too many erroneous kmers, the estimates might be unreliable
 * 0:00:33.417    70M / 517M  WARN    General                 (kmer_coverage_model.cpp   : 328)   Valley value was estimated improperly, reset to 8
 * 0:00:33.418    70M / 517M  WARN    General                 (kmer_coverage_model.cpp   : 367)   Failed to determine erroneous kmer threshold. Threshold set to: 8
 * 0:00:36.897    61M / 517M  WARN    General                 (simplification.cpp        : 517)   The determined erroneous connection coverage threshold may be determined improperly
 * 0:00:34.077    45M / 871M  WARN    General                 (kmer_coverage_model.cpp   : 328)   Valley value was estimated improperly, reset to 7
 * 0:00:33.754    69M / 754M  WARN    General                 (kmer_coverage_model.cpp   : 328)   Valley value was estimated improperly, reset to 4
 * 0:00:33.755    69M / 754M  WARN    General                 (kmer_coverage_model.cpp   : 367)   Failed to determine erroneous kmer threshold. Threshold set to: 4
 * 0:00:36.002    60M / 950M  WARN    General                 (kmer_coverage_model.cpp   : 328)   Valley value was estimated improperly, reset to 3
 * 0:00:36.003    60M / 950M  WARN    General                 (kmer_coverage_model.cpp   : 367)   Failed to determine erroneous kmer threshold. Threshold set to: 3
======= Warnings saved to /workspaces/Coptis_Genomic_Insights/Output/warnings.log

SPAdes log can be found here: /workspaces/Coptis_Genomic_Insights/Output/spades.log

Thank you for using SPAdes! If you use it in your research, please cite:

  Prjibelski, A., Antipov, D., Meleshko, D., Lapidus, A. and Korobeynikov, A., 2020. Using SPAdes de novo assembler. Current protocols in bioinformatics, 70(1), p.e102.
  doi.org/10.1002/cpbi.102

