#query	COG_category	Description	Preferred_name	GOs	KEGG_ko	KEGG_Pathway	KEGG_Module	PFAMs
NODE_1_length_85347_cov_16.578410_3	C	Photosystem II (PSII) is a light-driven water plastoquinone oxidoreductase that uses light energy to abstract electrons from H(2)O, generating O(2) and a proton gradient subsequently used for ATP formation. It consists of a core antenna complex that captures photons, and an electron transfer chain that converts photonic excitation into a charge separation. The D1 D2 (PsbA PsbA) reaction center heterodimer binds P680, the primary electron donor of PSII as well as several subsequent electron acceptors. D2 is needed for assembly of a stable PSII complex	psbD	GO:0005575,GO:0005622,GO:0005623,GO:0005737,GO:0009507,GO:0009532,GO:0009534,GO:0009535,GO:0009536,GO:0009570,GO:0009579,GO:0010287,GO:0016020,GO:0031976,GO:0031984,GO:0034357,GO:0042651,GO:0043226,GO:0043227,GO:0043229,GO:0043231,GO:0044422,GO:0044424,GO:0044434,GO:0044435,GO:0044436,GO:0044444,GO:0044446,GO:0044464,GO:0055035	ko:K02706	ko00195,ko01100,map00195,map01100	M00161	Photo_RC
NODE_1_length_85347_cov_16.578410_4	C	One of the components of the core complex of photosystem II (PSII). It binds chlorophyll and helps catalyze the primary light-induced photochemical processes of PSII. PSII is a light- driven water plastoquinone oxidoreductase, using light energy to abstract electrons from H(2)O, generating O(2) and a proton gradient subsequently used for ATP formation	psbC		ko:K02705	ko00195,ko01100,map00195,map01100	M00161	PSII
NODE_1_length_85347_cov_16.578410_5	G	RuBisCO catalyzes two reactions the carboxylation of D- ribulose 1,5-bisphosphate, the primary event in carbon dioxide fixation, as well as the oxidative fragmentation of the pentose substrate in the photorespiration process. Both reactions occur simultaneously and in competition at the same active site		GO:0005575,GO:0005622,GO:0005623,GO:0005737,GO:0009507,GO:0009536,GO:0043226,GO:0043227,GO:0043229,GO:0043231,GO:0044424,GO:0044444,GO:0044464	ko:K01601	ko00630,ko00710,ko01100,ko01120,ko01200,map00630,map00710,map01100,map01120,map01200	M00165,M00166,M00532	RuBisCO_large,RuBisCO_large_N
NODE_1_length_85347_cov_16.578410_6	H	Component of the acetyl coenzyme A carboxylase (ACC) complex. Biotin carboxylase (BC) catalyzes the carboxylation of biotin on its carrier protein (BCCP) and then the CO(2) group is transferred by the transcarboxylase to acetyl-CoA to form malonyl- CoA	accD		ko:K01963,ko:K02696	ko00061,ko00195,ko00620,ko00640,ko00720,ko01100,ko01110,ko01120,ko01130,ko01200,ko01212,map00061,map00195,map00620,map00640,map00720,map01100,map01110,map01120,map01130,map01200,map01212	M00082,M00376	Carboxyl_trans,PSI_8
NODE_1_length_85347_cov_16.578410_7	S	Ycf4	ycf4	GO:0003674,GO:0005488,GO:0005515,GO:0005575,GO:0005622,GO:0005623,GO:0005737,GO:0006091,GO:0008150,GO:0008152,GO:0009507,GO:0009536,GO:0009987,GO:0015979,GO:0016043,GO:0019684,GO:0022607,GO:0034622,GO:0043226,GO:0043227,GO:0043229,GO:0043231,GO:0043933,GO:0044085,GO:0044237,GO:0044424,GO:0044444,GO:0044464,GO:0048564,GO:0051082,GO:0065003,GO:0071840				Ycf4
NODE_1_length_85347_cov_16.578410_8	U	May be involved in proton extrusion. Indirectly promotes efficient inorganic carbon uptake	cemA					CemA
NODE_1_length_85347_cov_16.578410_9	C	Component of the cytochrome b6-f complex, which mediates electron transfer between photosystem II (PSII) and photosystem I (PSI), cyclic electron flow around PSI, and state transitions	petA	GO:0005575,GO:0005622,GO:0005623,GO:0005737,GO:0009507,GO:0009536,GO:0043226,GO:0043227,GO:0043229,GO:0043231,GO:0044424,GO:0044444,GO:0044464	ko:K02634	ko00195,ko01100,map00195,map01100	M00162	Apocytochr_F_C,Apocytochr_F_N,CemA
NODE_1_length_85347_cov_16.578410_10	J	30S ribosomal protein S18, chloroplastic	rps18	GO:0003674,GO:0003735,GO:0005198,GO:0005575,GO:0005622,GO:0005623,GO:0005737,GO:0005829,GO:0005840,GO:0006412,GO:0006518,GO:0006807,GO:0008150,GO:0008152,GO:0009058,GO:0009059,GO:0009507,GO:0009526,GO:0009532,GO:0009536,GO:0009570,GO:0009941,GO:0009987,GO:0010467,GO:0015935,GO:0019538,GO:0022626,GO:0022627,GO:0031967,GO:0031975,GO:0032991,GO:0034641,GO:0034645,GO:0043043,GO:0043170,GO:0043226,GO:0043227,GO:0043228,GO:0043229,GO:0043231,GO:0043232,GO:0043603,GO:0043604,GO:0044237,GO:0044238,GO:0044249,GO:0044260,GO:0044267,GO:0044271,GO:0044391,GO:0044422,GO:0044424,GO:0044434,GO:0044435,GO:0044444,GO:0044445,GO:0044446,GO:0044464,GO:0071704,GO:1901564,GO:1901566,GO:1901576,GO:1990904	ko:K02963	ko03010,map03010	M00178	Ribosomal_S18
NODE_1_length_85347_cov_16.578410_11	S	One of the components of the core complex of photosystem II (PSII). It binds chlorophyll and helps catalyze the primary light-induced photochemical processes of PSII. PSII is a light- driven water plastoquinone oxidoreductase, using light energy to abstract electrons from H(2)O, generating O(2) and a proton gradient subsequently used for ATP formation	psbB	GO:0005575,GO:0005622,GO:0005623,GO:0005737,GO:0006091,GO:0008150,GO:0008152,GO:0009507,GO:0009532,GO:0009534,GO:0009535,GO:0009536,GO:0009570,GO:0009579,GO:0009987,GO:0010207,GO:0010287,GO:0015979,GO:0016020,GO:0016043,GO:0019684,GO:0022607,GO:0031976,GO:0031984,GO:0034357,GO:0034622,GO:0042651,GO:0043226,GO:0043227,GO:0043229,GO:0043231,GO:0043933,GO:0044085,GO:0044237,GO:0044422,GO:0044424,GO:0044434,GO:0044435,GO:0044436,GO:0044444,GO:0044446,GO:0044464,GO:0055035,GO:0065003,GO:0071840	ko:K02704	ko00195,ko01100,map00195,map01100	M00161	PSII
NODE_1_length_85347_cov_16.578410_12	C	Cytochrome b(N-terminal)/b6/petB	petB	GO:0005575,GO:0005622,GO:0005623,GO:0005737,GO:0009507,GO:0009534,GO:0009535,GO:0009536,GO:0009579,GO:0016020,GO:0031976,GO:0031984,GO:0034357,GO:0042651,GO:0043226,GO:0043227,GO:0043229,GO:0043231,GO:0044422,GO:0044424,GO:0044434,GO:0044435,GO:0044436,GO:0044444,GO:0044446,GO:0044464,GO:0055035	ko:K02635,ko:K02704	ko00195,ko01100,map00195,map01100	M00161,M00162	Cytochrom_B_C,Cytochrome_B
NODE_1_length_85347_cov_16.578410_13	C	Cytochrome b(C-terminal)/b6/petD	petD	GO:0005575,GO:0005622,GO:0005623,GO:0005737,GO:0009507,GO:0009534,GO:0009535,GO:0009536,GO:0009579,GO:0016020,GO:0031976,GO:0031984,GO:0034357,GO:0042651,GO:0043226,GO:0043227,GO:0043229,GO:0043231,GO:0044422,GO:0044424,GO:0044434,GO:0044435,GO:0044436,GO:0044444,GO:0044446,GO:0044464,GO:0055035	ko:K02637	ko00195,ko01100,map00195,map01100	M00162	Cytochrom_B_C
NODE_1_length_85347_cov_16.578410_14	J	Ribosomal Proteins L2, C-terminal domain	rpl2	GO:0002181,GO:0003674,GO:0003676,GO:0003723,GO:0003729,GO:0003735,GO:0005198,GO:0005488,GO:0005575,GO:0005622,GO:0005623,GO:0005737,GO:0005829,GO:0005840,GO:0006412,GO:0006518,GO:0006807,GO:0008150,GO:0008152,GO:0009058,GO:0009059,GO:0009507,GO:0009526,GO:0009532,GO:0009536,GO:0009570,GO:0009941,GO:0009987,GO:0010467,GO:0015934,GO:0016020,GO:0019538,GO:0022625,GO:0022626,GO:0031967,GO:0031975,GO:0032991,GO:0034641,GO:0034645,GO:0043043,GO:0043170,GO:0043226,GO:0043227,GO:0043228,GO:0043229,GO:0043231,GO:0043232,GO:0043603,GO:0043604,GO:0044237,GO:0044238,GO:0044249,GO:0044260,GO:0044267,GO:0044271,GO:0044391,GO:0044422,GO:0044424,GO:0044434,GO:0044435,GO:0044444,GO:0044445,GO:0044446,GO:0044464,GO:0071704,GO:0097159,GO:1901363,GO:1901564,GO:1901566,GO:1901576,GO:1990904	ko:K02886	ko03010,map03010	M00178,M00179	Ribosomal_L2,Ribosomal_L23,Ribosomal_L2_C
NODE_1_length_85347_cov_16.578410_15	J	50S ribosomal protein L22, chloroplastic	rpl22	GO:0000313,GO:0000315,GO:0005575,GO:0005622,GO:0005623,GO:0005737,GO:0005739,GO:0005759,GO:0005761,GO:0005762,GO:0005840,GO:0009507,GO:0009526,GO:0009532,GO:0009536,GO:0009570,GO:0009941,GO:0015934,GO:0031967,GO:0031974,GO:0031975,GO:0032991,GO:0043226,GO:0043227,GO:0043228,GO:0043229,GO:0043231,GO:0043232,GO:0043233,GO:0044391,GO:0044422,GO:0044424,GO:0044429,GO:0044434,GO:0044435,GO:0044444,GO:0044446,GO:0044464,GO:0070013,GO:0098798,GO:1990904	ko:K02890	ko03010,map03010	M00178,M00179	Ribosomal_L22
NODE_1_length_85347_cov_16.578410_16	J	Belongs to the universal ribosomal protein uS3 family	rps3	GO:0002181,GO:0005575,GO:0005622,GO:0005623,GO:0005737,GO:0005829,GO:0005840,GO:0006412,GO:0006518,GO:0006807,GO:0008150,GO:0008152,GO:0009058,GO:0009059,GO:0009295,GO:0009507,GO:0009526,GO:0009532,GO:0009536,GO:0009570,GO:0009941,GO:0009987,GO:0010467,GO:0015935,GO:0016020,GO:0019538,GO:0022626,GO:0022627,GO:0031967,GO:0031975,GO:0032991,GO:0034641,GO:0034645,GO:0043043,GO:0043170,GO:0043226,GO:0043227,GO:0043228,GO:0043229,GO:0043231,GO:0043232,GO:0043603,GO:0043604,GO:0044237,GO:0044238,GO:0044249,GO:0044260,GO:0044267,GO:0044271,GO:0044391,GO:0044422,GO:0044424,GO:0044434,GO:0044435,GO:0044444,GO:0044445,GO:0044446,GO:0044464,GO:0071704,GO:1901564,GO:1901566,GO:1901576,GO:1990904	ko:K02982	ko03010,map03010	M00178,M00179	Ribosomal_S3_C
NODE_1_length_85347_cov_16.578410_17	J	50S ribosomal protein L16, chloroplastic	rpl16	GO:0003674,GO:0003676,GO:0003723,GO:0003735,GO:0005198,GO:0005488,GO:0005575,GO:0005622,GO:0005623,GO:0005737,GO:0005829,GO:0005840,GO:0009507,GO:0009526,GO:0009532,GO:0009536,GO:0009570,GO:0009941,GO:0015934,GO:0019843,GO:0022625,GO:0022626,GO:0031967,GO:0031975,GO:0032991,GO:0043226,GO:0043227,GO:0043228,GO:0043229,GO:0043231,GO:0043232,GO:0044391,GO:0044422,GO:0044424,GO:0044434,GO:0044435,GO:0044444,GO:0044445,GO:0044446,GO:0044464,GO:0097159,GO:1901363,GO:1990904	ko:K02878	ko03010,map03010	M00178	Ribosomal_L16
NODE_1_length_85347_cov_16.578410_18	J	Ribosomal protein L14p/L23e	rpl14	GO:0000313,GO:0000315,GO:0003674,GO:0003676,GO:0003723,GO:0003735,GO:0005198,GO:0005488,GO:0005575,GO:0005622,GO:0005623,GO:0005737,GO:0005739,GO:0005759,GO:0005761,GO:0005762,GO:0005840,GO:0009507,GO:0009536,GO:0015934,GO:0019843,GO:0031974,GO:0032991,GO:0043226,GO:0043227,GO:0043228,GO:0043229,GO:0043231,GO:0043232,GO:0043233,GO:0044391,GO:0044422,GO:0044424,GO:0044429,GO:0044444,GO:0044446,GO:0044464,GO:0070013,GO:0070180,GO:0097159,GO:0098798,GO:1901363,GO:1990904	ko:K02874	ko03010,map03010	M00178,M00179	Ribosomal_L14
NODE_1_length_85347_cov_16.578410_19	J	Ribosomal protein S8	rps8	GO:0003674,GO:0003735,GO:0005198,GO:0005575,GO:0005622,GO:0005623,GO:0005737,GO:0005829,GO:0005840,GO:0009507,GO:0009526,GO:0009532,GO:0009536,GO:0009570,GO:0009941,GO:0015935,GO:0016020,GO:0022626,GO:0022627,GO:0031967,GO:0031975,GO:0032991,GO:0043226,GO:0043227,GO:0043228,GO:0043229,GO:0043231,GO:0043232,GO:0044391,GO:0044422,GO:0044424,GO:0044434,GO:0044435,GO:0044444,GO:0044445,GO:0044446,GO:0044464,GO:1990904	ko:K02994	ko03010,map03010	M00178,M00179	Ribosomal_L14,Ribosomal_L16,Ribosomal_S8
NODE_1_length_85347_cov_16.578410_20	K	Bacterial RNA polymerase, alpha chain C terminal domain	rpoA	GO:0005575,GO:0005622,GO:0005623,GO:0005737,GO:0009507,GO:0009536,GO:0043226,GO:0043227,GO:0043229,GO:0043231,GO:0044424,GO:0044444,GO:0044464	ko:K02518,ko:K02948,ko:K03040	ko00230,ko00240,ko01100,ko03010,ko03020,map00230,map00240,map01100,map03010,map03020	M00178,M00179,M00183	RNA_pol_A_CTD,RNA_pol_A_bac,RNA_pol_L,Ribosomal_S11
NODE_1_length_85347_cov_16.578410_21	K	Bacterial RNA polymerase, alpha chain C terminal domain	rpoA	GO:0003674,GO:0003824,GO:0003899,GO:0005575,GO:0005622,GO:0005623,GO:0005737,GO:0006139,GO:0006351,GO:0006354,GO:0006725,GO:0006807,GO:0008150,GO:0008152,GO:0009058,GO:0009059,GO:0009295,GO:0009507,GO:0009532,GO:0009534,GO:0009536,GO:0009570,GO:0009579,GO:0009987,GO:0010467,GO:0016070,GO:0016740,GO:0016772,GO:0016779,GO:0018130,GO:0019438,GO:0031976,GO:0031984,GO:0032774,GO:0034062,GO:0034641,GO:0034645,GO:0034654,GO:0043170,GO:0043226,GO:0043227,GO:0043229,GO:0043231,GO:0044237,GO:0044238,GO:0044249,GO:0044260,GO:0044271,GO:0044422,GO:0044424,GO:0044434,GO:0044435,GO:0044444,GO:0044446,GO:0044464,GO:0046483,GO:0071704,GO:0090304,GO:0097659,GO:0097747,GO:0140098,GO:1901360,GO:1901362,GO:1901576	ko:K03040	ko00230,ko00240,ko01100,ko03020,map00230,map00240,map01100,map03020	M00183	RNA_pol_A_CTD,RNA_pol_A_bac,RNA_pol_L
NODE_1_length_85347_cov_16.578410_22	O	Encoded by			ko:K01358	ko04112,ko04212,map04112,map04212		CLP_protease
NODE_1_length_85347_cov_16.578410_23	J	Binds directly to 23S ribosomal RNA and is necessary for the in vitro assembly process of the 50S ribosomal subunit. It is not involved in the protein synthesizing functions of that subunit	rpl20	GO:0000027,GO:0003674,GO:0003735,GO:0005198,GO:0005575,GO:0005622,GO:0005623,GO:0005737,GO:0006996,GO:0008150,GO:0009507,GO:0009526,GO:0009532,GO:0009536,GO:0009570,GO:0009941,GO:0009987,GO:0016043,GO:0022607,GO:0022613,GO:0022618,GO:0031967,GO:0031975,GO:0034622,GO:0042254,GO:0042255,GO:0042273,GO:0043226,GO:0043227,GO:0043229,GO:0043231,GO:0043933,GO:0044085,GO:0044422,GO:0044424,GO:0044434,GO:0044435,GO:0044444,GO:0044446,GO:0044464,GO:0065003,GO:0070925,GO:0071826,GO:0071840	ko:K02887	ko03010,map03010	M00178	Ribosomal_L20
NODE_1_length_85347_cov_16.578410_26	C	Produces ATP from ADP in the presence of a proton gradient across the membrane	atpB	GO:0002376,GO:0003674,GO:0005488,GO:0005575,GO:0005618,GO:0005622,GO:0005623,GO:0005737,GO:0006950,GO:0006952,GO:0006955,GO:0008150,GO:0008270,GO:0009266,GO:0009409,GO:0009507,GO:0009526,GO:0009532,GO:0009534,GO:0009535,GO:0009536,GO:0009544,GO:0009570,GO:0009579,GO:0009605,GO:0009607,GO:0009620,GO:0009628,GO:0009814,GO:0009817,GO:0010287,GO:0010319,GO:0016020,GO:0030312,GO:0031967,GO:0031975,GO:0031976,GO:0031977,GO:0031984,GO:0032991,GO:0034357,GO:0042651,GO:0043167,GO:0043169,GO:0043207,GO:0043226,GO:0043227,GO:0043229,GO:0043231,GO:0044422,GO:0044424,GO:0044425,GO:0044434,GO:0044435,GO:0044436,GO:0044444,GO:0044446,GO:0044464,GO:0045087,GO:0046872,GO:0046914,GO:0050832,GO:0050896,GO:0051704,GO:0051707,GO:0055035,GO:0071944,GO:0098542,GO:0098796,GO:0098807	ko:K02112,ko:K02114	ko00190,ko00195,ko01100,map00190,map00195,map01100	M00157	ATP-synt_DE,ATP-synt_DE_N,ATP-synt_ab,ATP-synt_ab_N
NODE_1_length_85347_cov_16.578410_27	C	ATP synthase epsilon chain	atpE	GO:0005575,GO:0005622,GO:0005623,GO:0005737,GO:0006139,GO:0006163,GO:0006164,GO:0006725,GO:0006753,GO:0006754,GO:0006793,GO:0006796,GO:0006807,GO:0006810,GO:0006811,GO:0006812,GO:0008150,GO:0008152,GO:0009058,GO:0009117,GO:0009123,GO:0009124,GO:0009126,GO:0009127,GO:0009141,GO:0009142,GO:0009144,GO:0009145,GO:0009150,GO:0009152,GO:0009156,GO:0009161,GO:0009165,GO:0009167,GO:0009168,GO:0009199,GO:0009201,GO:0009205,GO:0009206,GO:0009259,GO:0009260,GO:0009507,GO:0009526,GO:0009534,GO:0009535,GO:0009536,GO:0009579,GO:0009941,GO:0009987,GO:0015672,GO:0015985,GO:0015986,GO:0016020,GO:0017144,GO:0018130,GO:0019438,GO:0019637,GO:0019693,GO:0031967,GO:0031975,GO:0031976,GO:0031984,GO:0034220,GO:0034357,GO:0034641,GO:0034654,GO:0042651,GO:0043226,GO:0043227,GO:0043229,GO:0043231,GO:0044237,GO:0044238,GO:0044249,GO:0044271,GO:0044281,GO:0044422,GO:0044424,GO:0044434,GO:0044435,GO:0044436,GO:0044444,GO:0044446,GO:0044464,GO:0046034,GO:0046390,GO:0046483,GO:0051179,GO:0051234,GO:0055035,GO:0055085,GO:0055086,GO:0071704,GO:0072521,GO:0072522,GO:0090407,GO:0098655,GO:0098660,GO:0098662,GO:1901135,GO:1901137,GO:1901293,GO:1901360,GO:1901362,GO:1901564,GO:1901566,GO:1901576,GO:1902600	ko:K02114	ko00190,ko00195,ko01100,map00190,map00195,map01100	M00157	ATP-synt_DE,ATP-synt_DE_N
NODE_1_length_85347_cov_16.578410_28	C	NDH shuttles electrons from NAD(P)H plastoquinone, via FMN and iron-sulfur (Fe-S) centers, to quinones in the photosynthetic chain and possibly in a chloroplast respiratory chain. The immediate electron acceptor for the enzyme in this species is believed to be plastoquinone. Couples the redox reaction to proton translocation, and thus conserves the redox energy in a proton gradient	ndhC	GO:0003674,GO:0003824,GO:0003954,GO:0005575,GO:0005622,GO:0005623,GO:0005737,GO:0008137,GO:0008150,GO:0008152,GO:0009507,GO:0009536,GO:0009987,GO:0015979,GO:0016020,GO:0016491,GO:0016651,GO:0016655,GO:0030964,GO:0032991,GO:0043226,GO:0043227,GO:0043229,GO:0043231,GO:0044237,GO:0044424,GO:0044425,GO:0044444,GO:0044464,GO:0050136,GO:0055114,GO:0098796,GO:1902494	ko:K05574	ko00190,ko01100,map00190,map01100	M00145	Oxidored_q4
NODE_1_length_85347_cov_16.578410_29	C	NAD(P)H-quinone oxidoreductase subunit K, chloroplastic	ndhK	GO:0005575,GO:0005622,GO:0005623,GO:0005737,GO:0009507,GO:0009536,GO:0043226,GO:0043227,GO:0043229,GO:0043231,GO:0044424,GO:0044444,GO:0044464	ko:K05582	ko00190,ko01100,map00190,map01100	M00145	Oxidored_q4,Oxidored_q6
NODE_1_length_85347_cov_16.578410_30	C	Respiratory-chain NADH dehydrogenase, 30 Kd subunit	ndhJ	GO:0003674,GO:0003824,GO:0003954,GO:0006091,GO:0008137,GO:0008150,GO:0008152,GO:0009987,GO:0015980,GO:0016491,GO:0016651,GO:0016655,GO:0044237,GO:0045333,GO:0050136,GO:0055114	ko:K05581	ko00190,ko01100,map00190,map01100	M00145	Complex1_30kDa
NODE_1_length_85347_cov_16.578410_31	J	One of the primary rRNA binding proteins, it binds directly to 16S rRNA where it nucleates assembly of the body of the 30S subunit	rps4	GO:0003674,GO:0003676,GO:0003723,GO:0003735,GO:0005198,GO:0005488,GO:0005575,GO:0005622,GO:0005623,GO:0005737,GO:0005840,GO:0006417,GO:0006450,GO:0008150,GO:0009507,GO:0009532,GO:0009536,GO:0009570,GO:0009889,GO:0009891,GO:0009893,GO:0010468,GO:0010556,GO:0010557,GO:0010604,GO:0010608,GO:0010628,GO:0015935,GO:0016020,GO:0019222,GO:0019843,GO:0031323,GO:0031325,GO:0031326,GO:0031328,GO:0032268,GO:0032270,GO:0032991,GO:0034248,GO:0034250,GO:0043226,GO:0043227,GO:0043228,GO:0043229,GO:0043231,GO:0043232,GO:0044391,GO:0044422,GO:0044424,GO:0044434,GO:0044435,GO:0044444,GO:0044446,GO:0044464,GO:0045727,GO:0045903,GO:0048518,GO:0048522,GO:0050789,GO:0050794,GO:0051171,GO:0051173,GO:0051246,GO:0051247,GO:0060255,GO:0065007,GO:0065008,GO:0080090,GO:0097159,GO:1901363,GO:1990904,GO:2000112	ko:K02986	ko03010,map03010	M00178,M00179	Ribosomal_S4,S4
NODE_1_length_85347_cov_16.578410_32	C	PsaA and PsaB bind P700, the primary electron donor of photosystem I (PSI), as well as the electron acceptors A0, A1 and FX. PSI is a plastocyanin-ferredoxin oxidoreductase, converting photonic excitation into a charge separation, which transfers an electron from the donor P700 chlorophyll pair to the spectroscopically characterized acceptors A0, A1, FX, FA and FB in turn. Oxidized P700 is reduced on the lumenal side of the thylakoid membrane by plastocyanin	psaA	GO:0005575,GO:0005622,GO:0005623,GO:0005737,GO:0008150,GO:0008152,GO:0009507,GO:0009526,GO:0009532,GO:0009534,GO:0009535,GO:0009536,GO:0009570,GO:0009579,GO:0009941,GO:0009987,GO:0010287,GO:0015979,GO:0016020,GO:0031967,GO:0031975,GO:0031976,GO:0031984,GO:0034357,GO:0042651,GO:0043226,GO:0043227,GO:0043229,GO:0043231,GO:0044237,GO:0044422,GO:0044424,GO:0044434,GO:0044435,GO:0044436,GO:0044444,GO:0044446,GO:0044464,GO:0055035	ko:K02689	ko00195,ko01100,map00195,map01100	M00163	PsaA_PsaB
NODE_1_length_85347_cov_16.578410_33	C	PsaA and PsaB bind P700, the primary electron donor of photosystem I (PSI), as well as the electron acceptors A0, A1 and FX. PSI is a plastocyanin-ferredoxin oxidoreductase, converting photonic excitation into a charge separation, which transfers an electron from the donor P700 chlorophyll pair to the spectroscopically characterized acceptors A0, A1, FX, FA and FB in turn. Oxidized P700 is reduced on the lumenal side of the thylakoid membrane by plastocyanin	psaB	GO:0005575,GO:0005622,GO:0005623,GO:0005737,GO:0009507,GO:0009526,GO:0009532,GO:0009534,GO:0009535,GO:0009536,GO:0009570,GO:0009579,GO:0009941,GO:0010287,GO:0016020,GO:0031967,GO:0031975,GO:0031976,GO:0031984,GO:0034357,GO:0042651,GO:0043226,GO:0043227,GO:0043229,GO:0043231,GO:0044422,GO:0044424,GO:0044434,GO:0044435,GO:0044436,GO:0044444,GO:0044446,GO:0044464,GO:0055035	ko:K02690	ko00195,ko01100,map00195,map01100	M00163	PsaA_PsaB
NODE_1_length_85347_cov_16.578410_34	J	Binds 16S rRNA, required for the assembly of 30S particles	rps14	GO:0003674,GO:0003735,GO:0005198,GO:0005575,GO:0005622,GO:0005623,GO:0005737,GO:0005840,GO:0006412,GO:0006518,GO:0006807,GO:0008150,GO:0008152,GO:0009058,GO:0009059,GO:0009507,GO:0009536,GO:0009987,GO:0010467,GO:0015935,GO:0019538,GO:0032991,GO:0034641,GO:0034645,GO:0043043,GO:0043170,GO:0043226,GO:0043227,GO:0043228,GO:0043229,GO:0043231,GO:0043232,GO:0043603,GO:0043604,GO:0044237,GO:0044238,GO:0044249,GO:0044260,GO:0044267,GO:0044271,GO:0044391,GO:0044422,GO:0044424,GO:0044444,GO:0044446,GO:0044464,GO:0071704,GO:1901564,GO:1901566,GO:1901576,GO:1990904	ko:K02954	ko03010,map03010	M00178,M00179	Ribosomal_S14
NODE_1_length_85347_cov_16.578410_35	K	rna polymerase	rpoB	GO:0000428,GO:0003674,GO:0003824,GO:0003899,GO:0005575,GO:0005622,GO:0005623,GO:0005737,GO:0006139,GO:0006351,GO:0006354,GO:0006725,GO:0006807,GO:0008150,GO:0008152,GO:0009058,GO:0009059,GO:0009295,GO:0009507,GO:0009536,GO:0009987,GO:0010467,GO:0016070,GO:0016740,GO:0016772,GO:0016779,GO:0018130,GO:0019438,GO:0030880,GO:0032774,GO:0032991,GO:0034062,GO:0034641,GO:0034645,GO:0034654,GO:0043170,GO:0043226,GO:0043227,GO:0043229,GO:0043231,GO:0044237,GO:0044238,GO:0044249,GO:0044260,GO:0044271,GO:0044424,GO:0044444,GO:0044464,GO:0046483,GO:0061695,GO:0071704,GO:0090304,GO:0097659,GO:0097747,GO:0140098,GO:1901360,GO:1901362,GO:1901576,GO:1902494,GO:1990234	ko:K03043	ko00230,ko00240,ko01100,ko03020,map00230,map00240,map01100,map03020	M00183	RNA_pol_Rpb1_1,RNA_pol_Rpb1_2,RNA_pol_Rpb1_3,RNA_pol_Rpb2_1,RNA_pol_Rpb2_2,RNA_pol_Rpb2_3,RNA_pol_Rpb2_6,RNA_pol_Rpb2_7
NODE_1_length_85347_cov_16.578410_36	K	rna polymerase	rpoB	GO:0000428,GO:0005575,GO:0005622,GO:0005623,GO:0005737,GO:0009507,GO:0009536,GO:0030880,GO:0032991,GO:0043226,GO:0043227,GO:0043229,GO:0043231,GO:0044424,GO:0044444,GO:0044464,GO:0061695,GO:1902494,GO:1990234	ko:K03043	ko00230,ko00240,ko01100,ko03020,map00230,map00240,map01100,map03020	M00183	RNA_pol_Rpb1_1,RNA_pol_Rpb2_1,RNA_pol_Rpb2_2,RNA_pol_Rpb2_3,RNA_pol_Rpb2_6,RNA_pol_Rpb2_7
NODE_1_length_85347_cov_16.578410_37	K	DNA-directed RNA polymerase		GO:0005575,GO:0005622,GO:0005623,GO:0005737,GO:0009295,GO:0009507,GO:0009536,GO:0043226,GO:0043227,GO:0043229,GO:0043231,GO:0044424,GO:0044444,GO:0044464	ko:K03046	ko00230,ko00240,ko01100,ko03020,map00230,map00240,map01100,map03020	M00183	RNA_pol_Rpb1_1,RNA_pol_Rpb1_2,RNA_pol_Rpb1_3
NODE_1_length_85347_cov_16.578410_38	K	DNA-directed RNA polymerase	rpoC2	GO:0000428,GO:0005575,GO:0005622,GO:0005623,GO:0005737,GO:0009507,GO:0009536,GO:0030880,GO:0032991,GO:0043226,GO:0043227,GO:0043229,GO:0043231,GO:0044424,GO:0044444,GO:0044464,GO:0061695,GO:1902494,GO:1990234	ko:K03046	ko00230,ko00240,ko01100,ko03020,map00230,map00240,map01100,map03020	M00183	RNA_pol_Rpb1_3,RNA_pol_Rpb1_4,RNA_pol_Rpb1_5
NODE_1_length_85347_cov_16.578410_39	J	ribosomal protein S2	rps2	GO:0000313,GO:0000314,GO:0003674,GO:0003735,GO:0005198,GO:0005575,GO:0005622,GO:0005623,GO:0005737,GO:0005739,GO:0005759,GO:0005761,GO:0005763,GO:0005840,GO:0006412,GO:0006518,GO:0006807,GO:0008150,GO:0008152,GO:0009058,GO:0009059,GO:0009507,GO:0009532,GO:0009536,GO:0009570,GO:0009987,GO:0010467,GO:0015935,GO:0016020,GO:0019538,GO:0031974,GO:0032991,GO:0034641,GO:0034645,GO:0043043,GO:0043170,GO:0043226,GO:0043227,GO:0043228,GO:0043229,GO:0043231,GO:0043232,GO:0043233,GO:0043603,GO:0043604,GO:0044237,GO:0044238,GO:0044249,GO:0044260,GO:0044267,GO:0044271,GO:0044391,GO:0044422,GO:0044424,GO:0044429,GO:0044434,GO:0044435,GO:0044444,GO:0044446,GO:0044464,GO:0070013,GO:0071704,GO:0098798,GO:1901564,GO:1901566,GO:1901576,GO:1990904	ko:K02967	ko03010,map03010	M00178,M00179	Ribosomal_S2
NODE_1_length_85347_cov_16.578410_40	C	it plays a direct role in the translocation of protons across the membrane	atpI	GO:0003674,GO:0003824,GO:0005215,GO:0005575,GO:0005622,GO:0005623,GO:0005737,GO:0006810,GO:0006811,GO:0006812,GO:0008150,GO:0008324,GO:0009507,GO:0009534,GO:0009535,GO:0009536,GO:0009544,GO:0009579,GO:0015075,GO:0015077,GO:0015078,GO:0015318,GO:0015399,GO:0015405,GO:0015672,GO:0016020,GO:0016462,GO:0016469,GO:0016787,GO:0016817,GO:0016818,GO:0016887,GO:0017111,GO:0019829,GO:0022804,GO:0022853,GO:0022857,GO:0022890,GO:0031976,GO:0031984,GO:0032991,GO:0033177,GO:0034220,GO:0034357,GO:0042623,GO:0042625,GO:0042626,GO:0042651,GO:0043226,GO:0043227,GO:0043229,GO:0043231,GO:0043492,GO:0044422,GO:0044424,GO:0044425,GO:0044434,GO:0044435,GO:0044436,GO:0044444,GO:0044446,GO:0044464,GO:0044769,GO:0045259,GO:0045263,GO:0046933,GO:0051179,GO:0051234,GO:0055035,GO:0055085,GO:0090662,GO:0098655,GO:0098660,GO:0098662,GO:0098796,GO:0098807,GO:0099131,GO:0099132,GO:1902600	ko:K02108	ko00190,ko00195,ko01100,map00190,map00195,map01100	M00157	ATP-synt_A
NODE_1_length_85347_cov_16.578410_41	C	ATP synthase B/B' CF(0)	atpF	GO:0005575,GO:0005622,GO:0005623,GO:0005737,GO:0008150,GO:0009507,GO:0009534,GO:0009535,GO:0009536,GO:0009579,GO:0009719,GO:0009725,GO:0009735,GO:0010033,GO:0016020,GO:0031976,GO:0031984,GO:0034357,GO:0042221,GO:0042651,GO:0043226,GO:0043227,GO:0043229,GO:0043231,GO:0044422,GO:0044424,GO:0044434,GO:0044435,GO:0044436,GO:0044444,GO:0044446,GO:0044464,GO:0050896,GO:0055035	ko:K02109	ko00190,ko00195,ko01100,map00190,map00195,map01100	M00157	ATP-synt_B
NODE_1_length_85347_cov_16.578410_42	C	ATP synthase subunit alpha	atpA		ko:K02111	ko00190,ko00195,ko01100,map00190,map00195,map01100	M00157	ATP-synt_C,ATP-synt_ab,ATP-synt_ab_C,ATP-synt_ab_N
NODE_1_length_85347_cov_16.578410_43	J	Usually encoded in the trnK tRNA gene intron. Probably assists in splicing its own and other chloroplast group II introns	matK	GO:0005575,GO:0005622,GO:0005623,GO:0005737,GO:0009507,GO:0009536,GO:0043226,GO:0043227,GO:0043229,GO:0043231,GO:0044424,GO:0044444,GO:0044464	ko:K20000			Intron_maturas2,MatK_N
NODE_1_length_85347_cov_16.578410_44	P	Photosynthetic reaction centre protein			ko:K02703	ko00195,ko01100,map00195,map01100	M00161	Photo_RC
NODE_2_length_26201_cov_35.941625_2	J	One of the primary rRNA binding proteins, it binds directly to 16S rRNA where it nucleates assembly of the head domain of the 30S subunit		GO:0000028,GO:0003674,GO:0003676,GO:0003723,GO:0003729,GO:0005488,GO:0005575,GO:0005622,GO:0005623,GO:0005737,GO:0006996,GO:0008150,GO:0009507,GO:0009536,GO:0009579,GO:0009987,GO:0016020,GO:0016043,GO:0019843,GO:0022607,GO:0022613,GO:0022618,GO:0034622,GO:0042254,GO:0042255,GO:0042274,GO:0043226,GO:0043227,GO:0043229,GO:0043231,GO:0043933,GO:0044085,GO:0044424,GO:0044444,GO:0044464,GO:0065003,GO:0070925,GO:0071826,GO:0071840,GO:0097159,GO:1901363	ko:K02992	ko03010,map03010	M00178,M00179	Ribosomal_S7
NODE_2_length_26201_cov_35.941625_3	C	Proton-conducting membrane transporter			ko:K05573	ko00190,ko01100,map00190,map01100	M00145	Proton_antipo_M
NODE_2_length_26201_cov_35.941625_4	C	NAD(P)H-quinone oxidoreductase subunit 2	ndhB		ko:K02992,ko:K05573	ko00190,ko01100,ko03010,map00190,map01100,map03010	M00145,M00178,M00179	Proton_antipo_M
NODE_2_length_26201_cov_35.941625_5	C	Plant protein of unknown function (DUF825)		GO:0005575,GO:0005622,GO:0005623,GO:0005737,GO:0009507,GO:0009509,GO:0009532,GO:0009536,GO:0009570,GO:0009575,GO:0043226,GO:0043227,GO:0043229,GO:0043231,GO:0044422,GO:0044424,GO:0044434,GO:0044435,GO:0044444,GO:0044446,GO:0044464				AAA,DUF825
NODE_2_length_26201_cov_35.941625_7	U	Involved in protein precursor import into chloroplasts. May be part of an intermediate translocation complex acting as a protein-conducting channel at the inner envelope	ycf1	GO:0003674,GO:0005215,GO:0005575,GO:0005622,GO:0005623,GO:0005737,GO:0006810,GO:0008104,GO:0008150,GO:0008565,GO:0009507,GO:0009526,GO:0009528,GO:0009536,GO:0009706,GO:0009941,GO:0015031,GO:0015833,GO:0016020,GO:0019866,GO:0031090,GO:0031967,GO:0031969,GO:0031975,GO:0033036,GO:0042170,GO:0042886,GO:0043226,GO:0043227,GO:0043229,GO:0043231,GO:0044422,GO:0044424,GO:0044434,GO:0044435,GO:0044444,GO:0044446,GO:0044464,GO:0045184,GO:0051179,GO:0051234,GO:0071702,GO:0071705				Ycf1
NODE_3_length_17292_cov_16.853993_1	U	Involved in protein precursor import into chloroplasts. May be part of an intermediate translocation complex acting as a protein-conducting channel at the inner envelope	ycf1	GO:0003674,GO:0005215,GO:0005575,GO:0005622,GO:0005623,GO:0005737,GO:0006810,GO:0008104,GO:0008150,GO:0008565,GO:0009507,GO:0009526,GO:0009528,GO:0009536,GO:0009706,GO:0009941,GO:0015031,GO:0015833,GO:0016020,GO:0019866,GO:0031090,GO:0031967,GO:0031969,GO:0031975,GO:0033036,GO:0042170,GO:0042886,GO:0043226,GO:0043227,GO:0043229,GO:0043231,GO:0044422,GO:0044424,GO:0044434,GO:0044435,GO:0044444,GO:0044446,GO:0044464,GO:0045184,GO:0051179,GO:0051234,GO:0071702,GO:0071705				Ycf1
NODE_3_length_17292_cov_16.853993_2	C	NDH shuttles electrons from NAD(P)H plastoquinone, via FMN and iron-sulfur (Fe-S) centers, to quinones in the photosynthetic chain and possibly in a chloroplast respiratory chain. The immediate electron acceptor for the enzyme in this species is believed to be plastoquinone. Couples the redox reaction to proton translocation, and thus conserves the redox energy in a proton gradient	ndhH	GO:0003674,GO:0003824,GO:0003959,GO:0005575,GO:0005622,GO:0005623,GO:0005737,GO:0005739,GO:0005740,GO:0005743,GO:0005746,GO:0005747,GO:0006091,GO:0008150,GO:0008152,GO:0009507,GO:0009532,GO:0009534,GO:0009535,GO:0009536,GO:0009570,GO:0009579,GO:0009987,GO:0015979,GO:0015980,GO:0016020,GO:0016491,GO:0016651,GO:0019866,GO:0030964,GO:0031090,GO:0031966,GO:0031967,GO:0031975,GO:0031976,GO:0031984,GO:0032991,GO:0034357,GO:0042651,GO:0043226,GO:0043227,GO:0043229,GO:0043231,GO:0044237,GO:0044422,GO:0044424,GO:0044425,GO:0044429,GO:0044434,GO:0044435,GO:0044436,GO:0044444,GO:0044446,GO:0044455,GO:0044464,GO:0045271,GO:0045333,GO:0055035,GO:0055114,GO:0070469,GO:0098796,GO:0098798,GO:0098800,GO:0098803,GO:1902494,GO:1990204	ko:K05572,ko:K05579	ko00190,ko01100,map00190,map01100	M00145	Complex1_49kDa,NADHdh
NODE_3_length_17292_cov_16.853993_3	C	NAD(P)H-quinone oxidoreductase subunit 1						NADHdh
NODE_3_length_17292_cov_16.853993_4	C	NDH shuttles electrons from NAD(P)H plastoquinone, via FMN and iron-sulfur (Fe-S) centers, to quinones in the photosynthetic chain and possibly in a chloroplast respiratory chain. The immediate electron acceptor for the enzyme in this species is believed to be plastoquinone. Couples the redox reaction to proton translocation, and thus conserves the redox energy in a proton gradient	ndhI	GO:0003674,GO:0003824,GO:0003959,GO:0005575,GO:0005622,GO:0005623,GO:0005737,GO:0008150,GO:0008152,GO:0009507,GO:0009534,GO:0009535,GO:0009536,GO:0009579,GO:0009987,GO:0015979,GO:0016020,GO:0016491,GO:0016651,GO:0031976,GO:0031984,GO:0034357,GO:0042651,GO:0043226,GO:0043227,GO:0043229,GO:0043231,GO:0044237,GO:0044422,GO:0044424,GO:0044434,GO:0044435,GO:0044436,GO:0044444,GO:0044446,GO:0044464,GO:0055035,GO:0055114	ko:K05580	ko00190,ko01100,map00190,map01100	M00145	Fer4
NODE_3_length_17292_cov_16.853993_5	C	Belongs to the complex I subunit 6 family	ndhG	GO:0008150,GO:0008152,GO:0009987,GO:0015979,GO:0044237	ko:K05578	ko00190,ko01100,map00190,map01100	M00145	Oxidored_q3
NODE_3_length_17292_cov_16.853993_6	C	NADH-ubiquinone/plastoquinone oxidoreductase chain 4L	ndhE	GO:0003674,GO:0003824,GO:0003954,GO:0003959,GO:0005575,GO:0005622,GO:0005623,GO:0005737,GO:0006732,GO:0006733,GO:0006743,GO:0006744,GO:0008137,GO:0008150,GO:0008152,GO:0009058,GO:0009108,GO:0009507,GO:0009534,GO:0009535,GO:0009536,GO:0009579,GO:0009987,GO:0016020,GO:0016491,GO:0016651,GO:0016655,GO:0030964,GO:0031976,GO:0031984,GO:0032991,GO:0034357,GO:0042180,GO:0042181,GO:0042651,GO:0043226,GO:0043227,GO:0043229,GO:0043231,GO:0044237,GO:0044249,GO:0044281,GO:0044283,GO:0044422,GO:0044424,GO:0044425,GO:0044434,GO:0044435,GO:0044436,GO:0044444,GO:0044446,GO:0044464,GO:0050136,GO:0051186,GO:0051188,GO:0055035,GO:0055114,GO:0071704,GO:0098796,GO:1901576,GO:1901661,GO:1901663,GO:1902494	ko:K05576	ko00190,ko01100,map00190,map01100	M00145	Oxidored_q2
NODE_3_length_17292_cov_16.853993_8	C	Proton-conducting membrane transporter	ndhD		ko:K05575	ko00190,ko01100,map00190,map01100	M00145	Proton_antipo_M
NODE_3_length_17292_cov_16.853993_9	C	NDH shuttles electrons from NAD(P)H plastoquinone, via FMN and iron-sulfur (Fe-S) centers, to quinones in the photosynthetic chain and possibly in a chloroplast respiratory chain. The immediate electron acceptor for the enzyme in this species is believed to be plastoquinone. Couples the redox reaction to proton translocation, and thus conserves the redox energy in a proton gradient	ndhF	GO:0005575,GO:0005622,GO:0005623,GO:0005737,GO:0009507,GO:0009536,GO:0043226,GO:0043227,GO:0043229,GO:0043231,GO:0044424,GO:0044444,GO:0044464	ko:K05577	ko00190,ko01100,map00190,map01100	M00145	Proton_antipo_C,Proton_antipo_M,Proton_antipo_N
NODE_3_length_17292_cov_16.853993_10	O	Cytochrome c biogenesis protein CcsA	ccsA	GO:0005575,GO:0005622,GO:0005623,GO:0005737,GO:0006810,GO:0008150,GO:0008152,GO:0009536,GO:0015886,GO:0043226,GO:0043227,GO:0043229,GO:0043231,GO:0044424,GO:0044444,GO:0044464,GO:0051179,GO:0051181,GO:0051234,GO:0055114,GO:0071702,GO:0071705,GO:1901678				Cytochrom_C_asm
NODE_4_length_10523_cov_3.619854_5	L	transposition, RNA-mediated						RVT_1,RVT_3,Retrotrans_gag,rve
NODE_5_length_10358_cov_3.958082_1	L	ribonuclease H protein						RVT_1,RVT_3,zf-CCHC_4,zf-RVT
NODE_5_length_10358_cov_3.958082_2	L	transposition, RNA-mediated						Asp_protease_2,RVT_1,Retrotrans_gag,rve
NODE_6_length_9445_cov_1.904787_3	S	chromatin binding						DUF1985,Peptidase_C48
NODE_6_length_9445_cov_1.904787_4	S	isoform X1						NIF
NODE_6_length_9445_cov_1.904787_5	I	Belongs to the terpene cyclase mutase family			ko:K01853	ko00100,ko01100,ko01110,map00100,map01100,map01110		SQHop_cyclase_C,SQHop_cyclase_N
NODE_7_length_9282_cov_1.796632_1	S	Transposase family tnp2						DUF4218,Transpos_assoc,Transposase_21
NODE_7_length_9282_cov_1.796632_2	S	Domain of unknown function (DUF4216)						DUF4216,DUF4218
NODE_8_length_8928_cov_2.791441_4	D	Belongs to the helicase family						Helitron_like_N,Herpes_Helicase,PIF1
NODE_8_length_8928_cov_2.791441_5	L	G-quadruplex DNA unwinding			ko:K15255			Helitron_like_N,Herpes_Helicase,PIF1
NODE_8_length_8928_cov_2.791441_6	L	G-quadruplex DNA unwinding			ko:K15255			Helitron_like_N,Herpes_Helicase,PIF1
NODE_8_length_8928_cov_2.791441_8	L	Serine threonine-protein phosphatase		GO:0003674,GO:0003824,GO:0004721,GO:0004722,GO:0005575,GO:0005622,GO:0005623,GO:0005634,GO:0006464,GO:0006470,GO:0006793,GO:0006796,GO:0006807,GO:0006950,GO:0007154,GO:0007165,GO:0008150,GO:0008152,GO:0009266,GO:0009314,GO:0009408,GO:0009416,GO:0009628,GO:0009637,GO:0009785,GO:0009987,GO:0016311,GO:0016787,GO:0016788,GO:0016791,GO:0019538,GO:0023052,GO:0030522,GO:0036211,GO:0042578,GO:0043170,GO:0043226,GO:0043227,GO:0043229,GO:0043231,GO:0043412,GO:0044237,GO:0044238,GO:0044260,GO:0044267,GO:0044424,GO:0044464,GO:0050789,GO:0050794,GO:0050896,GO:0051716,GO:0065007,GO:0071214,GO:0071478,GO:0071482,GO:0071483,GO:0071704,GO:0104004,GO:0140096,GO:1901564	ko:K04460,ko:K15423	ko04010,ko04922,map04010,map04922		Metallophos,PMD
NODE_8_length_8928_cov_2.791441_9	S	No apical meristem-associated C-terminal domain						NAM-associated
NODE_9_length_7780_cov_5.665844_2	L	transposition, RNA-mediated						G-patch,Retrotrans_gag
NODE_9_length_7780_cov_5.665844_3	L	transposition, RNA-mediated						RVT_1,RVT_3,Retrotrans_gag,rve
NODE_10_length_7674_cov_2.564697_1	L	8-hydroxy-dADP phosphatase activity						Asp_protease_2,Retrotrans_gag
NODE_10_length_7674_cov_2.564697_2	L	transposition, RNA-mediated						Asp_protease_2,RVT_1,Retrotrans_gag,rve
NODE_11_length_7056_cov_4.863754_1	S	No apical meristem-associated C-terminal domain						NAM-associated
NODE_11_length_7056_cov_4.863754_2	S	No apical meristem-associated C-terminal domain						NAM-associated
NODE_11_length_7056_cov_4.863754_4	O	Proteasome non-ATPase 26S subunit		GO:0000502,GO:0005575,GO:0005622,GO:0005623,GO:0005838,GO:0008150,GO:0008540,GO:0009987,GO:0016043,GO:0022607,GO:0022624,GO:0032991,GO:0034622,GO:0043248,GO:0043933,GO:0044085,GO:0044424,GO:0044464,GO:0065003,GO:0070682,GO:0071840,GO:1902494,GO:1905368,GO:1905369	ko:K06692			Proteasom_PSMB
NODE_11_length_7056_cov_4.863754_6	S	Plant mobile domain		GO:0005575,GO:0005622,GO:0005623,GO:0005634,GO:0008150,GO:0009888,GO:0032502,GO:0043226,GO:0043227,GO:0043229,GO:0043231,GO:0044424,GO:0044464,GO:0048507,GO:0048856				PMD
NODE_11_length_7056_cov_4.863754_8	S	Ribosomal protein-like protein						Plant_tran
NODE_12_length_6914_cov_1.931110_1	S	Mitovirus RNA-dependent RNA polymerase						Mitovir_RNA_pol
NODE_13_length_6876_cov_4.414473_1	L	Mitochondrial protein						RVT_2,Retrotran_gag_2,Retrotran_gag_3,Retrotrans_gag,gag_pre-integrs,rve,zf-CCHC
NODE_13_length_6876_cov_4.414473_2	L	Mitochondrial protein						RVT_2,Retrotran_gag_2,Retrotran_gag_3,Retrotrans_gag,gag_pre-integrs,rve,zf-CCHC
NODE_14_length_6779_cov_6.132309_2	L	GAG-pre-integrase domain						DUF4219,RVT_2,Retrotran_gag_2,gag_pre-integrs,rve,zf-CCHC
NODE_15_length_6718_cov_2.778196_1								RVT_1
NODE_15_length_6718_cov_2.778196_3	S	Zinc finger MYM-type protein 1-like						DUF4371,Dimer_Tnp_hAT
NODE_16_length_6675_cov_2.181873_2								MULE,SWIM
NODE_16_length_6675_cov_2.181873_3					ko:K17086			DBD_Tnp_Mut,MULE,SWIM
NODE_16_length_6675_cov_2.181873_7	S	chromatin binding						DUF1985,Peptidase_C48
NODE_17_length_6508_cov_2.965978_1	S	Protein FAR1-RELATED SEQUENCE 5-like						FAR1,MULE,SWIM
NODE_18_length_6485_cov_1.284020_2	S	Plant mobile domain						DUF1985,PMD
NODE_19_length_6440_cov_0.938865_1	L	Retrotransposon gag protein						Retrotrans_gag
NODE_19_length_6440_cov_0.938865_3	E	Uncharacterized protein K02A2.6-like						RVT_1,RVT_3,Retrotrans_gag,rve
NODE_19_length_6440_cov_0.938865_4	E	Uncharacterized protein K02A2.6-like		GO:0000943,GO:0003674,GO:0003676,GO:0003723,GO:0003824,GO:0003887,GO:0003964,GO:0004518,GO:0004540,GO:0005488,GO:0005575,GO:0005622,GO:0005623,GO:0005634,GO:0006139,GO:0006259,GO:0006278,GO:0006508,GO:0006725,GO:0006807,GO:0008150,GO:0008152,GO:0008233,GO:0009058,GO:0009059,GO:0009987,GO:0016070,GO:0016740,GO:0016772,GO:0016779,GO:0016787,GO:0016788,GO:0018130,GO:0019438,GO:0019538,GO:0032196,GO:0032197,GO:0034061,GO:0034641,GO:0034645,GO:0034654,GO:0043170,GO:0043226,GO:0043227,GO:0043229,GO:0043231,GO:0044237,GO:0044238,GO:0044249,GO:0044260,GO:0044271,GO:0044422,GO:0044424,GO:0044428,GO:0044446,GO:0044464,GO:0046483,GO:0071704,GO:0071897,GO:0090304,GO:0090305,GO:0090501,GO:0097159,GO:0140096,GO:0140097,GO:0140098,GO:1901360,GO:1901362,GO:1901363,GO:1901564,GO:1901576				RVT_1,RVT_3,Retrotrans_gag,rve
NODE_19_length_6440_cov_0.938865_5	E	Uncharacterized protein K02A2.6-like						RVT_1,RVT_3,Retrotrans_gag,rve
NODE_20_length_6363_cov_2.084102_1	S	Serine threonine-protein phosphatase 7 long form homolog		GO:0005575,GO:0005622,GO:0005623,GO:0005634,GO:0043226,GO:0043227,GO:0043229,GO:0043231,GO:0044424,GO:0044464				PMD
NODE_20_length_6363_cov_2.084102_2	S	Serine threonine-protein phosphatase 7 long form homolog		GO:0005575,GO:0005622,GO:0005623,GO:0005634,GO:0043226,GO:0043227,GO:0043229,GO:0043231,GO:0044424,GO:0044464				PMD
NODE_21_length_6299_cov_2.878252_3	H	transposition, RNA-mediated			ko:K09250			RVP_2,RVT_1,Retrotrans_gag,rve,zf-CCHC
NODE_22_length_6250_cov_1.308078_2	S	chromatin binding						DUF1985,Peptidase_C48
NODE_22_length_6250_cov_1.308078_5	S	chromatin binding						DUF1985,Peptidase_C48
NODE_23_length_5963_cov_3.121732_2	S	chromatin binding						DUF1985,Peptidase_C48
NODE_24_length_5828_cov_13.786808_1	S	gag-polypeptide of LTR copia-type						Retrotran_gag_2
NODE_24_length_5828_cov_13.786808_2	J	RNA-binding component of the eukaryotic translation initiation factor 3 (eIF-3) complex, which is involved in protein synthesis of a specialized repertoire of mRNAs and, together with other initiation factors, stimulates binding of mRNA and methionyl-tRNAi to the 40S ribosome. The eIF-3 complex specifically targets and initiates translation of a subset of mRNAs involved in cell proliferation		GO:0001732,GO:0002181,GO:0002183,GO:0002188,GO:0003674,GO:0003676,GO:0003723,GO:0003729,GO:0003743,GO:0005488,GO:0005575,GO:0005622,GO:0005623,GO:0005737,GO:0005829,GO:0005852,GO:0005886,GO:0006412,GO:0006413,GO:0006518,GO:0006807,GO:0008135,GO:0008150,GO:0008152,GO:0009058,GO:0009059,GO:0009987,GO:0010467,GO:0016020,GO:0016043,GO:0019538,GO:0022607,GO:0022613,GO:0022618,GO:0032991,GO:0034622,GO:0034641,GO:0034645,GO:0043043,GO:0043170,GO:0043603,GO:0043604,GO:0043614,GO:0043933,GO:0044085,GO:0044237,GO:0044238,GO:0044249,GO:0044260,GO:0044267,GO:0044271,GO:0044424,GO:0044444,GO:0044464,GO:0065003,GO:0071540,GO:0071541,GO:0071704,GO:0071826,GO:0071840,GO:0071944,GO:0097159,GO:1901363,GO:1901564,GO:1901566,GO:1901576,GO:1990904	ko:K03254	ko03013,map03013		PCI
NODE_24_length_5828_cov_13.786808_3	L	RNA-directed 5'-3' RNA polymerase activity						
NODE_26_length_5733_cov_1.095474_1	L	Retroviral aspartyl protease						RVP,RVT_1,zf-CCHC
NODE_26_length_5733_cov_1.095474_3								MP,RVP,zf-CCHC
NODE_26_length_5733_cov_1.095474_4								MP,RVP,zf-CCHC
NODE_27_length_5563_cov_1.154575_1	L	transposition, RNA-mediated						RVT_1,RVT_3,Retrotrans_gag,rve
NODE_27_length_5563_cov_1.154575_2	L	Uncharacterized protein K02A2.6-like		GO:0000943,GO:0003674,GO:0003676,GO:0003723,GO:0003824,GO:0003887,GO:0003964,GO:0004518,GO:0004540,GO:0005488,GO:0005575,GO:0005622,GO:0005623,GO:0005634,GO:0006139,GO:0006259,GO:0006278,GO:0006508,GO:0006725,GO:0006807,GO:0008150,GO:0008152,GO:0008233,GO:0009058,GO:0009059,GO:0009987,GO:0016070,GO:0016740,GO:0016772,GO:0016779,GO:0016787,GO:0016788,GO:0018130,GO:0019438,GO:0019538,GO:0032196,GO:0032197,GO:0034061,GO:0034641,GO:0034645,GO:0034654,GO:0043170,GO:0043226,GO:0043227,GO:0043229,GO:0043231,GO:0044237,GO:0044238,GO:0044249,GO:0044260,GO:0044271,GO:0044422,GO:0044424,GO:0044428,GO:0044446,GO:0044464,GO:0046483,GO:0071704,GO:0071897,GO:0090304,GO:0090305,GO:0090501,GO:0097159,GO:0140096,GO:0140097,GO:0140098,GO:1901360,GO:1901362,GO:1901363,GO:1901564,GO:1901576				RVT_1,RVT_3,rve
NODE_28_length_5368_cov_3.143073_2	L	Reverse transcriptase (RNA-dependent DNA polymerase)						RVT_2
NODE_29_length_5254_cov_1.432960_2	L	gag-polypeptide of LTR copia-type						RVT_2,Retrotran_gag_2,Retrotran_gag_3,Retrotrans_gag,gag_pre-integrs,rve
NODE_30_length_5058_cov_4.664863_1	S	protein FAR1-RELATED SEQUENCE						FAR1,MULE
NODE_32_length_4886_cov_0.993145_1	Z	Belongs to the TRAFAC class myosin-kinesin ATPase superfamily. Kinesin family	KIN12B	GO:0000003,GO:0000226,GO:0000280,GO:0000910,GO:0003674,GO:0003774,GO:0003777,GO:0003824,GO:0005575,GO:0005622,GO:0005623,GO:0005737,GO:0005856,GO:0005871,GO:0005875,GO:0006928,GO:0006996,GO:0007010,GO:0007017,GO:0007018,GO:0007049,GO:0007112,GO:0007140,GO:0007275,GO:0007276,GO:0008150,GO:0008574,GO:0009524,GO:0009555,GO:0009987,GO:0015630,GO:0016043,GO:0016462,GO:0016787,GO:0016817,GO:0016818,GO:0016887,GO:0017111,GO:0019953,GO:0022402,GO:0022412,GO:0022414,GO:0032501,GO:0032502,GO:0032504,GO:0032991,GO:0033206,GO:0042623,GO:0043226,GO:0043228,GO:0043229,GO:0043232,GO:0044422,GO:0044424,GO:0044430,GO:0044444,GO:0044446,GO:0044464,GO:0044703,GO:0048229,GO:0048232,GO:0048285,GO:0048609,GO:0048856,GO:0051301,GO:0051321,GO:0051704,GO:0055046,GO:0061640,GO:0071840,GO:0080175,GO:0140013,GO:1903046,GO:1990939	ko:K10400			Kinesin
NODE_32_length_4886_cov_0.993145_2	L	ribonuclease H protein At1g65750						DUF4283,RVT_1,RVT_3,zf-RVT
NODE_32_length_4886_cov_0.993145_3	S	Pfam:UBN2_2						Retrotran_gag_2,zf-CCHC
NODE_33_length_4873_cov_2.370803_2	BDLT	Belongs to the PI3 PI4-kinase family	TRRAP		ko:K08874	ko05166,map05166		FAT,FATC,PI3_PI4_kinase
NODE_34_length_4839_cov_2.183746_1	T	disease resistance protein						NB-ARC,PAH
NODE_34_length_4839_cov_2.183746_2	L	gag-polypeptide of LTR copia-type						Retrotran_gag_2,zf-CCHC
NODE_35_length_4801_cov_1.576630_1	S	germin-like protein		GO:0005575,GO:0005618,GO:0005623,GO:0030312,GO:0044464,GO:0071944				Cupin_1
NODE_35_length_4801_cov_1.576630_3	L	Reverse transcriptase (RNA-dependent DNA polymerase)						RVT_2,Retrotran_gag_2,rve
NODE_35_length_4801_cov_1.576630_4	L	transposition, RNA-mediated						Retrotran_gag_2,Retrotran_gag_3,rve
NODE_36_length_4678_cov_1.314932_1	L	transposition, RNA-mediated						RVT_1,RVT_3,Retrotrans_gag,rve
NODE_37_length_4591_cov_1.403154_1								MULE,SWIM
NODE_37_length_4591_cov_1.403154_2					ko:K17086			DBD_Tnp_Mut,MULE,SWIM
NODE_39_length_4454_cov_9.649007_1	T	disease resistance protein						NB-ARC,PAH
NODE_40_length_4430_cov_4.451309_2	S	Plant mobile domain						PMD
NODE_40_length_4430_cov_4.451309_3	S	Plant mobile domain						PMD
NODE_42_length_4425_cov_4.887764_1	P	Chloride channel protein		GO:0000325,GO:0001101,GO:0003674,GO:0005215,GO:0005216,GO:0005244,GO:0005247,GO:0005253,GO:0005254,GO:0005575,GO:0005622,GO:0005623,GO:0005737,GO:0005773,GO:0005774,GO:0006810,GO:0006811,GO:0006812,GO:0006820,GO:0006821,GO:0008150,GO:0008308,GO:0008324,GO:0008509,GO:0009671,GO:0009705,GO:0010035,GO:0010167,GO:0015075,GO:0015077,GO:0015078,GO:0015103,GO:0015108,GO:0015112,GO:0015267,GO:0015291,GO:0015293,GO:0015294,GO:0015295,GO:0015296,GO:0015318,GO:0015513,GO:0015672,GO:0015698,GO:0015706,GO:0016020,GO:0022803,GO:0022804,GO:0022832,GO:0022836,GO:0022838,GO:0022839,GO:0022857,GO:0022890,GO:0031090,GO:0034220,GO:0042221,GO:0043226,GO:0043227,GO:0043229,GO:0043231,GO:0044422,GO:0044424,GO:0044437,GO:0044444,GO:0044446,GO:0044464,GO:0050896,GO:0051179,GO:0051234,GO:0055085,GO:0071705,GO:0098588,GO:0098655,GO:0098656,GO:0098660,GO:0098661,GO:0098662,GO:0098805,GO:1901698,GO:1901700,GO:1902476,GO:1902600	ko:K05016			CBS,Voltage_CLC
NODE_42_length_4425_cov_4.887764_2	L	DNA polymerase		GO:0000731,GO:0005575,GO:0005622,GO:0005623,GO:0005634,GO:0006139,GO:0006259,GO:0006281,GO:0006301,GO:0006725,GO:0006807,GO:0006950,GO:0006974,GO:0008150,GO:0008152,GO:0009058,GO:0009059,GO:0009314,GO:0009411,GO:0009416,GO:0009628,GO:0009987,GO:0010225,GO:0016035,GO:0018130,GO:0019438,GO:0019985,GO:0032991,GO:0033554,GO:0034641,GO:0034644,GO:0034645,GO:0034654,GO:0042276,GO:0042575,GO:0043170,GO:0043226,GO:0043227,GO:0043229,GO:0043231,GO:0044237,GO:0044238,GO:0044249,GO:0044260,GO:0044271,GO:0044422,GO:0044424,GO:0044446,GO:0044464,GO:0046483,GO:0050896,GO:0051716,GO:0061695,GO:0071214,GO:0071478,GO:0071482,GO:0071494,GO:0071704,GO:0071897,GO:0090304,GO:0104004,GO:1901360,GO:1901362,GO:1901576,GO:1902494,GO:1990234	ko:K02350	ko01100,ko01524,ko03460,map01100,map01524,map03460	M00293	DNA_pol_B,DNA_pol_B_exo1,RVT_2,zf-C4pol,zf-RanBP
NODE_42_length_4425_cov_4.887764_3	L	transposition, RNA-mediated						RVT_2,gag_pre-integrs
NODE_43_length_4375_cov_1.597070_1	G	beta-galactosidase	BGAL8	GO:0003674,GO:0003824,GO:0004553,GO:0004565,GO:0005575,GO:0005618,GO:0005622,GO:0005623,GO:0005737,GO:0005773,GO:0015925,GO:0016787,GO:0016798,GO:0030312,GO:0043226,GO:0043227,GO:0043229,GO:0043231,GO:0044424,GO:0044444,GO:0044464,GO:0071944				Gal_Lectin,Glyco_hydro_35
NODE_43_length_4375_cov_1.597070_2	S	pollen tube development		GO:0000003,GO:0003006,GO:0005575,GO:0005622,GO:0005623,GO:0005737,GO:0005794,GO:0008150,GO:0009856,GO:0012505,GO:0022414,GO:0032501,GO:0032502,GO:0043226,GO:0043227,GO:0043229,GO:0043231,GO:0044424,GO:0044444,GO:0044464,GO:0044706,GO:0048856,GO:0048868,GO:0051704				Apt1,Fmp27_GFWDK
NODE_44_length_4368_cov_3.771382_1								F-box,FBA_3
NODE_44_length_4368_cov_3.771382_2	S	Protein FAR1-RELATED SEQUENCE 5-like						FAR1,MULE,SWIM
NODE_45_length_4356_cov_2.722092_1	S	Protein FAR1-RELATED SEQUENCE			ko:K17604			FAR1,MULE,SWIM
NODE_45_length_4356_cov_2.722092_2	S	FAR1 DNA-binding domain						FAR1,MULE,SWIM
NODE_48_length_4215_cov_1.599565_5	E	Uncharacterized protein K02A2.6-like						RVT_1,RVT_3,Retrotrans_gag,rve
NODE_49_length_4150_cov_8.079057_2	L	Reverse transcriptase (RNA-dependent DNA polymerase)						RVT_2
NODE_50_length_4137_cov_1.424138_1	L	transposition, RNA-mediated						Asp_protease_2,Retrotrans_gag
NODE_51_length_4133_cov_1.845661_3	BDLT	Belongs to the PI3 PI4-kinase family	TRRAP		ko:K08874	ko05166,map05166		FAT,FATC,PI3_PI4_kinase
NODE_51_length_4133_cov_1.845661_5	L	Reverse transcriptase (RNA-dependent DNA polymerase)						RVT_2,Retrotran_gag_2,Retrotran_gag_3,Retrotrans_gag,gag_pre-integrs,rve
NODE_54_length_3996_cov_20.093902_1	L	Mitochondrial protein						RVT_2,Retrotran_gag_2,Retrotran_gag_3,Retrotrans_gag,gag_pre-integrs,rve,zf-CCHC
NODE_54_length_3996_cov_20.093902_2	L	Mitochondrial protein						RVT_2,Retrotran_gag_2,Retrotran_gag_3,Retrotrans_gag,gag_pre-integrs,rve,zf-CCHC
NODE_55_length_3976_cov_6.156586_1	S	protein FAR1-RELATED SEQUENCE						FAR1,MULE
NODE_56_length_3967_cov_1.704884_1	G	beta-galactosidase	BGAL8	GO:0003674,GO:0003824,GO:0004553,GO:0004565,GO:0005575,GO:0005618,GO:0005622,GO:0005623,GO:0005737,GO:0005773,GO:0015925,GO:0016787,GO:0016798,GO:0030312,GO:0043226,GO:0043227,GO:0043229,GO:0043231,GO:0044424,GO:0044444,GO:0044464,GO:0071944				Gal_Lectin,Glyco_hydro_35
NODE_56_length_3967_cov_1.704884_3	G	beta-galactosidase	BGAL8	GO:0003674,GO:0003824,GO:0004553,GO:0004565,GO:0005575,GO:0005618,GO:0005622,GO:0005623,GO:0005737,GO:0005773,GO:0015925,GO:0016787,GO:0016798,GO:0030312,GO:0043226,GO:0043227,GO:0043229,GO:0043231,GO:0044424,GO:0044444,GO:0044464,GO:0071944				Gal_Lectin,Glyco_hydro_35
NODE_56_length_3967_cov_1.704884_4	G	beta-galactosidase	BGAL8	GO:0003674,GO:0003824,GO:0004553,GO:0004565,GO:0005575,GO:0005618,GO:0005622,GO:0005623,GO:0005737,GO:0005773,GO:0015925,GO:0016787,GO:0016798,GO:0030312,GO:0043226,GO:0043227,GO:0043229,GO:0043231,GO:0044424,GO:0044444,GO:0044464,GO:0071944				Gal_Lectin,Glyco_hydro_35
NODE_56_length_3967_cov_1.704884_5	G	beta-galactosidase	BGAL8	GO:0003674,GO:0003824,GO:0004553,GO:0004565,GO:0005575,GO:0005618,GO:0005622,GO:0005623,GO:0005737,GO:0005773,GO:0015925,GO:0016787,GO:0016798,GO:0030312,GO:0043226,GO:0043227,GO:0043229,GO:0043231,GO:0044424,GO:0044444,GO:0044464,GO:0071944				Gal_Lectin,Glyco_hydro_35
NODE_57_length_3936_cov_4.871728_1	S	Plant mobile domain						PMD
NODE_58_length_3903_cov_1.302119_2	S	Transposase family tnp2						DUF4216,DUF4218,Transpos_assoc,Transposase_21
NODE_58_length_3903_cov_1.302119_3	S	source UniProtKB						DUF4216,DUF4218,Transpos_assoc,Transposase_21
NODE_59_length_3899_cov_7.147043_1	L	DNA RNA polymerases superfamily protein		GO:0000943,GO:0003674,GO:0003676,GO:0003723,GO:0003824,GO:0003887,GO:0003964,GO:0004518,GO:0004540,GO:0005488,GO:0005575,GO:0005622,GO:0005623,GO:0005634,GO:0006139,GO:0006259,GO:0006278,GO:0006508,GO:0006725,GO:0006807,GO:0008150,GO:0008152,GO:0008233,GO:0009058,GO:0009059,GO:0009987,GO:0016070,GO:0016740,GO:0016772,GO:0016779,GO:0016787,GO:0016788,GO:0018130,GO:0019438,GO:0019538,GO:0032196,GO:0032197,GO:0034061,GO:0034641,GO:0034645,GO:0034654,GO:0043170,GO:0043226,GO:0043227,GO:0043229,GO:0043231,GO:0044237,GO:0044238,GO:0044249,GO:0044260,GO:0044271,GO:0044422,GO:0044424,GO:0044428,GO:0044446,GO:0044464,GO:0046483,GO:0071704,GO:0071897,GO:0090304,GO:0090305,GO:0090501,GO:0097159,GO:0140096,GO:0140097,GO:0140098,GO:1901360,GO:1901362,GO:1901363,GO:1901564,GO:1901576				RVP_2,RVT_1,Retrotrans_gag,rve,zf-CCHC
NODE_59_length_3899_cov_7.147043_2	L	DNA RNA polymerases superfamily protein						RVP_2,RVT_1,Retrotrans_gag,rve,zf-CCHC
NODE_60_length_3880_cov_4.835613_2	E	Uncharacterized protein K02A2.6-like						RVT_1,RVT_3,Retrotrans_gag,rve
NODE_61_length_3852_cov_1.401272_1	T	Leucine rich repeat						LRRNT_2,LRR_1,LRR_6,LRR_8
NODE_61_length_3852_cov_1.401272_2	L	transposition, RNA-mediated						
NODE_61_length_3852_cov_1.401272_3								Retrotran_gag_2
NODE_63_length_3827_cov_0.480810_3	L	transposition, RNA-mediated						RVT_1,RVT_3,Retrotrans_gag,rve
NODE_63_length_3827_cov_0.480810_4	S	Belongs to the TUB family		GO:0001067,GO:0003674,GO:0003676,GO:0003677,GO:0003700,GO:0005488,GO:0005543,GO:0005575,GO:0005622,GO:0005623,GO:0005634,GO:0005737,GO:0005829,GO:0005886,GO:0006355,GO:0007275,GO:0008150,GO:0008289,GO:0009536,GO:0009555,GO:0009605,GO:0009607,GO:0009620,GO:0009889,GO:0010468,GO:0010556,GO:0016020,GO:0019219,GO:0019222,GO:0031323,GO:0031326,GO:0032501,GO:0032502,GO:0035091,GO:0043167,GO:0043168,GO:0043207,GO:0043226,GO:0043227,GO:0043229,GO:0043231,GO:0044212,GO:0044424,GO:0044444,GO:0044464,GO:0048229,GO:0048856,GO:0050789,GO:0050794,GO:0050896,GO:0051171,GO:0051252,GO:0051704,GO:0051707,GO:0060255,GO:0065007,GO:0071944,GO:0080090,GO:0097159,GO:0140110,GO:1901363,GO:1903506,GO:2000112,GO:2001141				F-box,Tub
NODE_64_length_3810_cov_1.418586_2	U	nuclear import signal receptor activity						
NODE_64_length_3810_cov_1.418586_3	S	Domain of unknown function (DUF4216)						DUF4216,DUF4218,Transpos_assoc,Transposase_21
NODE_64_length_3810_cov_1.418586_4	S	Domain of unknown function (DUF4216)						DUF4216,DUF4218
NODE_66_length_3775_cov_3.176089_2	L	transposition, RNA-mediated						G-patch,Retrotrans_gag
NODE_66_length_3775_cov_3.176089_3	E	Uncharacterized protein K02A2.6-like						RVT_1,RVT_3,Retrotrans_gag,rve
NODE_67_length_3722_cov_1.305266_1	L	Retrotransposon gag protein						Retrotrans_gag
NODE_68_length_3704_cov_0.932451_1	T	Belongs to the protein kinase superfamily. Ser Thr protein kinase family		GO:0005575,GO:0005623,GO:0005886,GO:0016020,GO:0044464,GO:0071944	ko:K04730	ko04010,ko04064,ko04620,ko04624,ko04722,ko05133,ko05140,ko05142,ko05145,ko05152,ko05162,ko05169,map04010,map04064,map04620,map04624,map04722,map05133,map05140,map05142,map05145,map05152,map05162,map05169	M00686	LRRNT_2,LRR_1,LRR_8,Pkinase,Pkinase_Tyr
NODE_69_length_3652_cov_6.657343_1	L	transposition, RNA-mediated						RVT_1,RVT_3,Retrotrans_gag,rve
NODE_71_length_3578_cov_1.067680_1	S	isoform X1						DBD_Tnp_Mut,MULE,SWIM
NODE_71_length_3578_cov_1.067680_2	S	plant mutator transposase zinc finger						DBD_Tnp_Mut,MULE,SWIM
NODE_72_length_3555_cov_1.289738_1	L	nuclease activity						DDE_Tnp_4,Myb_DNA-bind_3
NODE_72_length_3555_cov_1.289738_2	S	Myb/SANT-like DNA-binding domain						Myb_DNA-bind_3
NODE_73_length_3534_cov_1.471796_2	BDLT	Belongs to the PI3 PI4-kinase family	TRRAP		ko:K08874	ko05166,map05166		FAT,FATC,PI3_PI4_kinase
NODE_74_length_3533_cov_1.281829_1	L	Retrotransposon gag protein						Retrotrans_gag
NODE_74_length_3533_cov_1.281829_2	L	transposition, RNA-mediated						
NODE_74_length_3533_cov_1.281829_3	E	Uncharacterized protein K02A2.6-like						RVT_1,RVT_3,Retrotrans_gag,rve
NODE_76_length_3518_cov_1.575705_1	L	Uncharacterized protein K02A2.6-like						G-patch,RVT_1,RVT_3,Retrotrans_gag,rve
NODE_78_length_3495_cov_1.835869_1	S	transposon protein						DUF4216,DUF4218,Transpos_assoc,Transposase_21
NODE_78_length_3495_cov_1.835869_2	S	source UniProtKB						DUF4216,DUF4218,Transpos_assoc,Transposase_21
NODE_78_length_3495_cov_1.835869_3	S	source UniProtKB						DUF4216,DUF4218,Transpos_assoc,Transposase_21
NODE_79_length_3472_cov_2.512775_1	S	Plant transposon protein						
NODE_79_length_3472_cov_2.512775_2	S	No apical meristem-associated C-terminal domain						NAM-associated
NODE_80_length_3404_cov_8.779147_1	L	transposition, RNA-mediated						Asp_protease_2
NODE_82_length_3356_cov_2.117145_2	L	G-quadruplex DNA unwinding			ko:K15255			Helitron_like_N,Herpes_Helicase,PIF1
NODE_82_length_3356_cov_2.117145_3	D	Belongs to the helicase family						Helitron_like_N,Herpes_Helicase,PIF1
NODE_82_length_3356_cov_2.117145_4	L	G-quadruplex DNA unwinding			ko:K15255			Helitron_like_N,Herpes_Helicase,PIF1
NODE_84_length_3289_cov_1.478518_1	S	Zinc finger MYM-type protein						DUF4371,Dimer_Tnp_hAT
NODE_84_length_3289_cov_1.478518_2	S	Zinc finger MYM-type protein						DUF4371,Dimer_Tnp_hAT
NODE_85_length_3283_cov_1.267645_2	S	Transposase family tnp2						DUF4216,DUF4218,Transpos_assoc,Transposase_21
NODE_85_length_3283_cov_1.267645_3	T	1-phosphatidylinositol-4-phosphate 5-kinase activity						MORN,UCH,USP7_ICP0_bdg,zf-C3HC4_3
NODE_86_length_3244_cov_1.563941_1	S	transposon protein						DUF4216,DUF4218,Transpos_assoc,Transposase_21
NODE_86_length_3244_cov_1.563941_2	S	source UniProtKB						DUF4216,DUF4218,Transpos_assoc,Transposase_21
NODE_86_length_3244_cov_1.563941_3	S	source UniProtKB						Peptidase_C48,Transposase_24
NODE_88_length_3230_cov_2.492074_3	L	Retrotransposon gag protein						Retrotrans_gag
NODE_89_length_3223_cov_18.829307_1	L	8-hydroxy-dADP phosphatase activity						Retrotrans_gag
NODE_91_length_3163_cov_3.858393_1	S	Serine threonine-protein phosphatase 7 long form homolog						PMD
NODE_92_length_3128_cov_1.150115_1	J	component of the eukaryotic translation initiation factor 3 (eIF-3) complex, which is involved in protein synthesis of a specialized repertoire of mRNAs and, together with other initiation factors, stimulates binding of mRNA and methionyl-tRNAi to the 40S ribosome. The eIF-3 complex specifically targets and initiates translation of a subset of mRNAs involved in cell proliferation		GO:0000003,GO:0000502,GO:0003006,GO:0003674,GO:0003676,GO:0003723,GO:0003729,GO:0003743,GO:0005488,GO:0005575,GO:0005622,GO:0005623,GO:0005634,GO:0005737,GO:0005829,GO:0005852,GO:0005886,GO:0006139,GO:0006351,GO:0006352,GO:0006412,GO:0006413,GO:0006417,GO:0006518,GO:0006725,GO:0006807,GO:0006950,GO:0006970,GO:0007275,GO:0008135,GO:0008150,GO:0008152,GO:0009058,GO:0009059,GO:0009314,GO:0009416,GO:0009628,GO:0009639,GO:0009640,GO:0009651,GO:0009791,GO:0009889,GO:0009890,GO:0009892,GO:0009908,GO:0009987,GO:0010467,GO:0010468,GO:0010556,GO:0010558,GO:0010605,GO:0010608,GO:0010629,GO:0016020,GO:0016070,GO:0017148,GO:0018130,GO:0019222,GO:0019438,GO:0019538,GO:0022414,GO:0030371,GO:0031323,GO:0031324,GO:0031326,GO:0031327,GO:0031597,GO:0032268,GO:0032269,GO:0032501,GO:0032502,GO:0032774,GO:0032991,GO:0034248,GO:0034249,GO:0034641,GO:0034645,GO:0034654,GO:0043043,GO:0043170,GO:0043226,GO:0043227,GO:0043229,GO:0043231,GO:0043603,GO:0043604,GO:0044237,GO:0044238,GO:0044249,GO:0044260,GO:0044267,GO:0044271,GO:0044424,GO:0044444,GO:0044445,GO:0044464,GO:0045182,GO:0046483,GO:0048367,GO:0048519,GO:0048523,GO:0048608,GO:0048731,GO:0048856,GO:0050789,GO:0050794,GO:0050896,GO:0051171,GO:0051172,GO:0051246,GO:0051248,GO:0060255,GO:0061458,GO:0065007,GO:0071704,GO:0071944,GO:0080090,GO:0090304,GO:0090567,GO:0097159,GO:0097659,GO:1901360,GO:1901362,GO:1901363,GO:1901564,GO:1901566,GO:1901576,GO:1902494,GO:1905368,GO:1905369,GO:2000112,GO:2000113	ko:K03250	ko03013,ko05160,map03013,map05160		PCI,eIF3_N
NODE_93_length_3100_cov_1.281508_2	L	G-quadruplex DNA unwinding			ko:K15255			Helitron_like_N,Herpes_Helicase,PIF1
NODE_96_length_3059_cov_3.320590_1	L	transposition, RNA-mediated						RVT_1,RVT_3,Retrotrans_gag,rve
NODE_96_length_3059_cov_3.320590_2	E	Uncharacterized protein K02A2.6-like						RVT_1,RVT_3,Retrotrans_gag,rve
NODE_97_length_3038_cov_3.296859_1	S	serine threonine-protein phosphatase		GO:0005575,GO:0005622,GO:0005623,GO:0005634,GO:0043226,GO:0043227,GO:0043229,GO:0043231,GO:0044424,GO:0044464				PMD
NODE_97_length_3038_cov_3.296859_2	S	Serine threonine-protein phosphatase 7 long form homolog		GO:0005575,GO:0005622,GO:0005623,GO:0005634,GO:0043226,GO:0043227,GO:0043229,GO:0043231,GO:0044424,GO:0044464				PMD
NODE_98_length_3028_cov_1.141986_1	S	source UniProtKB						DUF4216,DUF4218,Transpos_assoc,Transposase_21
NODE_98_length_3028_cov_1.141986_2	S	source UniProtKB						DUF4216,DUF4218,Transpos_assoc,Transposase_21
NODE_98_length_3028_cov_1.141986_3	S	Domain of unknown function (DUF4216)						DUF4216,DUF4218
NODE_103_length_2978_cov_1.866598_2	S	Serine threonine-protein phosphatase 7 long form homolog		GO:0005575,GO:0005622,GO:0005623,GO:0005634,GO:0043226,GO:0043227,GO:0043229,GO:0043231,GO:0044424,GO:0044464				PMD
NODE_104_length_2968_cov_4.316845_2	S	protein FAR1-RELATED SEQUENCE						FAR1,MULE
NODE_106_length_2943_cov_0.968925_1	L	Retrotransposon gag protein						Retrotrans_gag
NODE_106_length_2943_cov_0.968925_2	L	transposition, RNA-mediated						G-patch
NODE_106_length_2943_cov_0.968925_3	E	Uncharacterized protein K02A2.6-like		GO:0000943,GO:0003674,GO:0003676,GO:0003723,GO:0003824,GO:0003887,GO:0003964,GO:0004518,GO:0004540,GO:0005488,GO:0005575,GO:0005622,GO:0005623,GO:0005634,GO:0006139,GO:0006259,GO:0006278,GO:0006508,GO:0006725,GO:0006807,GO:0008150,GO:0008152,GO:0008233,GO:0009058,GO:0009059,GO:0009987,GO:0016070,GO:0016740,GO:0016772,GO:0016779,GO:0016787,GO:0016788,GO:0018130,GO:0019438,GO:0019538,GO:0032196,GO:0032197,GO:0034061,GO:0034641,GO:0034645,GO:0034654,GO:0043170,GO:0043226,GO:0043227,GO:0043229,GO:0043231,GO:0044237,GO:0044238,GO:0044249,GO:0044260,GO:0044271,GO:0044422,GO:0044424,GO:0044428,GO:0044446,GO:0044464,GO:0046483,GO:0071704,GO:0071897,GO:0090304,GO:0090305,GO:0090501,GO:0097159,GO:0140096,GO:0140097,GO:0140098,GO:1901360,GO:1901362,GO:1901363,GO:1901564,GO:1901576				RVT_1,RVT_3,Retrotrans_gag,rve
NODE_109_length_2896_cov_1.753104_1	S	BEST Arabidopsis thaliana protein match is Mitovirus RNA-dependent RNA polymerase (TAIR						Mitovir_RNA_pol
NODE_112_length_2876_cov_1.584137_1	S	transposon protein						DUF4218,Transpos_assoc,Transposase_21
NODE_113_length_2857_cov_2.027668_1	S	chromatin binding						DUF1985,Peptidase_C48
NODE_114_length_2845_cov_0.738439_1	E	Uncharacterized protein K02A2.6-like						RVT_1,RVT_3,Retrotrans_gag,rve
NODE_116_length_2806_cov_0.730769_2	L	ribonuclease H protein						DUF4283,RVT_1,RVT_3,zf-CCHC_4,zf-RVT
NODE_120_length_2745_cov_0.663796_2	T	Belongs to the disease resistance NB-LRR family			ko:K13459	ko04626,map04626		LRR_4,LRR_8,NB-ARC
NODE_121_length_2743_cov_7.746812_1	L	transposition, RNA-mediated						Asp_protease_2,RVT_1,Retrotrans_gag,rve
NODE_122_length_2738_cov_1.455844_2	S	source UniProtKB						DUF4216,DUF4218,Transpos_assoc,Transposase_21
NODE_122_length_2738_cov_1.455844_3	S	source UniProtKB						DUF4216,DUF4218,Transpos_assoc,Transposase_21
NODE_127_length_2664_cov_5.872398_1	L	Retroviral aspartyl protease						RVP_2,RVT_1,Retrotrans_gag,zf-CCHC
NODE_128_length_2663_cov_0.766048_1	L	Uncharacterized protein K02A2.6-like						RVT_1,RVT_3,rve
NODE_128_length_2663_cov_0.766048_2	E	Uncharacterized protein K02A2.6-like						RVT_1,RVT_3,Retrotrans_gag,rve
NODE_129_length_2662_cov_1.272304_1	S	neurochondrin						Neurochondrin
NODE_131_length_2629_cov_1.153605_3	L	Retrotransposon gag protein						Retrotrans_gag
NODE_131_length_2629_cov_1.153605_4	L	transposition, RNA-mediated						Retrotrans_gag
NODE_132_length_2626_cov_0.841114_1	S	Reverse transcriptase (RNA-dependent DNA polymerase)						DUF4283,RVT_1,RVT_3,zf-RVT
NODE_133_length_2592_cov_1.254473_1	S	protein FAR1-RELATED SEQUENCE						FAR1,MULE
NODE_135_length_2555_cov_1.001211_1	S	transposon protein						DUF4216,DUF4218,Transpos_assoc,Transposase_21
NODE_135_length_2555_cov_1.001211_2	S	source UniProtKB						DUF4216,DUF4218,Transpos_assoc,Transposase_21
NODE_135_length_2555_cov_1.001211_3	S	Domain of unknown function (DUF4216)						DUF4216,DUF4218
NODE_137_length_2542_cov_1.376723_1	D	Belongs to the helicase family						Helitron_like_N,Herpes_Helicase,PIF1
NODE_141_length_2526_cov_0.599673_1	S	Ribosomal protein-like protein						Plant_tran
NODE_141_length_2526_cov_0.599673_2	S	Plant transposon protein						
NODE_145_length_2478_cov_2.250208_1	C	ATP synthesis coupled proton transport	ATP6	GO:0000276,GO:0003674,GO:0003824,GO:0005215,GO:0005575,GO:0005622,GO:0005623,GO:0005737,GO:0005739,GO:0005740,GO:0005743,GO:0005753,GO:0006091,GO:0006119,GO:0006139,GO:0006163,GO:0006164,GO:0006725,GO:0006753,GO:0006754,GO:0006793,GO:0006796,GO:0006807,GO:0006810,GO:0006811,GO:0006812,GO:0006839,GO:0006950,GO:0006996,GO:0007005,GO:0007006,GO:0007007,GO:0007275,GO:0007568,GO:0008150,GO:0008152,GO:0008324,GO:0008340,GO:0008553,GO:0009058,GO:0009117,GO:0009123,GO:0009124,GO:0009126,GO:0009127,GO:0009141,GO:0009142,GO:0009144,GO:0009145,GO:0009150,GO:0009152,GO:0009156,GO:0009161,GO:0009165,GO:0009167,GO:0009168,GO:0009199,GO:0009201,GO:0009205,GO:0009206,GO:0009259,GO:0009260,GO:0009628,GO:0009987,GO:0010259,GO:0015075,GO:0015077,GO:0015078,GO:0015318,GO:0015399,GO:0015405,GO:0015662,GO:0015672,GO:0015985,GO:0015986,GO:0016020,GO:0016043,GO:0016310,GO:0016462,GO:0016469,GO:0016787,GO:0016817,GO:0016818,GO:0016887,GO:0017111,GO:0017144,GO:0018130,GO:0019438,GO:0019637,GO:0019693,GO:0019725,GO:0019829,GO:0019866,GO:0022804,GO:0022853,GO:0022857,GO:0022890,GO:0031090,GO:0031966,GO:0031967,GO:0031975,GO:0032501,GO:0032502,GO:0032991,GO:0033177,GO:0034220,GO:0034641,GO:0034654,GO:0036296,GO:0036442,GO:0040011,GO:0042407,GO:0042592,GO:0042623,GO:0042625,GO:0042626,GO:0042776,GO:0043226,GO:0043227,GO:0043229,GO:0043231,GO:0043492,GO:0044237,GO:0044238,GO:0044249,GO:0044271,GO:0044281,GO:0044422,GO:0044424,GO:0044425,GO:0044429,GO:0044444,GO:0044446,GO:0044455,GO:0044464,GO:0044769,GO:0045259,GO:0045263,GO:0046034,GO:0046390,GO:0046483,GO:0046716,GO:0046907,GO:0046933,GO:0048856,GO:0050896,GO:0051179,GO:0051234,GO:0051641,GO:0051649,GO:0055085,GO:0055086,GO:0055093,GO:0060249,GO:0061024,GO:0065007,GO:0065008,GO:0070050,GO:0070482,GO:0071704,GO:0071840,GO:0072521,GO:0072522,GO:0090407,GO:0090662,GO:0098655,GO:0098660,GO:0098662,GO:0098796,GO:0098798,GO:0098800,GO:0099131,GO:0099132,GO:1901135,GO:1901137,GO:1901293,GO:1901360,GO:1901362,GO:1901564,GO:1901566,GO:1901576,GO:1902600,GO:1990542	ko:K02126	ko00190,ko01100,ko04714,ko05010,ko05012,ko05016,map00190,map01100,map04714,map05010,map05012,map05016	M00158	ATP-synt_A
NODE_146_length_2459_cov_1.064232_1	S	Protein of unknown function (DUF 659)						DUF659,Dimer_Tnp_hAT,zf-BED
NODE_146_length_2459_cov_1.064232_2								DUF659,Dimer_Tnp_hAT,zf-BED
NODE_146_length_2459_cov_1.064232_3	S	source UniProtKB						DUF659,Dimer_Tnp_hAT,zf-BED
NODE_148_length_2440_cov_1.249683_2	O	DNA RNA polymerases superfamily protein						RVT_1,Retrotrans_gag,zf-CCHC
NODE_153_length_2398_cov_0.686342_2	S	Reverse transcriptase (RNA-dependent DNA polymerase)						DUF4283,RVT_1,RVT_3,zf-RVT
NODE_154_length_2382_cov_0.727983_1	L	Retrotransposon gag protein						Retrotrans_gag
NODE_155_length_2380_cov_0.732523_2	S	chromatin binding						DUF1985,Peptidase_C48
NODE_156_length_2372_cov_0.918519_2	L	transposition, RNA-mediated						G-patch,Retrotrans_gag
NODE_157_length_2368_cov_12.540375_1	J	transposition, RNA-mediated						Asp_protease_2,Retrotrans_gag
NODE_158_length_2361_cov_1.587128_1	S	source UniProtKB						DUF4216,DUF4218,Transpos_assoc,Transposase_21
NODE_158_length_2361_cov_1.587128_2	S	source UniProtKB						DUF4216,DUF4218,Transpos_assoc,Transposase_21
NODE_159_length_2348_cov_2.007045_2	O	cytochrome c biosynthesis ccmC-like mitochondrial	ccmC					Cytochrom_C_asm
NODE_159_length_2348_cov_2.007045_3	C	Belongs to the complex I subunit 6 family	NAD6		ko:K03884	ko00190,ko01100,ko04714,ko04723,ko05012,map00190,map01100,map04714,map04723,map05012	M00142	Oxidored_q3
NODE_165_length_2311_cov_1.318711_1	S	Protein FAR1-RELATED SEQUENCE 5-like						FAR1,MULE,SWIM
NODE_166_length_2287_cov_2.201357_1	E	Ribonuclease H protein						
NODE_172_length_2218_cov_0.986922_1	L	transposition, RNA-mediated						Retrotrans_gag
NODE_174_length_2196_cov_1.440302_3	S	source UniProtKB						DUF4216,DUF4218,Transpos_assoc,Transposase_21
NODE_174_length_2196_cov_1.440302_4	S	transposon protein						DUF4216,DUF4218,Transpos_assoc,Transposase_21
NODE_178_length_2175_cov_0.840552_1	D	Belongs to the helicase family			ko:K07466,ko:K15255	ko03030,ko03420,ko03430,ko03440,ko03460,map03030,map03420,map03430,map03440,map03460	M00288	Helitron_like_N,Herpes_Helicase,PIF1
NODE_178_length_2175_cov_0.840552_2	D	ATP-dependent DNA helicase			ko:K15255			Helitron_like_N,Herpes_Helicase,PIF1
NODE_180_length_2158_cov_4.832773_1	L	DNA RNA polymerases superfamily protein						RVP_2,RVT_1,Retrotrans_gag,rve,zf-CCHC
NODE_181_length_2142_cov_1.142857_1	S	source UniProtKB						DUF4216,DUF4218,Transpos_assoc,Transposase_21
NODE_181_length_2142_cov_1.142857_2	S	source UniProtKB						Peptidase_C48,Transposase_24
NODE_183_length_2134_cov_0.957240_1	S	FAR1 DNA-binding domain						FAR1,MULE,SWIM
NODE_184_length_2127_cov_2.847317_2	S	Myb/SANT-like DNA-binding domain						Myb_DNA-bind_3
NODE_186_length_2097_cov_0.413947_1	E	Uncharacterized protein K02A2.6-like						RVT_1,RVT_3,Retrotrans_gag,rve
NODE_186_length_2097_cov_0.413947_2	L	transposition, RNA-mediated						RVT_1,RVT_3,Retrotrans_gag,rve
NODE_187_length_2084_cov_0.929746_1	L	Uncharacterized protein K02A2.6-like						RVT_1,RVT_3,Retrotrans_gag,rve
NODE_187_length_2084_cov_0.929746_2	E	Uncharacterized protein K02A2.6-like						RVT_1,RVT_3,rve
NODE_188_length_2083_cov_1.706381_1	L	8-hydroxy-dADP phosphatase activity						Retrotrans_gag
NODE_189_length_2082_cov_0.769576_1	S	sulfotransferase activity						Sulfotransfer_1
NODE_192_length_2071_cov_0.986480_1	E	Uncharacterized protein K02A2.6-like						RVT_1,RVT_3,Retrotrans_gag,rve
NODE_197_length_2058_cov_1.691570_1	L	Mitochondrial protein			ko:K13459	ko04626,map04626		RVT_2,Retrotran_gag_2,Retrotran_gag_3
NODE_200_length_2038_cov_0.682790_3	L	ribonuclease H protein						RVT_1,RVT_3,zf-RVT
NODE_200_length_2038_cov_0.682790_4	E	Ribonuclease H protein			ko:K03549			RVT_1,RVT_3,zf-RVT
NODE_202_length_2039_cov_0.435780_2	E	Uncharacterized protein K02A2.6-like						RVT_1,RVT_3,Retrotrans_gag,rve
NODE_210_length_2001_cov_2.836798_2	L	Uncharacterized protein K02A2.6-like						RVT_1,RVT_3,rve
NODE_211_length_2000_cov_1.144566_1	T	Serine threonine-protein phosphatase 7 long form homolog						Metallophos,PMD
NODE_212_length_1996_cov_1.447629_1	S	Ribosomal protein-like protein						Plant_tran
NODE_213_length_1992_cov_0.732637_1	E	Uncharacterized protein K02A2.6-like						RVT_1,RVT_3,Retrotrans_gag,rve
NODE_213_length_1992_cov_0.732637_2	K	ATP-dependent DNA helicase		GO:0000785,GO:0000786,GO:0003674,GO:0003678,GO:0003824,GO:0004003,GO:0004386,GO:0005575,GO:0005622,GO:0005623,GO:0005694,GO:0006139,GO:0006259,GO:0006325,GO:0006342,GO:0006344,GO:0006346,GO:0006349,GO:0006355,GO:0006725,GO:0006807,GO:0006996,GO:0008026,GO:0008094,GO:0008150,GO:0008152,GO:0009292,GO:0009294,GO:0009889,GO:0009890,GO:0009892,GO:0009893,GO:0009987,GO:0010468,GO:0010556,GO:0010558,GO:0010604,GO:0010605,GO:0010629,GO:0010638,GO:0010639,GO:0016043,GO:0016458,GO:0016462,GO:0016569,GO:0016787,GO:0016817,GO:0016818,GO:0016887,GO:0017111,GO:0019219,GO:0019222,GO:0031056,GO:0031057,GO:0031058,GO:0031060,GO:0031062,GO:0031323,GO:0031324,GO:0031325,GO:0031326,GO:0031327,GO:0031399,GO:0031400,GO:0031401,GO:0032196,GO:0032197,GO:0032268,GO:0032269,GO:0032270,GO:0032392,GO:0032508,GO:0032991,GO:0032993,GO:0033043,GO:0033044,GO:0034641,GO:0035065,GO:0035067,GO:0040029,GO:0042623,GO:0043170,GO:0043226,GO:0043228,GO:0043229,GO:0043232,GO:0043412,GO:0044030,GO:0044237,GO:0044238,GO:0044260,GO:0044422,GO:0044424,GO:0044427,GO:0044446,GO:0044464,GO:0044764,GO:0044815,GO:0045814,GO:0045892,GO:0045934,GO:0046483,GO:0048518,GO:0048519,GO:0048522,GO:0048523,GO:0050789,GO:0050794,GO:0051052,GO:0051128,GO:0051129,GO:0051130,GO:0051171,GO:0051172,GO:0051173,GO:0051246,GO:0051247,GO:0051248,GO:0051252,GO:0051253,GO:0051276,GO:0051570,GO:0051574,GO:0051704,GO:0060255,GO:0065007,GO:0070035,GO:0071103,GO:0071514,GO:0071704,GO:0071840,GO:0080090,GO:0090239,GO:0090241,GO:0090304,GO:0140097,GO:1901360,GO:1901983,GO:1901984,GO:1902275,GO:1902679,GO:1903506,GO:1903507,GO:1905268,GO:1905269,GO:2000112,GO:2000113,GO:2000756,GO:2000757,GO:2001141,GO:2001251,GO:2001252	ko:K19001			Helicase_C,SNF2_N
NODE_214_length_1982_cov_1.373753_1	S	Kelch-like protein		GO:0005575,GO:0005622,GO:0005623,GO:0005634,GO:0005737,GO:0005856,GO:0008150,GO:0008582,GO:0040008,GO:0043226,GO:0043227,GO:0043228,GO:0043229,GO:0043231,GO:0043232,GO:0044087,GO:0044424,GO:0044464,GO:0045886,GO:0045926,GO:0048519,GO:0048523,GO:0048638,GO:0048640,GO:0050789,GO:0050793,GO:0050794,GO:0050803,GO:0050807,GO:0051093,GO:0051128,GO:0051129,GO:0051239,GO:0051241,GO:0051960,GO:0051961,GO:0051963,GO:0051964,GO:0065007,GO:0065008,GO:1904396,GO:1904397,GO:1905809,GO:2000026	ko:K10442,ko:K10443,ko:K10446,ko:K10450,ko:K10457			Dev_Cell_Death,Kelch_1
NODE_218_length_1971_cov_0.957761_2	E	Uncharacterized protein K02A2.6-like						RVT_1,RVT_3,Retrotrans_gag,rve
NODE_220_length_1956_cov_2.603191_1	K	Auxin response factors (ARFs) are transcriptional factors that bind specifically to the DNA sequence 5'-TGTCTC-3' found in the auxin-responsive promoter elements (AuxREs)						Auxin_resp,B3
NODE_230_length_1908_cov_0.795194_1	S	Zinc finger MYM-type protein						DUF4371,Dimer_Tnp_hAT
NODE_232_length_1892_cov_1.205510_1	S	Domain of unknown function (DUF4283)						DUF4283,zf-CCHC_4
NODE_234_length_1880_cov_0.886855_1	S	A Receptor for Ubiquitination Targets						F-box
NODE_234_length_1880_cov_0.886855_2	S	LRR-repeat protein						F-box,FBD
NODE_238_length_1869_cov_3.876674_2	L	8-hydroxy-dADP phosphatase activity						Retrotrans_gag
NODE_239_length_1866_cov_15.060369_1	J	transposition, RNA-mediated						Asp_protease_2,Retrotrans_gag
NODE_240_length_1866_cov_0.891560_1	S	Zinc finger MYM-type protein 1-like						DUF4371,Dimer_Tnp_hAT
NODE_240_length_1866_cov_0.891560_2	S	Zinc finger MYM-type protein						DUF4371,Dimer_Tnp_hAT
NODE_242_length_1863_cov_1.249441_1	S	source UniProtKB						DUF4216,DUF4218,Transpos_assoc,Transposase_21
NODE_244_length_1858_cov_1.398091_1	S	Domain of unknown function (DUF4216)						DUF4216,DUF4218,Transpos_assoc
NODE_244_length_1858_cov_1.398091_2	S	source UniProtKB						DUF4216,DUF4218,Transpos_assoc,Transposase_21
NODE_247_length_1849_cov_11.603837_2	L	8-hydroxy-dADP phosphatase activity						Retrotrans_gag
NODE_248_length_1849_cov_0.886005_2								Transposase_23,Transposase_24
NODE_254_length_1829_cov_0.533105_1	V	Belongs to the multi antimicrobial extrusion (MATE) (TC 2.A.66.1) family			ko:K03327			MatE
NODE_256_length_1826_cov_1.995998_2	E	Uncharacterized protein K02A2.6-like						RVT_1,RVT_3,Retrotrans_gag,rve
NODE_257_length_1826_cov_1.520297_1	S	regulation of response to stimulus						LRR_1,LRR_3,LRR_5,LRR_8,NB-ARC,TIR
NODE_257_length_1826_cov_1.520297_2	C	ATP synthesis coupled electron transport	nad2	GO:0005575,GO:0005622,GO:0005623,GO:0005737,GO:0005739,GO:0005740,GO:0005743,GO:0016020,GO:0019866,GO:0031090,GO:0031966,GO:0031967,GO:0031975,GO:0043226,GO:0043227,GO:0043229,GO:0043231,GO:0044422,GO:0044424,GO:0044429,GO:0044444,GO:0044446,GO:0044464	ko:K03879	ko00190,ko01100,ko04714,ko04723,ko05012,map00190,map01100,map04714,map04723,map05012	M00142	Proton_antipo_M
NODE_258_length_1822_cov_0.785100_1	L	Reverse transcriptase (RNA-dependent DNA polymerase)						RVT_1,RVT_3,Retrotrans_gag,rve
NODE_259_length_1818_cov_4.910448_1	H	transposition, RNA-mediated						Asp_protease_2,Chromo,RVT_1,Retrotrans_gag,gag-asp_proteas,rve
NODE_261_length_1798_cov_1.289948_1	L	G-quadruplex DNA unwinding			ko:K15255			Helitron_like_N,Herpes_Helicase,PIF1
NODE_261_length_1798_cov_1.289948_2	L	G-quadruplex DNA unwinding			ko:K15255			Helitron_like_N,Herpes_Helicase,PIF1
NODE_262_length_1797_cov_1.729070_1	S	transposon protein						DUF4216,DUF4218,Transpos_assoc,Transposase_21
NODE_264_length_1775_cov_1.395171_1	L	DNA polymerase type B, organellar and viral						DNA_pol_B_2
NODE_267_length_1768_cov_1.484329_1	S	FAR1 DNA-binding domain						FAR1,MULE,SWIM
NODE_268_length_1766_cov_2.142096_1	S	Plant transposon protein						
NODE_268_length_1766_cov_2.142096_3	S	Plant transposon protein						
NODE_271_length_1760_cov_17.881165_1	L	strictosidine synthase activity						Asp_protease_2,RVT_1,Retrotrans_gag,rve
NODE_272_length_1759_cov_0.708680_1	S	Protein FAR1-RELATED SEQUENCE 5-like			ko:K17604			FAR1,MULE,SWIM
NODE_272_length_1759_cov_0.708680_2	S	Protein FAR1-RELATED SEQUENCE 5-like			ko:K17604			FAR1,MULE,SWIM
NODE_275_length_1752_cov_1.771940_1	S	Zinc knuckle family protein						MP,RVP,zf-CCHC
NODE_280_length_1735_cov_2.065742_2	C	ATP synthase	atp1		ko:K02132	ko00190,ko01100,ko04714,ko05010,ko05012,ko05016,map00190,map01100,map04714,map05010,map05012,map05016	M00158	ATP-synt_ab,ATP-synt_ab_C,ATP-synt_ab_N
NODE_282_length_1732_cov_1.265861_1	S	Protein FAR1-RELATED SEQUENCE 5-like						FAR1,MULE,SWIM
NODE_282_length_1732_cov_1.265861_2	T	Cysteine-rich receptor-like protein kinase			ko:K01183	ko00520,ko01100,map00520,map01100		Glyco_hydro_18,Pkinase,Pkinase_Tyr
NODE_283_length_1729_cov_0.608459_1	S	MuDR family transposase						DBD_Tnp_Mut,MULE,SWIM
NODE_283_length_1729_cov_0.608459_2					ko:K17086			DBD_Tnp_Mut,MULE,SWIM
NODE_285_length_1726_cov_9.935758_1	E	Ribonuclease H protein						RVT_1
NODE_287_length_1724_cov_0.527019_1	E	Ribonuclease H protein						Exo_endo_phos,Exo_endo_phos_2,RVT_1
NODE_287_length_1724_cov_0.527019_2	S	Reverse transcriptase (RNA-dependent DNA polymerase)						DUF4283,RVT_1,RVT_3,zf-RVT
NODE_297_length_1703_cov_0.742312_1	D	Belongs to the helicase family			ko:K15255			Helitron_like_N,PIF1
NODE_299_length_1691_cov_0.698765_1	S	Domain of unknown function (DUF4283)						DUF4283
NODE_299_length_1691_cov_0.698765_2	K	Domain of unknown function (DUF4283)						DUF4283,zf-CCHC_4
NODE_300_length_1690_cov_0.833850_1								F-box,FBA_3
NODE_308_length_1675_cov_0.660200_1	S	Zinc finger MYM-type protein 1-like						DUF4371,Dimer_Tnp_hAT
NODE_310_length_1672_cov_0.677116_2	L	Histidine protein methyltransferase 1 homolog						Methyltransf_16
NODE_311_length_1669_cov_1.123116_1	S	Transposase family tnp2						DUF4216,DUF4218,Transpos_assoc,Transposase_21
NODE_312_length_1665_cov_0.658690_1	S	Plant mobile domain						DUF1985,PMD
NODE_316_length_1659_cov_2.924779_1	L	Helitron helicase-like domain at N-terminus						Helitron_like_N,PIF1
NODE_322_length_1651_cov_0.844981_1	S	protein FAR1-RELATED SEQUENCE						FAR1,MULE
NODE_322_length_1651_cov_0.844981_2	S	Zinc finger MYM-type protein						DUF4371,Dimer_Tnp_hAT
NODE_323_length_1643_cov_3.763208_1	S	Plant mobile domain						DUF1985,PMD
NODE_324_length_1646_cov_0.500956_1	E	Uncharacterized protein K02A2.6-like						RVT_1,RVT_3,Retrotrans_gag,rve
NODE_325_length_1645_cov_1.718750_2	L	ribonuclease H protein						DUF4283,RVT_1,RVT_3,zf-CCHC_4,zf-RVT
NODE_326_length_1643_cov_7.262452_1	L	transposition, RNA-mediated						Asp_protease_2,RVT_1,Retrotrans_gag,rve
NODE_327_length_1641_cov_0.898338_1	D	Belongs to the helicase family			ko:K07466,ko:K15255	ko03030,ko03420,ko03430,ko03440,ko03460,map03030,map03420,map03430,map03440,map03460	M00288	Helitron_like_N,Herpes_Helicase,PIF1
NODE_327_length_1641_cov_0.898338_2	D	PIF1-like helicase						PIF1
NODE_329_length_1628_cov_0.863402_1	S	Plant mobile domain						DUF1985,PMD
NODE_331_length_1628_cov_0.717602_1	S	Reverse transcriptase-like						RVT_3,zf-RVT
NODE_332_length_1624_cov_0.952165_1	L	strictosidine synthase activity						RVT_1,Retrotrans_gag,rve
NODE_336_length_1610_cov_0.527723_1	J	transposition, RNA-mediated						Asp_protease_2,Retrotrans_gag
NODE_337_length_1606_cov_0.919060_1	S	Reverse transcriptase-like						RVT_3,zf-RVT
NODE_341_length_1597_cov_1.499342_1	S	Domain of unknown function (DUF4283)						DUF4283,zf-CCHC_4
NODE_346_length_1580_cov_1.143713_1	J	This protein promotes the GTP-dependent binding of aminoacyl-tRNA to the A-site of ribosomes during protein biosynthesis			ko:K03231	ko03013,ko05134,map03013,map05134		GTP_EFTU,GTP_EFTU_D2,GTP_EFTU_D3
NODE_347_length_1577_cov_0.550233_1	E	Ribonuclease H protein			ko:K03549			RVT_1,RVT_3,zf-RVT
NODE_352_length_1570_cov_1.127261_2	L	transposition, RNA-mediated						RVT_1,RVT_3,Retrotrans_gag,rve
NODE_358_length_1558_cov_1.204178_2								NAM-associated
NODE_364_length_1550_cov_1.190767_1	S	source UniProtKB						DUF4216,DUF4218,Transpos_assoc,Transposase_21
NODE_364_length_1550_cov_1.190767_2	U	nuclear import signal receptor activity						
NODE_369_length_1537_cov_1.620548_1	S	Domain of unknown function (DUF4216)						DUF4216,DUF4218
NODE_373_length_1531_cov_1.127923_1	L	ribonuclease H protein						RVT_1,RVT_3,zf-RVT
NODE_376_length_1528_cov_0.696490_1	L	transposition, RNA-mediated						RVT_1,RVT_3,Retrotrans_gag,rve
NODE_379_length_1521_cov_1.784626_1	S	zinc-binding in reverse transcriptase						zf-RVT
NODE_384_length_1515_cov_1.148995_3	KLT	Zinc finger protein		GO:0000086,GO:0000278,GO:0003674,GO:0005488,GO:0005515,GO:0005575,GO:0005622,GO:0005623,GO:0005634,GO:0005737,GO:0006950,GO:0007049,GO:0007154,GO:0008150,GO:0009267,GO:0009605,GO:0009743,GO:0009746,GO:0009749,GO:0009987,GO:0009991,GO:0010033,GO:0022402,GO:0031667,GO:0031668,GO:0031669,GO:0033554,GO:0034284,GO:0042221,GO:0042594,GO:0043226,GO:0043227,GO:0043229,GO:0043231,GO:0044424,GO:0044464,GO:0044770,GO:0044772,GO:0044839,GO:0050896,GO:0051716,GO:0061770,GO:0071496,GO:1901700,GO:1903047	ko:K06874			zf-ZPR1
NODE_392_length_1509_cov_1.576117_1	L	DNA RNA polymerases superfamily protein						Asp_protease_2,RVT_1,Retrotrans_gag,rve
NODE_393_length_1508_cov_1.255765_1	S	source UniProtKB						DUF4216,DUF4218,Transpos_assoc,Transposase_21
NODE_398_length_1505_cov_0.891457_1								Helitron_like_N
NODE_401_length_1498_cov_0.740324_1	L	Retrotransposon gag protein						Retrotrans_gag
NODE_402_length_1496_cov_2.467230_1	L	transposition, RNA-mediated						RVT_1,RVT_3,Retrotrans_gag,rve
NODE_405_length_1490_cov_1.775972_1	S	source UniProtKB						DUF4216,DUF4218,Transpos_assoc,Transposase_21
NODE_408_length_1489_cov_0.847025_1	D	Belongs to the helicase family			ko:K15255			Helitron_like_N,PIF1
NODE_410_length_1482_cov_1.222064_1	C	Cytochrome c oxidase is the component of the respiratory chain that catalyzes the reduction of oxygen to water. Subunits 1- 3 form the functional core of the enzyme complex. CO I is the catalytic subunit of the enzyme. Electrons originating in cytochrome c are transferred via the copper A center of subunit 2 and heme A of subunit 1 to the bimetallic center formed by heme A3 and copper B	cox1	GO:0005575,GO:0005622,GO:0005623,GO:0005737,GO:0005739,GO:0005740,GO:0005743,GO:0006091,GO:0006119,GO:0006123,GO:0006139,GO:0006163,GO:0006725,GO:0006753,GO:0006793,GO:0006796,GO:0006807,GO:0006810,GO:0006811,GO:0006812,GO:0008150,GO:0008152,GO:0009060,GO:0009117,GO:0009123,GO:0009126,GO:0009141,GO:0009144,GO:0009150,GO:0009161,GO:0009167,GO:0009199,GO:0009205,GO:0009259,GO:0009987,GO:0015672,GO:0015980,GO:0015988,GO:0015990,GO:0016020,GO:0016310,GO:0017144,GO:0019637,GO:0019646,GO:0019693,GO:0019866,GO:0022900,GO:0022904,GO:0031090,GO:0031966,GO:0031967,GO:0031975,GO:0034220,GO:0034641,GO:0042773,GO:0042775,GO:0043226,GO:0043227,GO:0043229,GO:0043231,GO:0044237,GO:0044238,GO:0044281,GO:0044422,GO:0044424,GO:0044429,GO:0044444,GO:0044446,GO:0044464,GO:0045333,GO:0046034,GO:0046483,GO:0051179,GO:0051234,GO:0055085,GO:0055086,GO:0055114,GO:0071704,GO:0072521,GO:0098655,GO:0098660,GO:0098662,GO:1901135,GO:1901360,GO:1901564,GO:1902600	ko:K02256	ko00190,ko01100,ko04260,ko04714,ko04932,ko05010,ko05012,ko05016,map00190,map01100,map04260,map04714,map04932,map05010,map05012,map05016	M00154	COX1
NODE_416_length_1479_cov_0.630528_2	L	Retrotransposon gag protein						Retrotrans_gag
NODE_424_length_1464_cov_1.707282_1	L	Werner syndrome-like exonuclease		GO:0003674,GO:0003824,GO:0004518,GO:0004527,GO:0006139,GO:0006725,GO:0006807,GO:0008150,GO:0008152,GO:0008408,GO:0009987,GO:0016787,GO:0016788,GO:0034641,GO:0043170,GO:0044237,GO:0044238,GO:0046483,GO:0071704,GO:0090304,GO:0090305,GO:1901360	ko:K20777			DNA_pol_A_exo1
NODE_425_length_1463_cov_1.310967_1	S	transposon protein						DUF4216,DUF4218,Transpos_assoc,Transposase_21
NODE_425_length_1463_cov_1.310967_2	F	GTPase activity						
NODE_426_length_1463_cov_1.172439_1	E	Uncharacterized protein K02A2.6-like						RVT_1,RVT_3,Retrotrans_gag,rve
NODE_427_length_1462_cov_1.078700_1								MP,RVP,zf-CCHC
NODE_428_length_1459_cov_0.785818_1	L	transposition, RNA-mediated						G-patch
NODE_433_length_1455_cov_0.461538_1	L	Uncharacterized protein K02A2.6-like						RVT_1,RVT_3,rve
NODE_433_length_1455_cov_0.461538_2	L	transposition, RNA-mediated						RVT_1,RVT_3,Retrotrans_gag,rve
NODE_435_length_1452_cov_0.855273_1	L	Retrotransposon gag protein						Retrotrans_gag
NODE_435_length_1452_cov_0.855273_2	L	transposition, RNA-mediated						Retrotrans_gag
NODE_436_length_1451_cov_3.465066_1	T	disease resistance protein						NB-ARC,PAH
NODE_446_length_1446_cov_1.917458_1	S	BEST Arabidopsis thaliana protein match is Mitovirus RNA-dependent RNA polymerase (TAIR						Mitovir_RNA_pol
NODE_447_length_1446_cov_0.637692_2	E	Uncharacterized protein K02A2.6-like		GO:0000943,GO:0003674,GO:0003676,GO:0003723,GO:0003824,GO:0003887,GO:0003964,GO:0004518,GO:0004540,GO:0005488,GO:0005575,GO:0005622,GO:0005623,GO:0005634,GO:0006139,GO:0006259,GO:0006278,GO:0006508,GO:0006725,GO:0006807,GO:0008150,GO:0008152,GO:0008233,GO:0009058,GO:0009059,GO:0009987,GO:0016070,GO:0016740,GO:0016772,GO:0016779,GO:0016787,GO:0016788,GO:0018130,GO:0019438,GO:0019538,GO:0032196,GO:0032197,GO:0034061,GO:0034641,GO:0034645,GO:0034654,GO:0043170,GO:0043226,GO:0043227,GO:0043229,GO:0043231,GO:0044237,GO:0044238,GO:0044249,GO:0044260,GO:0044271,GO:0044422,GO:0044424,GO:0044428,GO:0044446,GO:0044464,GO:0046483,GO:0071704,GO:0071897,GO:0090304,GO:0090305,GO:0090501,GO:0097159,GO:0140096,GO:0140097,GO:0140098,GO:1901360,GO:1901362,GO:1901363,GO:1901564,GO:1901576				RVT_1,RVT_3,Retrotrans_gag,rve
NODE_449_length_1441_cov_0.867302_1	D	Belongs to the helicase family						Helitron_like_N,Herpes_Helicase,PIF1
NODE_452_length_1438_cov_1.096253_1	E	Polyamine transporter		GO:0003333,GO:0003674,GO:0005215,GO:0005342,GO:0005575,GO:0005623,GO:0005886,GO:0005887,GO:0006810,GO:0006811,GO:0006820,GO:0006865,GO:0008150,GO:0008509,GO:0008514,GO:0015075,GO:0015171,GO:0015179,GO:0015203,GO:0015291,GO:0015297,GO:0015318,GO:0015711,GO:0015807,GO:0015846,GO:0015849,GO:0016020,GO:0016021,GO:0022804,GO:0022857,GO:0031224,GO:0031226,GO:0034220,GO:0044425,GO:0044459,GO:0044464,GO:0046942,GO:0046943,GO:0051179,GO:0051234,GO:0055085,GO:0071702,GO:0071705,GO:0071944,GO:0098656,GO:1902047,GO:1902475,GO:1903825,GO:1905039				AA_permease_2
NODE_453_length_1437_cov_1.608088_1	L	transposition, RNA-mediated						Retrotrans_gag
NODE_455_length_1433_cov_0.955015_1	D	Belongs to the helicase family			ko:K07466,ko:K15255	ko03030,ko03420,ko03430,ko03440,ko03460,map03030,map03420,map03430,map03440,map03460	M00288	Helitron_like_N,Herpes_Helicase,PIF1
NODE_455_length_1433_cov_0.955015_2	D	Belongs to the helicase family			ko:K07466,ko:K15255	ko03030,ko03420,ko03430,ko03440,ko03460,map03030,map03420,map03430,map03440,map03460	M00288	Helitron_like_N,Herpes_Helicase,PIF1
NODE_456_length_1432_cov_0.846494_1	T	Belongs to the disease resistance NB-LRR family			ko:K15078,ko:K19613	ko03460,ko04014,map03460,map04014		LRR_8,NB-ARC
NODE_459_length_1419_cov_0.757238_2	S	protein FAR1-RELATED SEQUENCE						FAR1,MULE
NODE_461_length_1423_cov_0.537147_1	L	ribonuclease H protein						RVT_1,RVT_3,zf-RVT
NODE_463_length_1416_cov_1.082898_1	E	Uncharacterized protein K02A2.6-like						RVT_1,RVT_3,Retrotrans_gag,rve
NODE_463_length_1416_cov_1.082898_3	S	synthase	NES	GO:0000287,GO:0003674,GO:0003824,GO:0005488,GO:0005575,GO:0005622,GO:0005623,GO:0005737,GO:0006629,GO:0006720,GO:0006721,GO:0006950,GO:0006952,GO:0008150,GO:0008152,GO:0008299,GO:0008610,GO:0009058,GO:0009507,GO:0009536,GO:0009605,GO:0009607,GO:0009611,GO:0009617,GO:0009987,GO:0010333,GO:0010334,GO:0016101,GO:0016102,GO:0016114,GO:0016829,GO:0016835,GO:0016838,GO:0031347,GO:0034007,GO:0042214,GO:0042742,GO:0043167,GO:0043169,GO:0043207,GO:0043226,GO:0043227,GO:0043229,GO:0043231,GO:0043692,GO:0043693,GO:0044237,GO:0044238,GO:0044249,GO:0044255,GO:0044424,GO:0044444,GO:0044464,GO:0046246,GO:0046872,GO:0048583,GO:0050789,GO:0050896,GO:0051704,GO:0051707,GO:0051761,GO:0051762,GO:0065007,GO:0071704,GO:0080013,GO:0080134,GO:0098542,GO:1901576	ko:K14175,ko:K15086	ko00902,ko00909,ko01100,ko01110,ko01130,map00902,map00909,map01100,map01110,map01130		Terpene_synth,Terpene_synth_C
NODE_467_length_1405_cov_17.298193_1	L	transposition, RNA-mediated						Asp_protease_2,Retrotrans_gag
NODE_470_length_1403_cov_1.412519_2	L	ribonuclease H protein						RVT_1,RVT_3,zf-RVT
NODE_470_length_1403_cov_1.412519_3	L	ribonuclease H protein						RVT_1,RVT_3,zf-RVT
NODE_471_length_1403_cov_0.609351_2	E	Ribonuclease H protein						Exo_endo_phos,Exo_endo_phos_2,RVT_1
NODE_473_length_1400_cov_0.761905_1	T	disease resistance protein						NB-ARC,PAH
NODE_473_length_1400_cov_0.761905_2	L	Mitochondrial protein						RVT_2,Retrotran_gag_2,Retrotran_gag_3,Retrotrans_gag,gag_pre-integrs,rve,zf-CCHC
NODE_476_length_1386_cov_1.013720_1	L	Retrotransposon gag protein						Retrotrans_gag
NODE_477_length_1388_cov_0.967201_1	E	Uncharacterized protein K02A2.6-like						RVT_1,RVT_3,Retrotrans_gag,rve
NODE_478_length_1385_cov_0.639969_1	A	ATP-dependent RNA helicase	DHX35	GO:0000375,GO:0000377,GO:0000398,GO:0003674,GO:0003676,GO:0003723,GO:0003724,GO:0003824,GO:0004004,GO:0004386,GO:0005488,GO:0005575,GO:0005622,GO:0005623,GO:0005634,GO:0005681,GO:0005737,GO:0005829,GO:0005911,GO:0006139,GO:0006396,GO:0006397,GO:0006725,GO:0006807,GO:0008026,GO:0008150,GO:0008152,GO:0008186,GO:0008380,GO:0009506,GO:0009987,GO:0010467,GO:0016070,GO:0016071,GO:0016462,GO:0016787,GO:0016817,GO:0016818,GO:0016887,GO:0017111,GO:0030054,GO:0032991,GO:0034641,GO:0042623,GO:0043170,GO:0043226,GO:0043227,GO:0043229,GO:0043231,GO:0044237,GO:0044238,GO:0044422,GO:0044424,GO:0044428,GO:0044444,GO:0044446,GO:0044464,GO:0046483,GO:0055044,GO:0070035,GO:0071704,GO:0090304,GO:0097159,GO:0140098,GO:1901360,GO:1901363,GO:1990904	ko:K13117		M00355	AAA_22,HA2,Helicase_C,OB_NTP_bind
NODE_478_length_1385_cov_0.639969_2	L	transposition, RNA-mediated						Asp_protease_2,RVT_1,Retrotrans_gag,rve
NODE_482_length_1387_cov_0.672519_1	L	transposition, RNA-mediated						Retrotrans_gag
NODE_482_length_1387_cov_0.672519_2	L	transposition, RNA-mediated						RVT_1,RVT_3,Retrotrans_gag,rve
NODE_485_length_1383_cov_0.771057_1	S	Plant mobile domain						PMD
NODE_485_length_1383_cov_0.771057_2	S	Serine threonine-protein phosphatase 7 long form homolog						PMD
NODE_487_length_1380_cov_0.722393_2	S	BEST Arabidopsis thaliana protein match is			ko:K14487,ko:K18195	ko04075,map04075		DUF4283,RVT_1,zf-CCHC_4,zf-RVT
NODE_489_length_1380_cov_0.866462_1	S	Reverse transcriptase-like						RVT_3,zf-RVT
NODE_500_length_1366_cov_37.458495_1	L	8-hydroxy-dADP phosphatase activity						Retrotrans_gag
NODE_506_length_1362_cov_1.211673_1	S	Protein FAR1-RELATED SEQUENCE 5-like						FAR1,MULE,SWIM
NODE_507_length_1359_cov_2.227769_2	L	transposition, RNA-mediated						RVT_1,RVT_3,Retrotrans_gag,rve
NODE_517_length_1344_cov_1.385951_1	S	transposon protein						DUF4216,DUF4218,Transpos_assoc,Transposase_21
NODE_518_length_1343_cov_1.095577_1	S	Domain of unknown function (DUF4218)						DUF4216,DUF4218,Transpos_assoc,Transposase_21
NODE_518_length_1343_cov_1.095577_2	S	source UniProtKB						DUF4216,DUF4218,Transpos_assoc,Transposase_21
NODE_523_length_1337_cov_0.633333_1	L	ribonuclease H protein						RVT_1,RVT_3,zf-RVT
NODE_525_length_1333_cov_0.800159_2	S	Reverse transcriptase-like						RVT_3,zf-RVT
NODE_526_length_1331_cov_1.263955_1	L	transposition, RNA-mediated						Retrotrans_gag
NODE_526_length_1331_cov_1.263955_2	E	Uncharacterized protein K02A2.6-like		GO:0000943,GO:0003674,GO:0003676,GO:0003723,GO:0003824,GO:0003887,GO:0003964,GO:0004518,GO:0004540,GO:0005488,GO:0005575,GO:0005622,GO:0005623,GO:0005634,GO:0006139,GO:0006259,GO:0006278,GO:0006508,GO:0006725,GO:0006807,GO:0008150,GO:0008152,GO:0008233,GO:0009058,GO:0009059,GO:0009987,GO:0016070,GO:0016740,GO:0016772,GO:0016779,GO:0016787,GO:0016788,GO:0018130,GO:0019438,GO:0019538,GO:0032196,GO:0032197,GO:0034061,GO:0034641,GO:0034645,GO:0034654,GO:0043170,GO:0043226,GO:0043227,GO:0043229,GO:0043231,GO:0044237,GO:0044238,GO:0044249,GO:0044260,GO:0044271,GO:0044422,GO:0044424,GO:0044428,GO:0044446,GO:0044464,GO:0046483,GO:0071704,GO:0071897,GO:0090304,GO:0090305,GO:0090501,GO:0097159,GO:0140096,GO:0140097,GO:0140098,GO:1901360,GO:1901362,GO:1901363,GO:1901564,GO:1901576				RVT_1,RVT_3,Retrotrans_gag,rve
NODE_527_length_1331_cov_0.567783_2	E	Uncharacterized protein K02A2.6-like						RVT_1,RVT_3,Retrotrans_gag,rve
NODE_528_length_1330_cov_1.397446_1	D	Belongs to the helicase family			ko:K07466,ko:K15255	ko03030,ko03420,ko03430,ko03440,ko03460,map03030,map03420,map03430,map03440,map03460	M00288	Helitron_like_N,Herpes_Helicase,PIF1
NODE_531_length_1328_cov_0.363709_1	L	Uncharacterized protein K02A2.6-like		GO:0000943,GO:0003674,GO:0003676,GO:0003723,GO:0003824,GO:0003887,GO:0003964,GO:0004518,GO:0004540,GO:0005488,GO:0005575,GO:0005622,GO:0005623,GO:0005634,GO:0006139,GO:0006259,GO:0006278,GO:0006508,GO:0006725,GO:0006807,GO:0008150,GO:0008152,GO:0008233,GO:0009058,GO:0009059,GO:0009987,GO:0016070,GO:0016740,GO:0016772,GO:0016779,GO:0016787,GO:0016788,GO:0018130,GO:0019438,GO:0019538,GO:0032196,GO:0032197,GO:0034061,GO:0034641,GO:0034645,GO:0034654,GO:0043170,GO:0043226,GO:0043227,GO:0043229,GO:0043231,GO:0044237,GO:0044238,GO:0044249,GO:0044260,GO:0044271,GO:0044422,GO:0044424,GO:0044428,GO:0044446,GO:0044464,GO:0046483,GO:0071704,GO:0071897,GO:0090304,GO:0090305,GO:0090501,GO:0097159,GO:0140096,GO:0140097,GO:0140098,GO:1901360,GO:1901362,GO:1901363,GO:1901564,GO:1901576				RVT_1,RVT_3,rve
NODE_535_length_1326_cov_1.146517_1	L	Retrotransposon gag protein						Retrotrans_gag
NODE_536_length_1324_cov_4.708099_1	S	Protein FAR1-RELATED SEQUENCE 5-like						FAR1,MULE,SWIM
NODE_541_length_1319_cov_0.710145_1	S	Reverse transcriptase (RNA-dependent DNA polymerase)						DUF4283,RVT_1,RVT_3,zf-RVT
NODE_543_length_1316_cov_14.899112_1	L	strictosidine synthase activity						Retrotrans_gag,rve
NODE_545_length_1316_cov_0.508475_1	S	Reverse transcriptase (RNA-dependent DNA polymerase)						DUF4283,RVT_1,RVT_3,zf-RVT
NODE_546_length_1315_cov_1.075929_1	L	DDE superfamily endonuclease						DDE_Tnp_4
NODE_548_length_1313_cov_1.448220_1	S	ribosomal protein S4	rps4	GO:0003674,GO:0003676,GO:0003723,GO:0003735,GO:0005198,GO:0005488,GO:0005575,GO:0005622,GO:0005623,GO:0005737,GO:0005739,GO:0006417,GO:0006450,GO:0008150,GO:0009889,GO:0009891,GO:0009893,GO:0010468,GO:0010556,GO:0010557,GO:0010604,GO:0010608,GO:0010628,GO:0019222,GO:0019843,GO:0031323,GO:0031325,GO:0031326,GO:0031328,GO:0032268,GO:0032270,GO:0034248,GO:0034250,GO:0043226,GO:0043227,GO:0043229,GO:0043231,GO:0044424,GO:0044444,GO:0044464,GO:0045727,GO:0045903,GO:0048518,GO:0048522,GO:0050789,GO:0050794,GO:0051171,GO:0051173,GO:0051246,GO:0051247,GO:0060255,GO:0065007,GO:0065008,GO:0080090,GO:0097159,GO:1901363,GO:2000112	ko:K02986	ko03010,map03010	M00178,M00179	S4
NODE_553_length_1309_cov_1.133117_1	E	Uncharacterized protein K02A2.6-like						RVT_1,RVT_3,Retrotrans_gag,rve
NODE_560_length_1301_cov_1.041667_1	S	source UniProtKB						DUF4216,DUF4218,Transpos_assoc,Transposase_21
NODE_561_length_1301_cov_0.698529_1	E	Uncharacterized protein K02A2.6-like		GO:0000943,GO:0003674,GO:0003676,GO:0003723,GO:0003824,GO:0003887,GO:0003964,GO:0004518,GO:0004540,GO:0005488,GO:0005575,GO:0005622,GO:0005623,GO:0005634,GO:0006139,GO:0006259,GO:0006278,GO:0006508,GO:0006725,GO:0006807,GO:0008150,GO:0008152,GO:0008233,GO:0009058,GO:0009059,GO:0009987,GO:0016070,GO:0016740,GO:0016772,GO:0016779,GO:0016787,GO:0016788,GO:0018130,GO:0019438,GO:0019538,GO:0032196,GO:0032197,GO:0034061,GO:0034641,GO:0034645,GO:0034654,GO:0043170,GO:0043226,GO:0043227,GO:0043229,GO:0043231,GO:0044237,GO:0044238,GO:0044249,GO:0044260,GO:0044271,GO:0044422,GO:0044424,GO:0044428,GO:0044446,GO:0044464,GO:0046483,GO:0071704,GO:0071897,GO:0090304,GO:0090305,GO:0090501,GO:0097159,GO:0140096,GO:0140097,GO:0140098,GO:1901360,GO:1901362,GO:1901363,GO:1901564,GO:1901576				RVT_1,RVT_3,Retrotrans_gag,rve
NODE_562_length_1300_cov_1.044971_1	M	ATPase activity, coupled to transmembrane movement of substances			ko:K08504	ko04130,map04130		DUF4283,Exo_endo_phos,RVT_1,zf-RVT
NODE_563_length_1298_cov_0.572363_2	L	Uncharacterized protein K02A2.6-like						RVT_1,RVT_3,rve
NODE_564_length_1300_cov_0.537204_1	L	Retrotransposon gag protein						Retrotrans_gag
NODE_570_length_1290_cov_1.862325_1	S	Transposase-associated domain						Transpos_assoc,Transposase_21
NODE_571_length_1289_cov_0.497115_1	S	Protein FAR1-RELATED SEQUENCE 5-like						FAR1,MULE,SWIM
NODE_572_length_1287_cov_0.638843_1	L	Retrotransposon gag protein						Retrotrans_gag
NODE_577_length_1285_cov_2.347682_1	L	strictosidine synthase activity						Asp_protease_2,RVT_1,Retrotrans_gag,rve
NODE_587_length_1278_cov_0.512073_1	L	Retrotransposon gag protein						Retrotrans_gag
NODE_588_length_1274_cov_0.920635_1	S	Reverse transcriptase (RNA-dependent DNA polymerase)						DUF4283,RVT_1,RVT_3,zf-RVT
NODE_590_length_1270_cov_1.007544_1	L	DDE superfamily endonuclease						DDE_Tnp_4
NODE_593_length_1264_cov_0.501264_1	T	serine threonine-protein kinase		GO:0003674,GO:0003824,GO:0004672,GO:0004674,GO:0004693,GO:0005575,GO:0005622,GO:0005623,GO:0005634,GO:0005886,GO:0006464,GO:0006468,GO:0006793,GO:0006796,GO:0006807,GO:0008150,GO:0008152,GO:0009987,GO:0016020,GO:0016301,GO:0016310,GO:0016740,GO:0016772,GO:0016773,GO:0019538,GO:0036211,GO:0043170,GO:0043226,GO:0043227,GO:0043229,GO:0043231,GO:0043412,GO:0044237,GO:0044238,GO:0044260,GO:0044267,GO:0044424,GO:0044464,GO:0050789,GO:0050794,GO:0051726,GO:0065007,GO:0071704,GO:0071944,GO:0097472,GO:0140096,GO:1901564	ko:K08819			Pkinase,WRKY
NODE_595_length_1262_cov_0.456540_1	L	transposition, RNA-mediated						RVT_1,RVT_3,Retrotrans_gag,rve
NODE_595_length_1262_cov_0.456540_2	E	Uncharacterized protein K02A2.6-like						RVT_1,RVT_3,Retrotrans_gag,rve
NODE_604_length_1256_cov_0.776081_2	S	source UniProtKB						Peptidase_C48,Transposase_24
NODE_605_length_1252_cov_1.051064_1	T	ATPase activity, coupled to transmembrane movement of substances						DUF4283,RVT_1,zf-RVT
NODE_607_length_1251_cov_1.453152_1	E	Uncharacterized protein K02A2.6-like						RVT_1,RVT_3,Retrotrans_gag,rve
NODE_613_length_1247_cov_1.109402_1	S	Reverse transcriptase-like						RVT_3,zf-RVT
NODE_616_length_1245_cov_1.171942_2	S	Plant mobile domain						PMD
NODE_618_length_1243_cov_1.966552_1	S	Domain of unknown function (DUF4216)						DUF4216,DUF4218
NODE_619_length_1243_cov_0.684391_1	L	Uncharacterized protein K02A2.6-like		GO:0000943,GO:0003674,GO:0003676,GO:0003723,GO:0003824,GO:0003887,GO:0003964,GO:0004518,GO:0004540,GO:0005488,GO:0005575,GO:0005622,GO:0005623,GO:0005634,GO:0006139,GO:0006259,GO:0006278,GO:0006508,GO:0006725,GO:0006807,GO:0008150,GO:0008152,GO:0008233,GO:0009058,GO:0009059,GO:0009987,GO:0016070,GO:0016740,GO:0016772,GO:0016779,GO:0016787,GO:0016788,GO:0018130,GO:0019438,GO:0019538,GO:0032196,GO:0032197,GO:0034061,GO:0034641,GO:0034645,GO:0034654,GO:0043170,GO:0043226,GO:0043227,GO:0043229,GO:0043231,GO:0044237,GO:0044238,GO:0044249,GO:0044260,GO:0044271,GO:0044422,GO:0044424,GO:0044428,GO:0044446,GO:0044464,GO:0046483,GO:0071704,GO:0071897,GO:0090304,GO:0090305,GO:0090501,GO:0097159,GO:0140096,GO:0140097,GO:0140098,GO:1901360,GO:1901362,GO:1901363,GO:1901564,GO:1901576				RVT_1,RVT_3,rve
NODE_622_length_1241_cov_0.614261_1	T	belongs to the protein kinase superfamily			ko:K04733	ko04010,ko04064,ko04620,ko04621,ko04624,ko04722,ko05133,ko05140,ko05142,ko05145,ko05152,ko05162,ko05164,map04010,map04064,map04620,map04621,map04624,map04722,map05133,map05140,map05142,map05145,map05152,map05162,map05164	M00686	Pkinase,Pkinase_Tyr
NODE_622_length_1241_cov_0.614261_2	E	Ribonuclease H protein						RVT_3
NODE_624_length_1234_cov_0.772884_1	L	Uncharacterized protein K02A2.6-like						RVT_1,RVT_3,Retrotrans_gag,rve
NODE_630_length_1228_cov_0.547350_2	S	isoform X1						DBD_Tnp_Mut,MULE,SWIM
NODE_631_length_1225_cov_1.330139_1	J	Ribosomal protein S14p/S29e						Ribosomal_S14
NODE_632_length_1225_cov_1.306620_2	L	transposition, RNA-mediated						RVT_1,RVT_3,Retrotrans_gag,rve
NODE_636_length_1219_cov_0.885289_1	S	Reverse transcriptase (RNA-dependent DNA polymerase)						DUF4283,RVT_1,RVT_3,zf-RVT
NODE_642_length_1209_cov_0.516271_3	E	Uncharacterized protein K02A2.6-like		GO:0000943,GO:0003674,GO:0003676,GO:0003723,GO:0003824,GO:0003887,GO:0003964,GO:0004518,GO:0004540,GO:0005488,GO:0005575,GO:0005622,GO:0005623,GO:0005634,GO:0006139,GO:0006259,GO:0006278,GO:0006508,GO:0006725,GO:0006807,GO:0008150,GO:0008152,GO:0008233,GO:0009058,GO:0009059,GO:0009987,GO:0016070,GO:0016740,GO:0016772,GO:0016779,GO:0016787,GO:0016788,GO:0018130,GO:0019438,GO:0019538,GO:0032196,GO:0032197,GO:0034061,GO:0034641,GO:0034645,GO:0034654,GO:0043170,GO:0043226,GO:0043227,GO:0043229,GO:0043231,GO:0044237,GO:0044238,GO:0044249,GO:0044260,GO:0044271,GO:0044422,GO:0044424,GO:0044428,GO:0044446,GO:0044464,GO:0046483,GO:0071704,GO:0071897,GO:0090304,GO:0090305,GO:0090501,GO:0097159,GO:0140096,GO:0140097,GO:0140098,GO:1901360,GO:1901362,GO:1901363,GO:1901564,GO:1901576				RVT_1,RVT_3,Retrotrans_gag,rve
NODE_645_length_1213_cov_0.953345_1	L	ribonuclease H protein						DUF4283,RVT_1,RVT_3,zf-CCHC_4,zf-RVT
NODE_647_length_1204_cov_0.845815_1	E	Uncharacterized protein K02A2.6-like			ko:K07478			G-patch,RVT_1,RVT_3,Retrotrans_gag,rve
NODE_649_length_1210_cov_0.561233_1	L	transposition, RNA-mediated						RVT_1,RVT_3,Retrotrans_gag,rve
NODE_650_length_1212_cov_0.534802_2								DBD_Tnp_Mut,MULE,SWIM
NODE_653_length_1208_cov_25.913351_1	L	strictosidine synthase activity						RVT_1,Retrotrans_gag,rve
NODE_654_length_1208_cov_6.481874_1	KLT	protein kinase activity						Asp_protease_2,RVT_1,Retrotrans_gag,rve
NODE_655_length_1208_cov_0.480990_1	T	Disease resistance protein		GO:0005575,GO:0005623,GO:0005886,GO:0006950,GO:0006952,GO:0007154,GO:0007165,GO:0008150,GO:0009987,GO:0016020,GO:0023052,GO:0044464,GO:0050789,GO:0050794,GO:0050896,GO:0051716,GO:0065007,GO:0071944				LRR_8,NB-ARC
NODE_660_length_1205_cov_0.716312_1	D	Belongs to the helicase family			ko:K15255			Helitron_like_N,PIF1
NODE_661_length_1195_cov_0.839111_1	T	ATPase activity, coupled to transmembrane movement of substances						DUF4283,RVT_1,zf-RVT
NODE_666_length_1199_cov_0.840463_1	O	DNA RNA polymerases superfamily protein						Chromo,RVT_1,Retrotrans_gag,rve,zf-H2C2
NODE_667_length_1197_cov_0.799107_1	S	FAR1 DNA-binding domain						FAR1,MULE,SWIM
NODE_668_length_1196_cov_1.282395_1	L	Pentatricopeptide repeat-containing protein		GO:0003674,GO:0003676,GO:0003723,GO:0003824,GO:0004518,GO:0004519,GO:0005488,GO:0005575,GO:0005622,GO:0005623,GO:0006139,GO:0006725,GO:0006807,GO:0008150,GO:0008152,GO:0009451,GO:0009987,GO:0016070,GO:0016787,GO:0016788,GO:0034641,GO:0043170,GO:0043226,GO:0043227,GO:0043229,GO:0043231,GO:0043412,GO:0044237,GO:0044238,GO:0044424,GO:0044464,GO:0046483,GO:0071704,GO:0090304,GO:0090305,GO:0097159,GO:1901360,GO:1901363				PPR,PPR_2
NODE_670_length_1193_cov_0.555556_1	E	Uncharacterized protein K02A2.6-like						RVT_1,RVT_3,Retrotrans_gag,rve
NODE_676_length_1188_cov_0.613861_1	T	ATPase activity, coupled to transmembrane movement of substances			ko:K08504	ko04130,map04130		DUF4283,RVT_1,zf-RVT
NODE_678_length_1186_cov_14.706943_1	KLT	protein kinase activity						Asp_protease_2,RVT_1,Retrotrans_gag,rve
NODE_682_length_1184_cov_0.945799_1	S	Protein FAR1-RELATED SEQUENCE 5-like						FAR1,MULE,SWIM
NODE_686_length_1183_cov_0.775566_1	M	aspartic-type endopeptidase activity	pepA	GO:0003674,GO:0003824,GO:0004175,GO:0004190,GO:0005575,GO:0005576,GO:0006508,GO:0006807,GO:0008150,GO:0008152,GO:0008233,GO:0009056,GO:0009057,GO:0016787,GO:0019538,GO:0030163,GO:0043170,GO:0044238,GO:0070001,GO:0070011,GO:0071704,GO:0140096,GO:1901564,GO:1901565,GO:1901575	ko:K06004			Asp,TAXi_C,TAXi_N
NODE_687_length_1182_cov_0.715837_1	L	Retrotransposon gag protein						Retrotrans_gag
NODE_687_length_1182_cov_0.715837_2	L	transposition, RNA-mediated						Retrotrans_gag
NODE_690_length_1178_cov_2.321526_2	T	Reverse transcriptase (RNA-dependent DNA polymerase)						RVT_2
NODE_695_length_1174_cov_1.654512_1	S	Domain of unknown function (DUF4216)						DUF4216,DUF4218
NODE_697_length_1173_cov_0.763686_1	S	source UniProtKB						DUF4216,DUF4218,Transpos_assoc,Transposase_21
NODE_697_length_1173_cov_0.763686_2	S	source UniProtKB						DUF4216,DUF4218,Transpos_assoc,Transposase_21
NODE_702_length_1170_cov_0.743824_1	L	ribonuclease H protein						RVT_1,RVT_3,zf-RVT
NODE_703_length_1170_cov_0.547118_1	E	Uncharacterized protein K02A2.6-like						RVT_1,RVT_3,Retrotrans_gag,rve
NODE_707_length_1165_cov_1.710478_1	C	NADH dehydrogenase ubiquinone iron-sulfur protein 2-like						Complex1_49kDa
NODE_708_length_1165_cov_0.549632_1	L	transposition, RNA-mediated						Retrotrans_gag
NODE_710_length_1164_cov_1.001840_1	L	Retrotransposon gag protein						Retrotrans_gag
NODE_724_length_1152_cov_1.414884_1	A	Intron maturase, type II family protein	matR					Intron_maturas2
NODE_726_length_1149_cov_1.198694_1	I	Belongs to the terpene cyclase mutase family			ko:K01853	ko00100,ko01100,ko01110,map00100,map01100,map01110		SQHop_cyclase_C,SQHop_cyclase_N
NODE_727_length_1149_cov_0.918843_1	L	transposition, RNA-mediated						G-patch
NODE_728_length_1149_cov_0.805037_1	L	nuclease HARBI1						DDE_Tnp_4,Myb_DNA-bind_3
NODE_730_length_1148_cov_0.836601_1	D	Belongs to the helicase family			ko:K07466,ko:K15255	ko03030,ko03420,ko03430,ko03440,ko03460,map03030,map03420,map03430,map03440,map03460	M00288	Helitron_like_N,Herpes_Helicase,PIF1
NODE_731_length_1147_cov_1.388785_1	O	DNA RNA polymerases superfamily protein						
NODE_733_length_1147_cov_1.244860_1	L	ribonuclease H protein						RVT_1,RVT_3,zf-RVT
NODE_734_length_1147_cov_1.181308_2	L	transposition, RNA-mediated						Retrotrans_gag
NODE_737_length_1146_cov_0.659495_1	S	Protein FAR1-RELATED SEQUENCE 5-like			ko:K17604			FAR1,MULE,SWIM
NODE_738_length_1145_cov_15.819288_1	L	transposition, RNA-mediated						Asp_protease_2
NODE_740_length_1144_cov_1.323336_1	L	transposition, RNA-mediated						RVT_1,Retrotrans_gag,rve
NODE_745_length_1142_cov_1.094836_1	S	Reverse transcriptase (RNA-dependent DNA polymerase)						DUF4283,RVT_1,RVT_3,zf-RVT
NODE_745_length_1142_cov_1.094836_2	S	BEST Arabidopsis thaliana protein match is			ko:K14487,ko:K18195	ko04075,map04075		DUF4283,RVT_1,zf-CCHC_4,zf-RVT
NODE_755_length_1135_cov_0.598299_1	L	transposition, RNA-mediated						RVT_1,RVT_3,Retrotrans_gag,rve
NODE_761_length_1132_cov_1.282464_1	L	Reverse transcriptase (RNA-dependent DNA polymerase)						RVT_1,RVT_3
NODE_762_length_1132_cov_0.823697_1	S	transposon protein						DUF4218,Transpos_assoc,Transposase_21
NODE_769_length_1127_cov_0.496190_2	E	Uncharacterized protein K02A2.6-like						RVT_1,RVT_3,Retrotrans_gag,rve
NODE_772_length_1126_cov_0.887512_1	L	Reverse transcriptase (RNA-dependent DNA polymerase)						RVT_2
NODE_773_length_1123_cov_4.260994_1	J	transposition, RNA-mediated						Asp_protease_2,Retrotrans_gag
NODE_779_length_1119_cov_0.550864_1	E	Uncharacterized protein K02A2.6-like						RVT_1,RVT_3,Retrotrans_gag,rve
NODE_780_length_1116_cov_0.523992_2	S	Protein FAR1-RELATED SEQUENCE						DBD_Tnp_Mut,MULE,SWIM
NODE_784_length_1118_cov_0.698367_1	E	Uncharacterized protein K02A2.6-like						RVT_1,RVT_3,Retrotrans_gag,rve
NODE_785_length_1117_cov_1.069231_1	O	heat shock protein	hsp90	GO:0002376,GO:0003674,GO:0003824,GO:0005575,GO:0005576,GO:0005618,GO:0005622,GO:0005623,GO:0005634,GO:0005730,GO:0005737,GO:0005773,GO:0005774,GO:0005794,GO:0005829,GO:0005886,GO:0006457,GO:0006950,GO:0006952,GO:0006955,GO:0008150,GO:0009266,GO:0009408,GO:0009507,GO:0009532,GO:0009536,GO:0009570,GO:0009605,GO:0009607,GO:0009617,GO:0009628,GO:0009814,GO:0009816,GO:0009987,GO:0010035,GO:0010038,GO:0012505,GO:0016020,GO:0016043,GO:0016462,GO:0016787,GO:0016817,GO:0016818,GO:0016887,GO:0017111,GO:0022607,GO:0030312,GO:0031090,GO:0031974,GO:0031981,GO:0034622,GO:0042221,GO:0042742,GO:0043207,GO:0043226,GO:0043227,GO:0043228,GO:0043229,GO:0043231,GO:0043232,GO:0043233,GO:0043933,GO:0044085,GO:0044422,GO:0044424,GO:0044428,GO:0044434,GO:0044435,GO:0044437,GO:0044444,GO:0044446,GO:0044464,GO:0045087,GO:0048046,GO:0050896,GO:0051131,GO:0051592,GO:0051704,GO:0051707,GO:0051716,GO:0061077,GO:0065003,GO:0070013,GO:0070887,GO:0071241,GO:0071248,GO:0071277,GO:0071840,GO:0071944,GO:0098542,GO:0098588,GO:0098805	ko:K04079	ko04141,ko04151,ko04217,ko04612,ko04621,ko04626,ko04657,ko04659,ko04914,ko04915,ko05200,ko05215,ko05418,map04141,map04151,map04217,map04612,map04621,map04626,map04657,map04659,map04914,map04915,map05200,map05215,map05418		HATPase_c,HSP90
NODE_794_length_1112_cov_0.735266_1	L	cysteine-rich RLK (RECEPTOR-like protein kinase) 8						RVT_2,Retrotran_gag_2,gag_pre-integrs,rve
NODE_795_length_1112_cov_0.668599_2	S	MuDR family transposase						DBD_Tnp_Mut,MULE,SWIM
NODE_795_length_1112_cov_0.668599_3	S	MuDR family transposase						DBD_Tnp_Mut,MULE,SWIM
NODE_800_length_1103_cov_1.020349_1	L	gag-polypeptide of LTR copia-type						Retrotran_gag_2
NODE_804_length_1107_cov_0.600971_1	L	ribonuclease H protein						RVT_1,RVT_3,zf-RVT
NODE_812_length_1102_cov_0.803902_1	L	ribonuclease H protein						RVT_1,RVT_3,zf-RVT
NODE_813_length_1102_cov_0.763902_1	L	zinc finger						Retrotrans_gag,zf-CCHC
NODE_814_length_1101_cov_0.739258_1	T	Protein kinase domain		GO:0003674,GO:0003824,GO:0004672,GO:0004674,GO:0005575,GO:0005622,GO:0005623,GO:0005737,GO:0005829,GO:0005886,GO:0006464,GO:0006468,GO:0006793,GO:0006796,GO:0006807,GO:0007154,GO:0007165,GO:0008150,GO:0008152,GO:0009987,GO:0016020,GO:0016301,GO:0016310,GO:0016740,GO:0016772,GO:0016773,GO:0018105,GO:0018193,GO:0018209,GO:0019538,GO:0023052,GO:0035556,GO:0036211,GO:0043170,GO:0043412,GO:0044237,GO:0044238,GO:0044260,GO:0044267,GO:0044424,GO:0044444,GO:0044464,GO:0046777,GO:0050789,GO:0050794,GO:0050896,GO:0051716,GO:0065007,GO:0071704,GO:0071944,GO:0140096,GO:1901564	ko:K08789			Pkinase
NODE_823_length_1099_cov_1.136986_1	S	source UniProtKB						DUF4216,DUF4218,Transpos_assoc,Transposase_21
NODE_827_length_1098_cov_0.899119_1	S	Protein FAR-RED IMPAIRED RESPONSE		GO:0003674,GO:0003700,GO:0005575,GO:0005622,GO:0005623,GO:0005634,GO:0006355,GO:0007154,GO:0007165,GO:0007602,GO:0008150,GO:0009314,GO:0009416,GO:0009581,GO:0009582,GO:0009583,GO:0009585,GO:0009605,GO:0009628,GO:0009639,GO:0009889,GO:0009891,GO:0009893,GO:0009987,GO:0010017,GO:0010018,GO:0010218,GO:0010468,GO:0010556,GO:0010557,GO:0010604,GO:0010628,GO:0019219,GO:0019222,GO:0023052,GO:0031323,GO:0031325,GO:0031326,GO:0031328,GO:0042752,GO:0042753,GO:0043226,GO:0043227,GO:0043229,GO:0043231,GO:0044424,GO:0044464,GO:0045893,GO:0045935,GO:0048518,GO:0048522,GO:0050789,GO:0050794,GO:0050896,GO:0051171,GO:0051173,GO:0051252,GO:0051254,GO:0051606,GO:0051716,GO:0060255,GO:0065007,GO:0071214,GO:0071478,GO:0071482,GO:0071489,GO:0071490,GO:0080090,GO:0104004,GO:0140110,GO:1902680,GO:1903506,GO:1903508,GO:2000112,GO:2001141				FAR1,MULE,SWIM
NODE_828_length_1098_cov_0.811949_1	S	source UniProtKB						DUF4216,DUF4218,Transpos_assoc,Transposase_21
NODE_829_length_1098_cov_0.617042_1	T	Cysteine-rich receptor-like protein kinase			ko:K01183	ko00520,ko01100,map00520,map01100		Glyco_hydro_18,Pkinase,Pkinase_Tyr
NODE_830_length_1097_cov_1.145098_1	S	Leucine-rich repeat resistance protein						Transposase_24
NODE_831_length_1096_cov_1.326791_2	S	Domain of unknown function (DUF4283)						DUF4283,zf-CCHC_4
NODE_833_length_1096_cov_0.760550_1	S	Reverse transcriptase (RNA-dependent DNA polymerase)						DUF4283,RVT_1,RVT_3,zf-RVT
NODE_835_length_1086_cov_0.808260_1	JKL	Retroviral aspartyl protease						RVP_2,RVT_1,Retrotrans_gag,zf-CCHC
NODE_844_length_1089_cov_0.954545_1	E	Uncharacterized protein K02A2.6-like						RVT_1,RVT_3,Retrotrans_gag,rve
NODE_847_length_1088_cov_1.013848_1	L	gag-polypeptide of LTR copia-type						Retrotran_gag_2,rve
NODE_850_length_1085_cov_0.885913_1	D	Belongs to the helicase family						Helitron_like_N,Herpes_Helicase,PIF1
NODE_851_length_1085_cov_0.695437_1	S	zinc-binding in reverse transcriptase						zf-RVT
NODE_852_length_1084_cov_15.633565_1	L	strictosidine synthase activity						Retrotrans_gag,rve
NODE_854_length_1084_cov_1.345581_1	O	Mitochondrial protein						RVT_2,Retrotran_gag_2,Retrotran_gag_3,Retrotrans_gag,gag_pre-integrs,rve,zf-CCHC
NODE_857_length_1079_cov_0.875498_1	S	Domain of unknown function (DUF4216)						DUF4216,DUF4218,Transpos_assoc,Transposase_21
NODE_860_length_1079_cov_0.574850_1	S	Reverse transcriptase (RNA-dependent DNA polymerase)						DUF4283,RVT_1,RVT_3,zf-RVT
NODE_861_length_1077_cov_1.480000_1	D	Belongs to the helicase family			ko:K07466,ko:K15255	ko03030,ko03420,ko03430,ko03440,ko03460,map03030,map03420,map03430,map03440,map03460	M00288	Helitron_like_N,Herpes_Helicase,PIF1
NODE_865_length_1075_cov_1.996994_1	J	Rps12 protein	rps12	GO:0003674,GO:0003735,GO:0005198,GO:0005575,GO:0005622,GO:0005623,GO:0005737,GO:0005739,GO:0043226,GO:0043227,GO:0043229,GO:0043231,GO:0044424,GO:0044444,GO:0044464	ko:K02950	ko03010,map03010	M00178,M00179	Ribosom_S12_S23
NODE_867_length_1072_cov_1.479397_1	S	source UniProtKB						DUF4216,DUF4218,Transpos_assoc,Transposase_21
NODE_870_length_1071_cov_0.741449_1	S	endonuclease activity						PPR,PPR_1,PPR_2,PPR_3,PPR_long
NODE_876_length_1067_cov_0.869697_1	L	Helitron helicase-like domain at N-terminus						Helitron_like_N,PIF1
NODE_877_length_1067_cov_0.815152_1	L	ribonuclease H protein						RVT_1,RVT_3,zf-RVT
NODE_879_length_1065_cov_0.547017_1	L	transposition, RNA-mediated						Retrotrans_gag
NODE_882_length_1065_cov_0.861336_1	S	MuDR family transposase						DBD_Tnp_Mut,MULE,SWIM
NODE_886_length_1064_cov_0.890578_1	S	Zinc knuckle family protein						MP,zf-CCHC
NODE_887_length_1063_cov_15.194726_1	L	8-hydroxy-dADP phosphatase activity						Retrotrans_gag
NODE_889_length_1062_cov_0.636548_1	L	transposition, RNA-mediated						
NODE_893_length_1060_cov_0.891150_1	L	G-quadruplex DNA unwinding						
NODE_902_length_1053_cov_1.867828_1	L	transposition, RNA-mediated						Retrotrans_gag
NODE_904_length_1051_cov_0.960041_1	S	isoform X1						NIF
NODE_908_length_1052_cov_0.568205_1	E	Ribonuclease H protein						
NODE_909_length_1051_cov_27.104723_1	KLT	protein kinase activity						Asp_protease_2,RVT_1,Retrotrans_gag,rve
NODE_911_length_1050_cov_0.636177_1	O	Acylamino-acid-releasing enzyme-like		GO:0003674,GO:0003824,GO:0004177,GO:0005575,GO:0005622,GO:0005623,GO:0005634,GO:0005737,GO:0005773,GO:0006508,GO:0006807,GO:0008150,GO:0008152,GO:0008233,GO:0008236,GO:0008238,GO:0009507,GO:0009536,GO:0009987,GO:0016043,GO:0016787,GO:0017171,GO:0019538,GO:0022607,GO:0043170,GO:0043226,GO:0043227,GO:0043229,GO:0043231,GO:0043933,GO:0044085,GO:0044238,GO:0044424,GO:0044444,GO:0044464,GO:0051259,GO:0051260,GO:0051262,GO:0051289,GO:0065003,GO:0070008,GO:0070009,GO:0070011,GO:0071704,GO:0071840,GO:0140096,GO:1901564	ko:K01303			PD40,Peptidase_S9
NODE_912_length_1049_cov_1.589506_1	S	chromatin binding						DUF1985,Peptidase_C48
NODE_913_length_1048_cov_0.722966_1	S	Myb/SANT-like DNA-binding domain						Myb_DNA-bind_3
NODE_916_length_1044_cov_1.111686_1	D	Belongs to the helicase family			ko:K15255			Helitron_like_N,Herpes_Helicase,PIF1
NODE_924_length_1037_cov_0.523364_1	U	Zinc-finger of C2H2 type						RVT_3,TB2_DP1_HVA22,zf-met
NODE_925_length_1038_cov_1.771072_1	C	Proton-conducting membrane transporter	nad4		ko:K03881	ko00190,ko01100,ko04714,ko04723,ko05012,map00190,map01100,map04714,map04723,map05012	M00142	Proton_antipo_M
NODE_930_length_1037_cov_0.806250_1	D	Belongs to the helicase family						Helitron_like_N,Herpes_Helicase,PIF1
NODE_931_length_1037_cov_0.779167_2	G	beta-galactosidase	BGAL8	GO:0003674,GO:0003824,GO:0004553,GO:0004565,GO:0005575,GO:0005618,GO:0005622,GO:0005623,GO:0005737,GO:0005773,GO:0015925,GO:0016787,GO:0016798,GO:0030312,GO:0043226,GO:0043227,GO:0043229,GO:0043231,GO:0044424,GO:0044444,GO:0044464,GO:0071944				Gal_Lectin,Glyco_hydro_35
NODE_932_length_1036_cov_2.454640_1	S	XH XS domain-containing protein						XH,XS,zf-XS
NODE_940_length_1032_cov_0.371728_1	L	transposition, RNA-mediated						RVT_3
NODE_942_length_1031_cov_1.136268_2	S	Domain of unknown function (DUF4216)						DUF4216,DUF4218
NODE_957_length_1026_cov_0.786091_2	D	Belongs to the helicase family			ko:K07466,ko:K15255	ko03030,ko03420,ko03430,ko03440,ko03460,map03030,map03420,map03430,map03440,map03460	M00288	Helitron_like_N,Herpes_Helicase,PIF1
NODE_960_length_1024_cov_0.596621_1	O	calmodulin-binding transcription activator		GO:0000981,GO:0000982,GO:0001077,GO:0001228,GO:0003674,GO:0003676,GO:0003677,GO:0003700,GO:0005488,GO:0005515,GO:0005516,GO:0005575,GO:0005622,GO:0005623,GO:0005634,GO:0006139,GO:0006351,GO:0006355,GO:0006357,GO:0006366,GO:0006725,GO:0006807,GO:0006950,GO:0006952,GO:0007275,GO:0007568,GO:0008150,GO:0008152,GO:0009058,GO:0009059,GO:0009266,GO:0009409,GO:0009605,GO:0009607,GO:0009617,GO:0009620,GO:0009628,GO:0009889,GO:0009891,GO:0009893,GO:0009987,GO:0010150,GO:0010467,GO:0010468,GO:0010556,GO:0010557,GO:0010604,GO:0010628,GO:0016070,GO:0018130,GO:0019219,GO:0019222,GO:0019438,GO:0031323,GO:0031325,GO:0031326,GO:0031328,GO:0031347,GO:0031349,GO:0032501,GO:0032502,GO:0032774,GO:0033554,GO:0034641,GO:0034645,GO:0034654,GO:0042742,GO:0043170,GO:0043207,GO:0043226,GO:0043227,GO:0043229,GO:0043231,GO:0043565,GO:0044237,GO:0044238,GO:0044249,GO:0044260,GO:0044271,GO:0044424,GO:0044464,GO:0045893,GO:0045935,GO:0045944,GO:0046483,GO:0048366,GO:0048367,GO:0048518,GO:0048522,GO:0048583,GO:0048584,GO:0048731,GO:0048827,GO:0048856,GO:0050789,GO:0050794,GO:0050832,GO:0050896,GO:0051171,GO:0051173,GO:0051252,GO:0051254,GO:0051704,GO:0051707,GO:0051716,GO:0060255,GO:0065007,GO:0070417,GO:0071704,GO:0080090,GO:0080134,GO:0090304,GO:0090693,GO:0097159,GO:0097659,GO:0098542,GO:0099402,GO:0140110,GO:1900367,GO:1901360,GO:1901362,GO:1901363,GO:1901576,GO:1902680,GO:1903506,GO:1903508,GO:2000068,GO:2000112,GO:2001141	ko:K21596			Ank,Ank_2,CG-1,IQ,TIG
NODE_969_length_1018_cov_1.377258_1	D	Belongs to the helicase family			ko:K07466,ko:K15255	ko03030,ko03420,ko03430,ko03440,ko03460,map03030,map03420,map03430,map03440,map03460	M00288	Helitron_like_N,Herpes_Helicase,PIF1
NODE_971_length_1017_cov_1.711702_1	S	TNP1/EN/SPM transposase						Transposase_23,Transposase_24
NODE_971_length_1017_cov_1.711702_2	S	source UniProtKB						Peptidase_C48,Transposase_24
NODE_972_length_1017_cov_1.042553_1								DBD_Tnp_Mut,MULE,SWIM
NODE_977_length_1015_cov_0.585288_1	L	DNA RNA polymerases superfamily protein		GO:0000943,GO:0003674,GO:0003676,GO:0003723,GO:0003824,GO:0003887,GO:0003964,GO:0004518,GO:0004540,GO:0005488,GO:0005575,GO:0005622,GO:0005623,GO:0005634,GO:0006139,GO:0006259,GO:0006278,GO:0006508,GO:0006725,GO:0006807,GO:0008150,GO:0008152,GO:0008233,GO:0009058,GO:0009059,GO:0009987,GO:0016070,GO:0016740,GO:0016772,GO:0016779,GO:0016787,GO:0016788,GO:0018130,GO:0019438,GO:0019538,GO:0032196,GO:0032197,GO:0034061,GO:0034641,GO:0034645,GO:0034654,GO:0043170,GO:0043226,GO:0043227,GO:0043229,GO:0043231,GO:0044237,GO:0044238,GO:0044249,GO:0044260,GO:0044271,GO:0044422,GO:0044424,GO:0044428,GO:0044446,GO:0044464,GO:0046483,GO:0071704,GO:0071897,GO:0090304,GO:0090305,GO:0090501,GO:0097159,GO:0140096,GO:0140097,GO:0140098,GO:1901360,GO:1901362,GO:1901363,GO:1901564,GO:1901576				RVP_2,RVT_1,Retrotrans_gag,rve,zf-CCHC
NODE_982_length_1012_cov_1.045989_1	L	transposition, RNA-mediated						gag_pre-integrs
NODE_982_length_1012_cov_1.045989_2	L	Cysteine-rich RLK (RECEPTOR-like protein kinase) 8						RVT_2,Retrotran_gag_2,Retrotran_gag_3,rve
NODE_994_length_1006_cov_0.711518_1	L	transposition, RNA-mediated						Retrotrans_gag
NODE_997_length_1004_cov_1.159655_1	L	DDE superfamily endonuclease						DDE_Tnp_4
NODE_999_length_1004_cov_0.707659_3	L	Domain of unknown function (DUF4413)			ko:K08592			DUF4413,Dimer_Tnp_hAT,GRAS,Peptidase_C48,zf-BED
NODE_1002_length_1003_cov_1.420086_1	S	Domain of unknown function (DUF4216)						DUF4216,DUF4218
NODE_1003_length_1003_cov_0.744060_1	L	transposition, RNA-mediated						RVT_1,RVT_3,Retrotrans_gag,rve
NODE_1018_length_997_cov_1.175000_2	K	cysteine-rich RLK (RECEPTOR-like protein kinase) 8						RVT_2,Retrotran_gag_2,Retrotran_gag_3,Retrotrans_gag,gag_pre-integrs,rve
NODE_1019_length_997_cov_1.014130_1	S	Reverse transcriptase-like						RVT_3,zf-RVT
NODE_1020_length_997_cov_0.552174_1	S	Reverse transcriptase-like						RVT_3,zf-RVT
NODE_1027_length_994_cov_0.784079_1	L	strictosidine synthase activity						Asp_protease_2,RVT_1,Retrotrans_gag,rve
NODE_1033_length_991_cov_0.801969_1	L	strictosidine synthase activity						Retrotrans_gag,rve
NODE_1035_length_991_cov_0.563457_2	L	Retrotransposon gag protein						Retrotrans_gag
NODE_1037_length_990_cov_1.716320_1	J	Ribosomal protein S13	rps13	GO:0005575,GO:0005622,GO:0005623,GO:0005737,GO:0005739,GO:0043226,GO:0043227,GO:0043229,GO:0043231,GO:0044424,GO:0044444,GO:0044464	ko:K02952	ko03010,map03010	M00178,M00179	Ribosomal_S13
NODE_1039_length_988_cov_1.070252_1	L	Retrotransposon gag protein						Retrotrans_gag
NODE_1041_length_986_cov_1.686469_1	L	Uncharacterized protein K02A2.6-like						RVT_1,RVT_3,Retrotrans_gag,rve
NODE_1042_length_986_cov_1.412541_1	S	source UniProtKB						DUF4216,DUF4218,Transpos_assoc,Transposase_21
NODE_1045_length_985_cov_0.905286_1	L	transposition, RNA-mediated						Asp_protease_2,Retrotrans_gag
NODE_1049_length_984_cov_0.743109_1	E	Ribonuclease H protein			ko:K01051,ko:K01074	ko00040,ko00062,ko01100,ko01212,ko04142,map00040,map00062,map01100,map01212,map04142	M00081	DUF4283,RVT_1,zf-RVT
NODE_1054_length_981_cov_0.596239_1	D	Helicase-like protein			ko:K15255			Helitron_like_N,PIF1
NODE_1056_length_977_cov_1.012222_1	S	Protein of unknown function (DUF668)						DUF3475,DUF668
NODE_1058_length_975_cov_0.749443_1	L	Reverse transcriptase (RNA-dependent DNA polymerase)						RVT_1,RVT_3,Retrotrans_gag,rve
NODE_1059_length_975_cov_0.654788_1								MULE,SWIM
NODE_1062_length_974_cov_0.947603_1	S	gag-polypeptide of LTR copia-type						Retrotran_gag_2
NODE_1065_length_973_cov_1.387277_1	S	source UniProtKB						DUF4216,DUF4218,Transpos_assoc,Transposase_21
NODE_1068_length_971_cov_1.259508_1	S	plant mutator transposase zinc finger						DBD_Tnp_Mut,MULE,SWIM
NODE_1071_length_971_cov_0.536913_1	K	Domain of unknown function (DUF4283)						DUF4283,zf-CCHC_4
NODE_1072_length_971_cov_0.432886_1	S	acid phosphatase activity						C2,DUF4283,RVT_1,RVT_3,zf-RVT
NODE_1074_length_970_cov_1.360582_1	L	G-quadruplex DNA unwinding			ko:K15255			Helitron_like_N,Herpes_Helicase,PIF1
NODE_1074_length_970_cov_1.360582_2	L	G-quadruplex DNA unwinding			ko:K15255			Helitron_like_N,Herpes_Helicase,PIF1
NODE_1075_length_970_cov_0.436730_1	L	Reverse transcriptase (RNA-dependent DNA polymerase)						RVT_1,zf-CCHC
NODE_1082_length_966_cov_1.653543_1	L	transposition, RNA-mediated						Asp_protease_2,RVT_1,Retrotrans_gag,rve
NODE_1092_length_962_cov_0.692655_1								DBD_Tnp_Mut,MULE,SWIM
NODE_1093_length_961_cov_1.739819_1	L	cellular component organization	ccmFc	GO:0005575,GO:0005622,GO:0005623,GO:0005737,GO:0005739,GO:0005740,GO:0005743,GO:0016020,GO:0019866,GO:0031090,GO:0031966,GO:0031967,GO:0031975,GO:0043226,GO:0043227,GO:0043229,GO:0043231,GO:0044422,GO:0044424,GO:0044429,GO:0044444,GO:0044446,GO:0044464				CcmF_C
NODE_1095_length_960_cov_0.763307_1	S	Domain of unknown function (DUF4283)						DUF4283,zf-CCHC_4
NODE_1096_length_960_cov_0.605889_1	S	Reverse transcriptase-like						RVT_3,zf-RVT
NODE_1097_length_960_cov_0.573046_1	S	Protein FAR1-RELATED SEQUENCE 5-like			ko:K17604			FAR1,MULE,SWIM
NODE_1116_length_952_cov_1.346286_1	C	ATP synthase subunit alpha	atp1	GO:0005575,GO:0005622,GO:0005623,GO:0005737,GO:0005739,GO:0005740,GO:0005743,GO:0016020,GO:0019866,GO:0031090,GO:0031966,GO:0031967,GO:0031975,GO:0043226,GO:0043227,GO:0043229,GO:0043231,GO:0044422,GO:0044424,GO:0044429,GO:0044444,GO:0044446,GO:0044464	ko:K02132	ko00190,ko01100,ko04714,ko05010,ko05012,ko05016,map00190,map01100,map04714,map05010,map05012,map05016	M00158	ATP-synt_ab,ATP-synt_ab_C,ATP-synt_ab_N
NODE_1121_length_948_cov_0.597015_1	S	Reverse transcriptase (RNA-dependent DNA polymerase)						DUF4283,RVT_1,RVT_3,zf-RVT
NODE_1122_length_947_cov_0.763218_1	L	transposition, RNA-mediated						Retrotrans_gag
NODE_1124_length_945_cov_1.060990_1	S	Ribosomal protein-like protein						Plant_tran
NODE_1133_length_942_cov_0.660116_2	L	Uncharacterized protein K02A2.6-like						RVT_1,RVT_3,rve
NODE_1134_length_942_cov_0.635838_2	L	DNA RNA polymerases superfamily protein						RVP_2,Retrotrans_gag,zf-CCHC
NODE_1137_length_941_cov_0.982639_1	O	DNA RNA polymerases superfamily protein						
NODE_1143_length_938_cov_20.569106_2	L	strictosidine synthase activity						Retrotrans_gag,rve
NODE_1145_length_938_cov_0.631823_1	E	Uncharacterized protein K02A2.6-like		GO:0000943,GO:0003674,GO:0003676,GO:0003723,GO:0003824,GO:0003887,GO:0003964,GO:0004518,GO:0004540,GO:0005488,GO:0005575,GO:0005622,GO:0005623,GO:0005634,GO:0006139,GO:0006259,GO:0006278,GO:0006508,GO:0006725,GO:0006807,GO:0008150,GO:0008152,GO:0008233,GO:0009058,GO:0009059,GO:0009987,GO:0016070,GO:0016740,GO:0016772,GO:0016779,GO:0016787,GO:0016788,GO:0018130,GO:0019438,GO:0019538,GO:0032196,GO:0032197,GO:0034061,GO:0034641,GO:0034645,GO:0034654,GO:0043170,GO:0043226,GO:0043227,GO:0043229,GO:0043231,GO:0044237,GO:0044238,GO:0044249,GO:0044260,GO:0044271,GO:0044422,GO:0044424,GO:0044428,GO:0044446,GO:0044464,GO:0046483,GO:0071704,GO:0071897,GO:0090304,GO:0090305,GO:0090501,GO:0097159,GO:0140096,GO:0140097,GO:0140098,GO:1901360,GO:1901362,GO:1901363,GO:1901564,GO:1901576				RVT_1,RVT_3,Retrotrans_gag,rve
NODE_1147_length_937_cov_1.301163_1	S	Transposase-associated domain						Transpos_assoc
NODE_1148_length_937_cov_1.120930_1	K	Transcription initiation factor TFIID subunit		GO:0000428,GO:0000988,GO:0000989,GO:0001076,GO:0001129,GO:0001132,GO:0003674,GO:0003676,GO:0003677,GO:0003712,GO:0003824,GO:0004402,GO:0005488,GO:0005515,GO:0005575,GO:0005622,GO:0005623,GO:0005634,GO:0005654,GO:0005667,GO:0005669,GO:0006139,GO:0006325,GO:0006351,GO:0006352,GO:0006355,GO:0006357,GO:0006366,GO:0006367,GO:0006464,GO:0006473,GO:0006475,GO:0006725,GO:0006807,GO:0006996,GO:0008080,GO:0008134,GO:0008150,GO:0008152,GO:0009058,GO:0009059,GO:0009292,GO:0009294,GO:0009314,GO:0009416,GO:0009628,GO:0009889,GO:0009891,GO:0009893,GO:0009987,GO:0010467,GO:0010468,GO:0010556,GO:0010557,GO:0010604,GO:0010628,GO:0016020,GO:0016043,GO:0016070,GO:0016407,GO:0016410,GO:0016569,GO:0016570,GO:0016573,GO:0016591,GO:0016740,GO:0016746,GO:0016747,GO:0017025,GO:0018130,GO:0018193,GO:0018205,GO:0018393,GO:0018394,GO:0019219,GO:0019222,GO:0019438,GO:0019538,GO:0022607,GO:0030880,GO:0031323,GO:0031325,GO:0031326,GO:0031328,GO:0031974,GO:0031981,GO:0032774,GO:0032991,GO:0034212,GO:0034622,GO:0034641,GO:0034645,GO:0034654,GO:0036211,GO:0043170,GO:0043226,GO:0043227,GO:0043229,GO:0043231,GO:0043233,GO:0043412,GO:0043543,GO:0043565,GO:0043933,GO:0044085,GO:0044237,GO:0044238,GO:0044249,GO:0044260,GO:0044267,GO:0044271,GO:0044422,GO:0044424,GO:0044428,GO:0044446,GO:0044451,GO:0044464,GO:0044764,GO:0044798,GO:0045893,GO:0045935,GO:0045944,GO:0046483,GO:0048518,GO:0048522,GO:0050789,GO:0050794,GO:0050896,GO:0051123,GO:0051171,GO:0051173,GO:0051252,GO:0051254,GO:0051276,GO:0051704,GO:0055029,GO:0060255,GO:0061695,GO:0061733,GO:0065003,GO:0065004,GO:0065007,GO:0070013,GO:0070897,GO:0071704,GO:0071824,GO:0071840,GO:0080090,GO:0090304,GO:0090575,GO:0097159,GO:0097659,GO:0140110,GO:1901360,GO:1901362,GO:1901363,GO:1901564,GO:1901576,GO:1902494,GO:1902680,GO:1903506,GO:1903508,GO:1990234,GO:2000112,GO:2001141	ko:K03125	ko03022,map03022		Bromodomain,DUF3591,TBP-binding,ubiquitin,zf-CCHC_6
NODE_1157_length_932_cov_0.768421_1	S	transposon protein						DUF4218,Transpos_assoc,Transposase_21
NODE_1158_length_932_cov_0.686550_1	D	Belongs to the helicase family			ko:K15255			Helitron_like_N,PIF1
NODE_1159_length_931_cov_1.365340_1	L	Uncharacterized protein K02A2.6-like						RVT_1,RVT_3,rve
NODE_1160_length_931_cov_0.700234_1	S	Ribonuclease H protein						Exo_endo_phos,Exo_endo_phos_2,RVT_1
NODE_1160_length_931_cov_0.700234_2	S	RNase H family protein						DUF4283,RVT_1,RVT_3,zf-RVT
NODE_1169_length_925_cov_1.625000_1	S	Encoded by						
NODE_1169_length_925_cov_1.625000_2	C	NADH dehydrogenase ubiquinone iron-sulfur protein 2-like						Complex1_49kDa
NODE_1171_length_925_cov_0.502358_1	T	Disease resistance protein		GO:0005575,GO:0005623,GO:0005886,GO:0006950,GO:0006952,GO:0007154,GO:0007165,GO:0008150,GO:0009987,GO:0016020,GO:0023052,GO:0044464,GO:0050789,GO:0050794,GO:0050896,GO:0051716,GO:0065007,GO:0071944				LRR_8,NB-ARC
NODE_1178_length_920_cov_0.736655_1	L	ribonuclease H protein						RVT_1,RVT_3,zf-RVT
NODE_1181_length_919_cov_0.603325_1	S	Ribonuclease H protein						DUF4283,RVT_1,zf-RVT
NODE_1183_length_918_cov_1.280618_1	L	Uncharacterized protein K02A2.6-like		GO:0000943,GO:0003674,GO:0003676,GO:0003723,GO:0003824,GO:0003887,GO:0003964,GO:0004518,GO:0004540,GO:0005488,GO:0005575,GO:0005622,GO:0005623,GO:0005634,GO:0006139,GO:0006259,GO:0006278,GO:0006508,GO:0006725,GO:0006807,GO:0008150,GO:0008152,GO:0008233,GO:0009058,GO:0009059,GO:0009987,GO:0016070,GO:0016740,GO:0016772,GO:0016779,GO:0016787,GO:0016788,GO:0018130,GO:0019438,GO:0019538,GO:0032196,GO:0032197,GO:0034061,GO:0034641,GO:0034645,GO:0034654,GO:0043170,GO:0043226,GO:0043227,GO:0043229,GO:0043231,GO:0044237,GO:0044238,GO:0044249,GO:0044260,GO:0044271,GO:0044422,GO:0044424,GO:0044428,GO:0044446,GO:0044464,GO:0046483,GO:0071704,GO:0071897,GO:0090304,GO:0090305,GO:0090501,GO:0097159,GO:0140096,GO:0140097,GO:0140098,GO:1901360,GO:1901362,GO:1901363,GO:1901564,GO:1901576				RVT_1,RVT_3,rve
NODE_1188_length_914_cov_1.054958_1	O	E3 ubiquitin-protein ligase	UPL1	GO:0000151,GO:0003674,GO:0003824,GO:0004842,GO:0005575,GO:0005622,GO:0005623,GO:0005634,GO:0005737,GO:0005739,GO:0005829,GO:0005911,GO:0006464,GO:0006807,GO:0008150,GO:0008152,GO:0009506,GO:0009987,GO:0016020,GO:0016567,GO:0016740,GO:0019538,GO:0019787,GO:0030054,GO:0032446,GO:0032991,GO:0036211,GO:0043170,GO:0043226,GO:0043227,GO:0043229,GO:0043231,GO:0043412,GO:0044237,GO:0044238,GO:0044260,GO:0044267,GO:0044424,GO:0044444,GO:0044464,GO:0055044,GO:0061630,GO:0061659,GO:0070647,GO:0071704,GO:0140096,GO:1901564,GO:1902494,GO:1990234	ko:K10592	ko04120,map04120		DUF4414,DUF908,DUF913,HECT,UBA
NODE_1192_length_913_cov_1.337321_1	S	BEST Arabidopsis thaliana protein match is						
NODE_1196_length_911_cov_0.800959_1	L	Retrotransposon gag protein						Retrotrans_gag
NODE_1198_length_910_cov_1.049220_1	D	Belongs to the helicase family			ko:K15255			Helitron_like_N,Herpes_Helicase,PIF1
NODE_1210_length_903_cov_33.052058_1	O	Acylamino-acid-releasing enzyme-like		GO:0003674,GO:0003824,GO:0004177,GO:0005575,GO:0005622,GO:0005623,GO:0005634,GO:0005737,GO:0005773,GO:0006508,GO:0006807,GO:0008150,GO:0008152,GO:0008233,GO:0008236,GO:0008238,GO:0009507,GO:0009536,GO:0009987,GO:0016043,GO:0016787,GO:0017171,GO:0019538,GO:0022607,GO:0043170,GO:0043226,GO:0043227,GO:0043229,GO:0043231,GO:0043933,GO:0044085,GO:0044238,GO:0044424,GO:0044444,GO:0044464,GO:0051259,GO:0051260,GO:0051262,GO:0051289,GO:0065003,GO:0070008,GO:0070009,GO:0070011,GO:0071704,GO:0071840,GO:0140096,GO:1901564	ko:K01303			PD40,Peptidase_S9
NODE_1211_length_903_cov_0.552058_1	S	Glutathione S-transferase T3-like						NAM-associated
NODE_1214_length_902_cov_1.060606_1	E	Ribonuclease H protein						RVT_1,zf-RVT
NODE_1217_length_901_cov_0.510303_1	U	regulation of response to stimulus						Retrotrans_gag,zf-CCHC
NODE_1223_length_898_cov_0.870889_1	S	Domain of unknown function (DUF4283)						DUF4283,zf-CCHC_4
NODE_1241_length_893_cov_0.878676_1	L	ribonuclease H protein						RVT_1,RVT_3,zf-RVT
NODE_1243_length_892_cov_0.652761_1	M	ATPase activity, coupled to transmembrane movement of substances			ko:K08504	ko04130,map04130		DUF4283,Exo_endo_phos,RVT_1,zf-RVT
NODE_1252_length_889_cov_0.668719_1	L	Uncharacterized protein K02A2.6-like						RVT_1,RVT_3,rve
NODE_1257_length_887_cov_0.824691_1	E	Ribonuclease H protein						Exo_endo_phos,Exo_endo_phos_2,RVT_1
NODE_1264_length_886_cov_0.805933_1	L	Mitochondrial protein						RVT_2,Retrotran_gag_2,Retrotran_gag_3,Retrotrans_gag,gag_pre-integrs,rve,zf-CCHC
NODE_1270_length_884_cov_1.033457_1	D	Belongs to the helicase family			ko:K07466,ko:K15255	ko03030,ko03420,ko03430,ko03440,ko03460,map03030,map03420,map03430,map03440,map03460	M00288	Helitron_like_N,Herpes_Helicase,PIF1
NODE_1275_length_881_cov_1.038557_1	L	DNA RNA polymerases superfamily protein		GO:0000943,GO:0003674,GO:0003676,GO:0003723,GO:0003824,GO:0003887,GO:0003964,GO:0004518,GO:0004540,GO:0005488,GO:0005575,GO:0005622,GO:0005623,GO:0005634,GO:0006139,GO:0006259,GO:0006278,GO:0006508,GO:0006725,GO:0006807,GO:0008150,GO:0008152,GO:0008233,GO:0009058,GO:0009059,GO:0009987,GO:0016070,GO:0016740,GO:0016772,GO:0016779,GO:0016787,GO:0016788,GO:0018130,GO:0019438,GO:0019538,GO:0032196,GO:0032197,GO:0034061,GO:0034641,GO:0034645,GO:0034654,GO:0043170,GO:0043226,GO:0043227,GO:0043229,GO:0043231,GO:0044237,GO:0044238,GO:0044249,GO:0044260,GO:0044271,GO:0044422,GO:0044424,GO:0044428,GO:0044446,GO:0044464,GO:0046483,GO:0071704,GO:0071897,GO:0090304,GO:0090305,GO:0090501,GO:0097159,GO:0140096,GO:0140097,GO:0140098,GO:1901360,GO:1901362,GO:1901363,GO:1901564,GO:1901576				RVP_2,RVT_1,Retrotrans_gag,rve,zf-CCHC
NODE_1277_length_880_cov_0.723537_1	L	Uncharacterized protein K02A2.6-like		GO:0000943,GO:0003674,GO:0003676,GO:0003723,GO:0003824,GO:0003887,GO:0003964,GO:0004518,GO:0004540,GO:0005488,GO:0005575,GO:0005622,GO:0005623,GO:0005634,GO:0006139,GO:0006259,GO:0006278,GO:0006508,GO:0006725,GO:0006807,GO:0008150,GO:0008152,GO:0008233,GO:0009058,GO:0009059,GO:0009987,GO:0016070,GO:0016740,GO:0016772,GO:0016779,GO:0016787,GO:0016788,GO:0018130,GO:0019438,GO:0019538,GO:0032196,GO:0032197,GO:0034061,GO:0034641,GO:0034645,GO:0034654,GO:0043170,GO:0043226,GO:0043227,GO:0043229,GO:0043231,GO:0044237,GO:0044238,GO:0044249,GO:0044260,GO:0044271,GO:0044422,GO:0044424,GO:0044428,GO:0044446,GO:0044464,GO:0046483,GO:0071704,GO:0071897,GO:0090304,GO:0090305,GO:0090501,GO:0097159,GO:0140096,GO:0140097,GO:0140098,GO:1901360,GO:1901362,GO:1901363,GO:1901564,GO:1901576				RVT_1,RVT_3,rve
NODE_1293_length_874_cov_0.658720_1	S	Reverse transcriptase (RNA-dependent DNA polymerase)						DUF4283,RVT_1,RVT_3,zf-RVT
NODE_1306_length_869_cov_1.106061_1	S	GRF zinc finger containing protein						zf-GRF
NODE_1307_length_869_cov_0.758838_2	S	Ribonuclease H protein						RVT_1
NODE_1317_length_865_cov_0.959391_1	L	Uncharacterized protein K02A2.6-like						RVT_1,RVT_3,rve
NODE_1318_length_865_cov_0.583756_1	S	Reverse transcriptase (RNA-dependent DNA polymerase)						DUF4283,RVT_1,RVT_3,zf-RVT
NODE_1324_length_863_cov_1.417303_1	S	source UniProtKB						DUF4216,DUF4218,Transpos_assoc,Transposase_21
NODE_1329_length_862_cov_0.566879_1	J	Pentatricopeptide repeat-containing protein		GO:0000959,GO:0000963,GO:0000966,GO:0003674,GO:0003676,GO:0003723,GO:0003824,GO:0004016,GO:0004518,GO:0004519,GO:0005488,GO:0005575,GO:0005622,GO:0005623,GO:0005737,GO:0005739,GO:0006139,GO:0006396,GO:0006397,GO:0006725,GO:0006807,GO:0007275,GO:0008150,GO:0008152,GO:0009451,GO:0009791,GO:0009845,GO:0009975,GO:0009987,GO:0010467,GO:0016070,GO:0016071,GO:0016556,GO:0016787,GO:0016788,GO:0016829,GO:0016849,GO:0032501,GO:0032502,GO:0034641,GO:0043170,GO:0043226,GO:0043227,GO:0043229,GO:0043231,GO:0043412,GO:0044237,GO:0044238,GO:0044424,GO:0044444,GO:0044464,GO:0046483,GO:0048856,GO:0071704,GO:0080156,GO:0090304,GO:0090305,GO:0090351,GO:0090615,GO:0097159,GO:0140053,GO:1900864,GO:1901360,GO:1901363	ko:K17710,ko:K17964			PPR,PPR_1,PPR_2,PPR_3
NODE_1331_length_861_cov_0.786990_1	S	Zinc knuckle family protein						MP,RVP,zf-CCHC
NODE_1332_length_860_cov_1.812261_1	L	DNA RNA polymerases superfamily protein						Asp_protease_2,Chromo,RVT_1,Retrotrans_gag,gag-asp_proteas,rve
NODE_1335_length_860_cov_0.708812_1	L	ribonuclease H protein						DUF4283,RVT_1,RVT_3,zf-CCHC_4,zf-RVT
NODE_1336_length_859_cov_1.140665_1	S	Retrotransposon gag protein						Retrotrans_gag
NODE_1338_length_855_cov_5.398207_1	J	transposition, RNA-mediated						Asp_protease_2,Retrotrans_gag
NODE_1341_length_858_cov_0.558259_2	L	ribonuclease H protein						RVT_1,RVT_3,zf-RVT
NODE_1342_length_858_cov_0.540333_2	L	G-quadruplex DNA unwinding						Helitron_like_N
NODE_1353_length_856_cov_0.747112_1	E	Uncharacterized protein K02A2.6-like						RVT_1,RVT_3,Retrotrans_gag,rve
NODE_1361_length_854_cov_0.760618_1	S	Ribonuclease H protein						RVT_1
NODE_1363_length_852_cov_0.712258_1	L	DDE superfamily endonuclease						DDE_Tnp_4
NODE_1365_length_850_cov_1.294955_1	J	transposition, RNA-mediated						Asp_protease_2,Retrotrans_gag
NODE_1368_length_850_cov_0.526520_1	S	Reverse transcriptase-like						RVT_3
NODE_1384_length_844_cov_0.559322_1	S	Reverse transcriptase-like						RVT_3,zf-RVT
NODE_1397_length_839_cov_0.698163_1	L	Retrotransposon gag protein						Retrotrans_gag
NODE_1399_length_838_cov_0.992116_1	S	Reverse transcriptase (RNA-dependent DNA polymerase)						RVT_1,RVT_3,zf-RVT
NODE_1403_length_837_cov_0.586298_1	L	transposition, RNA-mediated						
NODE_1406_length_835_cov_1.087071_1	L	Uncharacterized protein K02A2.6-like		GO:0000943,GO:0003674,GO:0003676,GO:0003723,GO:0003824,GO:0003887,GO:0003964,GO:0004518,GO:0004540,GO:0005488,GO:0005575,GO:0005622,GO:0005623,GO:0005634,GO:0006139,GO:0006259,GO:0006278,GO:0006508,GO:0006725,GO:0006807,GO:0008150,GO:0008152,GO:0008233,GO:0009058,GO:0009059,GO:0009987,GO:0016070,GO:0016740,GO:0016772,GO:0016779,GO:0016787,GO:0016788,GO:0018130,GO:0019438,GO:0019538,GO:0032196,GO:0032197,GO:0034061,GO:0034641,GO:0034645,GO:0034654,GO:0043170,GO:0043226,GO:0043227,GO:0043229,GO:0043231,GO:0044237,GO:0044238,GO:0044249,GO:0044260,GO:0044271,GO:0044422,GO:0044424,GO:0044428,GO:0044446,GO:0044464,GO:0046483,GO:0071704,GO:0071897,GO:0090304,GO:0090305,GO:0090501,GO:0097159,GO:0140096,GO:0140097,GO:0140098,GO:1901360,GO:1901362,GO:1901363,GO:1901564,GO:1901576				RVT_1,RVT_3,rve
NODE_1407_length_835_cov_0.973615_1	S	Domain of unknown function (DUF4216)						DUF4216,DUF4218
NODE_1413_length_833_cov_0.808201_1	S	Myb/SANT-like DNA-binding domain						Myb_DNA-bind_3
NODE_1414_length_828_cov_0.928477_1	L	ribonuclease H protein						RVT_1,RVT_3,zf-RVT
NODE_1426_length_828_cov_0.587766_1	S	zinc-binding in reverse transcriptase						zf-RVT
NODE_1427_length_828_cov_1.166445_1	O	YTH domain family protein			ko:K20102			YTH
NODE_1428_length_815_cov_0.892144_1	S	GRF zinc finger						zf-GRF
NODE_1445_length_823_cov_1.713137_2	J	transposition, RNA-mediated						Asp_protease_2,Retrotrans_gag
NODE_1446_length_823_cov_1.639410_1	D	Belongs to the helicase family			ko:K07466,ko:K15255	ko03030,ko03420,ko03430,ko03440,ko03460,map03030,map03420,map03430,map03440,map03460	M00288	Helitron_like_N,Herpes_Helicase,PIF1
NODE_1456_length_821_cov_0.850806_1	S	Domain of unknown function (DUF4283)						DUF4283,zf-CCHC_4
NODE_1457_length_821_cov_0.767473_1	E	Uncharacterized protein K02A2.6-like		GO:0000943,GO:0003674,GO:0003676,GO:0003723,GO:0003824,GO:0003887,GO:0003964,GO:0004518,GO:0004540,GO:0005488,GO:0005575,GO:0005622,GO:0005623,GO:0005634,GO:0006139,GO:0006259,GO:0006278,GO:0006508,GO:0006725,GO:0006807,GO:0008150,GO:0008152,GO:0008233,GO:0009058,GO:0009059,GO:0009987,GO:0016070,GO:0016740,GO:0016772,GO:0016779,GO:0016787,GO:0016788,GO:0018130,GO:0019438,GO:0019538,GO:0032196,GO:0032197,GO:0034061,GO:0034641,GO:0034645,GO:0034654,GO:0043170,GO:0043226,GO:0043227,GO:0043229,GO:0043231,GO:0044237,GO:0044238,GO:0044249,GO:0044260,GO:0044271,GO:0044422,GO:0044424,GO:0044428,GO:0044446,GO:0044464,GO:0046483,GO:0071704,GO:0071897,GO:0090304,GO:0090305,GO:0090501,GO:0097159,GO:0140096,GO:0140097,GO:0140098,GO:1901360,GO:1901362,GO:1901363,GO:1901564,GO:1901576				RVT_1,RVT_3,Retrotrans_gag,rve
NODE_1458_length_821_cov_0.642473_1	L	transposition, RNA-mediated						Retrotrans_gag
NODE_1461_length_820_cov_2.931359_1	L	strictosidine synthase activity						Retrotrans_gag,rve
NODE_1462_length_820_cov_1.032301_1	S	Domain of unknown function (DUF4283)						DUF4283
NODE_1466_length_819_cov_0.630728_1	T	receptor-like protein kinase						GUB_WAK_bind,Pkinase,WAK_assoc
NODE_1467_length_818_cov_1.357625_1	L	ribonuclease H protein						RVT_1,RVT_3,zf-RVT
NODE_1473_length_816_cov_0.852503_1	A	LRR receptor-like serine threonine-protein kinase						LRRNT_2,LRR_1,LRR_4,LRR_6,LRR_8
NODE_1484_length_813_cov_0.442935_1	E	Ribonuclease H protein			ko:K01408,ko:K10798	ko03410,ko04210,ko04212,ko04214,ko04217,ko05010,map03410,map04210,map04212,map04214,map04217,map05010	M00296	Exo_endo_phos_2,RVT_1,RVT_3,zf-RVT
NODE_1489_length_812_cov_3.986376_1	J	transposition, RNA-mediated						Asp_protease_2,Retrotrans_gag
NODE_1495_length_809_cov_0.904372_1								DUF4216,Transpos_assoc
NODE_1499_length_807_cov_0.647945_1	S	Reverse transcriptase-like						RVT_3,zf-RVT
NODE_1502_length_806_cov_0.802469_1	L	Zinc finger BED domain-containing protein						DUF4413,Dimer_Tnp_hAT,zf-BED
NODE_1510_length_804_cov_0.744154_1	T	Disease resistance protein		GO:0005575,GO:0005623,GO:0005886,GO:0006950,GO:0006952,GO:0007154,GO:0007165,GO:0008150,GO:0009987,GO:0016020,GO:0023052,GO:0044464,GO:0050789,GO:0050794,GO:0050896,GO:0051716,GO:0065007,GO:0071944				LRR_8,NB-ARC
NODE_1512_length_803_cov_1.008264_1	D	Belongs to the cyclin family		GO:0000003,GO:0003006,GO:0007275,GO:0008150,GO:0009791,GO:0009888,GO:0009987,GO:0010154,GO:0010374,GO:0010440,GO:0010444,GO:0022414,GO:0030154,GO:0032501,GO:0032502,GO:0048316,GO:0048608,GO:0048731,GO:0048856,GO:0048869,GO:0061458,GO:0090558,GO:0090627	ko:K14505	ko04075,map04075	M00692	Cyclin_C,Cyclin_N
NODE_1513_length_803_cov_0.694215_1	S	Reverse transcriptase (RNA-dependent DNA polymerase)						DUF4283,RVT_1,RVT_3,zf-RVT
NODE_1519_length_800_cov_0.727901_1	G	1-deoxy-D-xylulose-5-phosphate synthase	DXPS3		ko:K01662	ko00730,ko00900,ko01100,ko01110,ko01130,map00730,map00900,map01100,map01110,map01130	M00096	DXP_synthase_N,Transket_pyr,Transketolase_C
NODE_1521_length_800_cov_39.385892_1	J	transposition, RNA-mediated						Asp_protease_2,Retrotrans_gag
NODE_1522_length_800_cov_1.372061_1	L	transposition, RNA-mediated						Asp_protease_2,Retrotrans_gag
NODE_1524_length_800_cov_1.113416_1								DBD_Tnp_Mut,MULE,SWIM
NODE_1535_length_795_cov_0.701950_1								DUF4216,Transposase_23,Transposase_24
NODE_1543_length_792_cov_0.813986_1	L	Retrotransposon gag protein						Retrotrans_gag
NODE_1546_length_791_cov_1.442577_1	D	Belongs to the helicase family			ko:K07466,ko:K15255	ko03030,ko03420,ko03430,ko03440,ko03460,map03030,map03420,map03430,map03440,map03460	M00288	Helitron_like_N,Herpes_Helicase,PIF1
NODE_1553_length_790_cov_0.762973_1	J	Elongation factor		GO:0005575,GO:0005622,GO:0005623,GO:0005737,GO:0044424,GO:0044464	ko:K03234	ko04152,ko04921,map04152,map04921		EFG_C,EFG_II,EFG_IV,GTP_EFTU,GTP_EFTU_D2
NODE_1559_length_789_cov_0.633427_1	L	ribonuclease H protein						RVT_1,RVT_3,zf-RVT
NODE_1566_length_787_cov_1.218310_1	L	ribonuclease H protein						RVT_1,RVT_3,zf-RVT
NODE_1572_length_785_cov_1.915254_1	L	transposition, RNA-mediated						Asp_protease_2,Retrotrans_gag
NODE_1578_length_783_cov_0.525496_1	T	ATPase activity, coupled to transmembrane movement of substances			ko:K01051	ko00040,ko01100,map00040,map01100	M00081	DUF4283,Exo_endo_phos,RVT_1,zf-RVT
NODE_1582_length_781_cov_0.734375_1	S	Protein FAR1-RELATED SEQUENCE 5-like			ko:K17604			FAR1,MULE,SWIM
NODE_1583_length_781_cov_0.640625_1	L	ribonuclease H protein						RVT_1,RVT_3,zf-RVT
NODE_1584_length_781_cov_0.487216_1	L	ribonuclease H protein						DUF4283,RVT_1,RVT_3,zf-CCHC_4,zf-RVT
NODE_1584_length_781_cov_0.487216_2	E	Ribonuclease H protein						RVT_1,RVT_3,zf-RVT
NODE_1585_length_780_cov_0.731152_1	D	Belongs to the helicase family			ko:K15255			Helitron_like_N,PIF1
NODE_1591_length_777_cov_1.231429_2	L	gag-polypeptide of LTR copia-type						Retrotran_gag_2
NODE_1599_length_775_cov_0.733524_1	E	Ribonuclease H protein						zf-RVT
NODE_1604_length_774_cov_0.560976_1	S	Ribonuclease H protein						
NODE_1617_length_765_cov_0.387608_1	E	Ribonuclease H protein						RVT_3
NODE_1618_length_770_cov_26.746032_1	J	transposition, RNA-mediated						Asp_protease_2,Retrotrans_gag
NODE_1619_length_770_cov_15.037518_1	L	strictosidine synthase activity						Retrotrans_gag,rve
NODE_1633_length_766_cov_1.284470_1	S	Transposase family tnp2						DUF4216,DUF4218,Transpos_assoc,Transposase_21
NODE_1639_length_765_cov_0.793605_1	S	protein FAR1-RELATED SEQUENCE						FAR1,MULE
NODE_1642_length_764_cov_2.352256_1	E	Uncharacterized protein K02A2.6-like						RVT_1,RVT_3,Retrotrans_gag,rve
NODE_1646_length_764_cov_0.375546_1	L	transposition, RNA-mediated						Retrotrans_gag
NODE_1647_length_763_cov_0.655977_2	S	RING-type E3 ubiquitin transferase		GO:0005575,GO:0005622,GO:0005623,GO:0005634,GO:0005737,GO:0043226,GO:0043227,GO:0043229,GO:0043231,GO:0044424,GO:0044464	ko:K08332			Arm,U-box
NODE_1652_length_762_cov_0.675912_1	L	transposition, RNA-mediated						RVT_1,RVT_3,Retrotrans_gag,rve
NODE_1653_length_761_cov_1.521930_1	U	TB2/DP1, HVA22 family						RVT_3,TB2_DP1_HVA22,zf-met
NODE_1655_length_761_cov_1.035088_1	S	zinc-binding in reverse transcriptase						zf-RVT
NODE_1657_length_761_cov_0.738304_1								DBD_Tnp_Mut,MULE,SWIM
NODE_1659_length_761_cov_0.486842_1	S	Reverse transcriptase (RNA-dependent DNA polymerase)						DUF4283,RVT_1,RVT_3,zf-RVT
NODE_1666_length_759_cov_0.524927_1	L	transposition, RNA-mediated						RVT_1,RVT_3,Retrotrans_gag,rve
NODE_1668_length_758_cov_0.991189_2	J	60S ribosomal Protein		GO:0000027,GO:0003002,GO:0003674,GO:0003676,GO:0003723,GO:0003735,GO:0005198,GO:0005488,GO:0005575,GO:0005622,GO:0005623,GO:0005634,GO:0005730,GO:0005737,GO:0005773,GO:0005829,GO:0005840,GO:0005844,GO:0005886,GO:0006412,GO:0006518,GO:0006807,GO:0006810,GO:0006913,GO:0006996,GO:0007275,GO:0007389,GO:0008097,GO:0008150,GO:0008152,GO:0008283,GO:0009058,GO:0009059,GO:0009507,GO:0009536,GO:0009653,GO:0009719,GO:0009725,GO:0009735,GO:0009955,GO:0009965,GO:0009987,GO:0010015,GO:0010016,GO:0010033,GO:0010467,GO:0015934,GO:0016020,GO:0016043,GO:0019538,GO:0019843,GO:0022607,GO:0022613,GO:0022618,GO:0022622,GO:0022625,GO:0022626,GO:0031974,GO:0031981,GO:0032501,GO:0032502,GO:0032991,GO:0034622,GO:0034641,GO:0034645,GO:0042221,GO:0042254,GO:0042255,GO:0042273,GO:0042788,GO:0043043,GO:0043170,GO:0043226,GO:0043227,GO:0043228,GO:0043229,GO:0043231,GO:0043232,GO:0043233,GO:0043603,GO:0043604,GO:0043933,GO:0044085,GO:0044237,GO:0044238,GO:0044249,GO:0044260,GO:0044267,GO:0044271,GO:0044391,GO:0044422,GO:0044424,GO:0044428,GO:0044444,GO:0044445,GO:0044446,GO:0044464,GO:0046907,GO:0048364,GO:0048366,GO:0048367,GO:0048731,GO:0048827,GO:0048856,GO:0050896,GO:0051169,GO:0051179,GO:0051234,GO:0051641,GO:0051649,GO:0065003,GO:0070013,GO:0070925,GO:0071704,GO:0071826,GO:0071840,GO:0071944,GO:0097159,GO:0099402,GO:1901363,GO:1901564,GO:1901566,GO:1901576,GO:1905392,GO:1990904	ko:K02932,ko:K03327	ko03010,map03010	M00177	Ribosomal_L18_c,Ribosomal_L5e
NODE_1680_length_756_cov_0.628866_2	S	MuDR family transposase						DBD_Tnp_Mut,MULE,SWIM
NODE_1681_length_755_cov_1.837758_1	L	Domain of unknown function (DUF4413)			ko:K08592			DUF4413,Dimer_Tnp_hAT,GRAS,Peptidase_C48,zf-BED
NODE_1698_length_751_cov_0.698813_1	E	Polyamine transporter		GO:0003333,GO:0003674,GO:0005215,GO:0005342,GO:0005575,GO:0005623,GO:0005886,GO:0005887,GO:0006810,GO:0006811,GO:0006820,GO:0006865,GO:0008150,GO:0008509,GO:0008514,GO:0015075,GO:0015171,GO:0015179,GO:0015203,GO:0015291,GO:0015297,GO:0015318,GO:0015711,GO:0015807,GO:0015846,GO:0015849,GO:0016020,GO:0016021,GO:0022804,GO:0022857,GO:0031224,GO:0031226,GO:0034220,GO:0044425,GO:0044459,GO:0044464,GO:0046942,GO:0046943,GO:0051179,GO:0051234,GO:0055085,GO:0071702,GO:0071705,GO:0071944,GO:0098656,GO:1902047,GO:1902475,GO:1903825,GO:1905039				AA_permease_2
NODE_1706_length_749_cov_0.861607_1	E	Uncharacterized protein K02A2.6-like		GO:0000943,GO:0003674,GO:0003676,GO:0003723,GO:0003824,GO:0003887,GO:0003964,GO:0004518,GO:0004540,GO:0005488,GO:0005575,GO:0005622,GO:0005623,GO:0005634,GO:0006139,GO:0006259,GO:0006278,GO:0006508,GO:0006725,GO:0006807,GO:0008150,GO:0008152,GO:0008233,GO:0009058,GO:0009059,GO:0009987,GO:0016070,GO:0016740,GO:0016772,GO:0016779,GO:0016787,GO:0016788,GO:0018130,GO:0019438,GO:0019538,GO:0032196,GO:0032197,GO:0034061,GO:0034641,GO:0034645,GO:0034654,GO:0043170,GO:0043226,GO:0043227,GO:0043229,GO:0043231,GO:0044237,GO:0044238,GO:0044249,GO:0044260,GO:0044271,GO:0044422,GO:0044424,GO:0044428,GO:0044446,GO:0044464,GO:0046483,GO:0071704,GO:0071897,GO:0090304,GO:0090305,GO:0090501,GO:0097159,GO:0140096,GO:0140097,GO:0140098,GO:1901360,GO:1901362,GO:1901363,GO:1901564,GO:1901576				RVT_1,RVT_3,Retrotrans_gag,rve
NODE_1708_length_749_cov_0.778274_1	S	Reverse transcriptase (RNA-dependent DNA polymerase)						DUF4283,RVT_1,RVT_3,zf-RVT
NODE_1709_length_749_cov_0.635417_1	L	ribonuclease H protein						DUF4283,RVT_1,RVT_3,zf-CCHC_4,zf-RVT
NODE_1715_length_748_cov_1.113264_1	L	ribonuclease H protein						RVT_1,RVT_3,zf-RVT
NODE_1719_length_747_cov_1.073134_1	S	Domain of unknown function (DUF4216)						DUF4216,DUF4218,Transpos_assoc,Transposase_21
NODE_1721_length_747_cov_0.838806_1	S	RNase H family protein						DUF4283,RVT_1,RVT_3,zf-RVT
NODE_1722_length_747_cov_0.770149_2	E	Uncharacterized protein K02A2.6-like		GO:0000943,GO:0003674,GO:0003676,GO:0003723,GO:0003824,GO:0003887,GO:0003964,GO:0004518,GO:0004540,GO:0005488,GO:0005575,GO:0005622,GO:0005623,GO:0005634,GO:0006139,GO:0006259,GO:0006278,GO:0006508,GO:0006725,GO:0006807,GO:0008150,GO:0008152,GO:0008233,GO:0009058,GO:0009059,GO:0009987,GO:0016070,GO:0016740,GO:0016772,GO:0016779,GO:0016787,GO:0016788,GO:0018130,GO:0019438,GO:0019538,GO:0032196,GO:0032197,GO:0034061,GO:0034641,GO:0034645,GO:0034654,GO:0043170,GO:0043226,GO:0043227,GO:0043229,GO:0043231,GO:0044237,GO:0044238,GO:0044249,GO:0044260,GO:0044271,GO:0044422,GO:0044424,GO:0044428,GO:0044446,GO:0044464,GO:0046483,GO:0071704,GO:0071897,GO:0090304,GO:0090305,GO:0090501,GO:0097159,GO:0140096,GO:0140097,GO:0140098,GO:1901360,GO:1901362,GO:1901363,GO:1901564,GO:1901576				RVT_1,RVT_3,Retrotrans_gag,rve
NODE_1724_length_747_cov_0.622388_1	E	Ribonuclease H protein						
NODE_1730_length_746_cov_0.557549_1	S	BEST Arabidopsis thaliana protein match is			ko:K14487,ko:K18195	ko04075,map04075		DUF4283,RVT_1,zf-CCHC_4,zf-RVT
NODE_1741_length_743_cov_6.546547_1	KLT	protein kinase activity						Asp_protease_2,RVT_1,Retrotrans_gag,rve
NODE_1748_length_742_cov_0.775940_1	S	Zinc finger MYM-type protein						DUF4371,Dimer_Tnp_hAT
NODE_1752_length_741_cov_0.954819_1	E	Uncharacterized protein K02A2.6-like		GO:0000943,GO:0003674,GO:0003676,GO:0003723,GO:0003824,GO:0003887,GO:0003964,GO:0004518,GO:0004540,GO:0005488,GO:0005575,GO:0005622,GO:0005623,GO:0005634,GO:0006139,GO:0006259,GO:0006278,GO:0006508,GO:0006725,GO:0006807,GO:0008150,GO:0008152,GO:0008233,GO:0009058,GO:0009059,GO:0009987,GO:0016070,GO:0016740,GO:0016772,GO:0016779,GO:0016787,GO:0016788,GO:0018130,GO:0019438,GO:0019538,GO:0032196,GO:0032197,GO:0034061,GO:0034641,GO:0034645,GO:0034654,GO:0043170,GO:0043226,GO:0043227,GO:0043229,GO:0043231,GO:0044237,GO:0044238,GO:0044249,GO:0044260,GO:0044271,GO:0044422,GO:0044424,GO:0044428,GO:0044446,GO:0044464,GO:0046483,GO:0071704,GO:0071897,GO:0090304,GO:0090305,GO:0090501,GO:0097159,GO:0140096,GO:0140097,GO:0140098,GO:1901360,GO:1901362,GO:1901363,GO:1901564,GO:1901576				RVT_1,RVT_3,Retrotrans_gag,rve
NODE_1761_length_738_cov_1.099849_1	D	Belongs to the helicase family			ko:K07466,ko:K15255	ko03030,ko03420,ko03430,ko03440,ko03460,map03030,map03420,map03430,map03440,map03460	M00288	Helitron_like_N,Herpes_Helicase,PIF1
NODE_1766_length_737_cov_0.777273_1	O	Belongs to the peptidase C1 family		GO:0000323,GO:0003674,GO:0003824,GO:0004175,GO:0004197,GO:0005575,GO:0005576,GO:0005615,GO:0005622,GO:0005623,GO:0005737,GO:0005764,GO:0005773,GO:0006508,GO:0006807,GO:0008150,GO:0008152,GO:0008233,GO:0008234,GO:0009056,GO:0009057,GO:0009987,GO:0016787,GO:0019538,GO:0030163,GO:0043170,GO:0043226,GO:0043227,GO:0043229,GO:0043231,GO:0044237,GO:0044238,GO:0044248,GO:0044257,GO:0044260,GO:0044265,GO:0044267,GO:0044421,GO:0044424,GO:0044444,GO:0044464,GO:0051603,GO:0070011,GO:0071704,GO:0140096,GO:1901564,GO:1901565,GO:1901575	ko:K16292			Granulin,Inhibitor_I29,Peptidase_C1
NODE_1769_length_737_cov_0.660606_1	L	transposition, RNA-mediated						RVT_1,Retrotrans_gag,rve
NODE_1770_length_741_cov_0.631818_1	L	Uncharacterized protein K02A2.6-like						RVT_1,RVT_3,rve
NODE_1772_length_724_cov_0.443939_1	E	Ribonuclease H protein			ko:K09186,ko:K14857	ko00310,ko04934,ko05202,map00310,map04934,map05202		Exo_endo_phos,RVT_1
NODE_1776_length_735_cov_0.676292_1	S	RNase H family protein						DUF4283,RVT_1,RVT_3,zf-RVT
NODE_1782_length_734_cov_0.598174_1	S	Egg cell-secreted protein						Prolamin_like
NODE_1789_length_731_cov_0.564024_1	K	Domain of unknown function (DUF4283)						DUF4283,zf-CCHC_4
NODE_1795_length_732_cov_0.725191_1	L	transposition, RNA-mediated						DUF4219,RVT_2,Retrotran_gag_2,Retrotran_gag_3,gag_pre-integrs,rve,zf-CCHC
NODE_1797_length_732_cov_0.537405_1	S	MuDR family transposase						DBD_Tnp_Mut,MULE,SWIM
NODE_1804_length_729_cov_1.141104_1	S	zinc-binding in reverse transcriptase						zf-RVT
NODE_1809_length_728_cov_9.276498_1	L	strictosidine synthase activity						Retrotrans_gag,rve
NODE_1811_length_728_cov_0.763441_1	S	MuDR family transposase						DBD_Tnp_Mut,MULE,SWIM
NODE_1824_length_725_cov_1.296296_1	S	Protein of unknown function (DUF 659)						DUF659,Dimer_Tnp_hAT,zf-BED
NODE_1826_length_725_cov_0.953704_1	L	transposition, RNA-mediated			ko:K03124	ko03022,ko05169,ko05203,map03022,map05169,map05203		ATHILA,RVT_1,Retrotrans_gag,rve
NODE_1827_length_725_cov_0.589506_1	L	gag-polypeptide of LTR copia-type						Retrotran_gag_2
NODE_1835_length_723_cov_0.620743_2	S	Protein FAR1-RELATED SEQUENCE			ko:K17604			FAR1,MULE,SWIM
NODE_1849_length_718_cov_0.531882_1								DBD_Tnp_Mut,MULE,SWIM
NODE_1850_length_720_cov_0.530327_2	E	Uncharacterized protein K02A2.6-like						RVT_1,RVT_3,Retrotrans_gag,rve
NODE_1851_length_719_cov_1.263240_1	K	Mitochondrial transcription termination factor family protein			ko:K15032			mTERF
NODE_1854_length_719_cov_0.683801_1	S	Reverse transcriptase (RNA-dependent DNA polymerase)						DUF4283,RVT_1,RVT_3,zf-RVT
NODE_1855_length_719_cov_0.652648_1	L	transposition, RNA-mediated						G-patch,Retrotrans_gag
NODE_1859_length_718_cov_1.826833_1	S	Domain of unknown function (DUF4216)						DUF4216,DUF4218
NODE_1861_length_718_cov_0.829953_1	L	Pentatricopeptide repeat-containing protein		GO:0003674,GO:0003676,GO:0003723,GO:0003824,GO:0004518,GO:0004519,GO:0005488,GO:0005575,GO:0005622,GO:0005623,GO:0006139,GO:0006725,GO:0006807,GO:0008150,GO:0008152,GO:0009451,GO:0009987,GO:0016070,GO:0016787,GO:0016788,GO:0034641,GO:0043170,GO:0043226,GO:0043227,GO:0043229,GO:0043231,GO:0043412,GO:0044237,GO:0044238,GO:0044424,GO:0044464,GO:0046483,GO:0071704,GO:0090304,GO:0090305,GO:0097159,GO:1901360,GO:1901363				PPR,PPR_2
NODE_1864_length_718_cov_0.642746_1	KLT	protein serine/threonine kinase activity		GO:0003674,GO:0003824,GO:0004672,GO:0004674,GO:0004675,GO:0004888,GO:0005575,GO:0005623,GO:0005886,GO:0006464,GO:0006468,GO:0006793,GO:0006796,GO:0006807,GO:0007154,GO:0007165,GO:0007166,GO:0007167,GO:0007178,GO:0008150,GO:0008152,GO:0009987,GO:0016020,GO:0016301,GO:0016310,GO:0016740,GO:0016772,GO:0016773,GO:0019199,GO:0019538,GO:0023052,GO:0036211,GO:0038023,GO:0043170,GO:0043412,GO:0044237,GO:0044238,GO:0044260,GO:0044267,GO:0044464,GO:0050789,GO:0050794,GO:0050896,GO:0051716,GO:0060089,GO:0065007,GO:0071704,GO:0071944,GO:0140096,GO:1901564	ko:K04733	ko04010,ko04064,ko04620,ko04621,ko04624,ko04722,ko05133,ko05140,ko05142,ko05145,ko05152,ko05162,ko05164,map04010,map04064,map04620,map04621,map04624,map04722,map05133,map05140,map05142,map05145,map05152,map05162,map05164	M00686	Pkinase,Pkinase_Tyr
NODE_1868_length_717_cov_0.456250_1	L	PPR repeat						PPR,PPR_2,PPR_3
NODE_1879_length_715_cov_0.818182_1	S	transposon protein						DUF4216,DUF4218,Transpos_assoc,Transposase_21
NODE_1881_length_715_cov_0.650470_1	S	Plant transposase (Ptta/En/Spm family)						Transposase_24
NODE_1882_length_711_cov_0.589342_1	S	MuDR family transposase						DBD_Tnp_Mut,MULE,PB1,SWIM
NODE_1889_length_713_cov_0.581761_1	S	zinc-binding in reverse transcriptase						zf-RVT
NODE_1890_length_713_cov_0.567610_1	S	Reverse transcriptase-like						RVT_3,zf-RVT
NODE_1897_length_710_cov_0.663507_1	L	transposition, RNA-mediated						RVT_1,RVT_3,Retrotrans_gag,rve
NODE_1899_length_710_cov_0.521327_1	D	Belongs to the helicase family						Helitron_like_N,Herpes_Helicase,PIF1
NODE_1900_length_709_cov_1.705696_1	S	source UniProtKB						DUF4216,DUF4218,Transpos_assoc,Transposase_21
NODE_1906_length_709_cov_0.541139_1	S	Reverse transcriptase-like						RVT_3,zf-RVT
NODE_1917_length_706_cov_0.670906_1	E	Ribonuclease H protein			ko:K01051,ko:K01074	ko00040,ko00062,ko01100,ko01212,ko04142,map00040,map00062,map01100,map01212,map04142	M00081	DUF4283,RVT_1,zf-RVT
NODE_1927_length_704_cov_0.617225_1	S	Ribonuclease H protein						RVT_1
NODE_1931_length_703_cov_0.873802_1	S	Protein FAR1-RELATED SEQUENCE 5-like						FAR1,MULE,SWIM
NODE_1941_length_702_cov_0.696000_1	S	Domain of unknown function (DUF4283)						DUF4283,RVT_1,zf-CCHC_4
NODE_1942_length_702_cov_0.641600_1	L	transposition, RNA-mediated						RVT_1,RVT_3,Retrotrans_gag,rve
NODE_1946_length_701_cov_1.012821_1	S	agenet domain-containing protein						Agenet,DUF724
NODE_1947_length_701_cov_0.923077_2	E	Uncharacterized protein K02A2.6-like						G-patch,RVT_1,RVT_3,Retrotrans_gag,rve
NODE_1949_length_701_cov_0.815705_1	L	gag-polypeptide of LTR copia-type						Retrotran_gag_2,Retrotran_gag_3,zf-CCHC_6
NODE_1952_length_701_cov_0.690705_1	L	Histidine protein methyltransferase 1 homolog						Methyltransf_16
NODE_1957_length_701_cov_0.504808_1	L	transposition, RNA-mediated						RVT_1,RVT_3,Retrotrans_gag,rve
NODE_1961_length_700_cov_0.919743_1	L	Uncharacterized protein K02A2.6-like		GO:0000943,GO:0003674,GO:0003676,GO:0003723,GO:0003824,GO:0003887,GO:0003964,GO:0004518,GO:0004540,GO:0005488,GO:0005575,GO:0005622,GO:0005623,GO:0005634,GO:0006139,GO:0006259,GO:0006278,GO:0006508,GO:0006725,GO:0006807,GO:0008150,GO:0008152,GO:0008233,GO:0009058,GO:0009059,GO:0009987,GO:0016070,GO:0016740,GO:0016772,GO:0016779,GO:0016787,GO:0016788,GO:0018130,GO:0019438,GO:0019538,GO:0032196,GO:0032197,GO:0034061,GO:0034641,GO:0034645,GO:0034654,GO:0043170,GO:0043226,GO:0043227,GO:0043229,GO:0043231,GO:0044237,GO:0044238,GO:0044249,GO:0044260,GO:0044271,GO:0044422,GO:0044424,GO:0044428,GO:0044446,GO:0044464,GO:0046483,GO:0071704,GO:0071897,GO:0090304,GO:0090305,GO:0090501,GO:0097159,GO:0140096,GO:0140097,GO:0140098,GO:1901360,GO:1901362,GO:1901363,GO:1901564,GO:1901576				RVT_1,RVT_3,rve
NODE_1962_length_700_cov_0.722311_1	L	ribonuclease H protein						RVT_1,RVT_3,zf-CCHC_4,zf-RVT
NODE_1969_length_698_cov_1.645733_1	C	Proton-conducting membrane transporter	nad4	GO:0005575,GO:0005622,GO:0005623,GO:0005737,GO:0005739,GO:0005740,GO:0005743,GO:0016020,GO:0019866,GO:0031090,GO:0031966,GO:0031967,GO:0031975,GO:0043226,GO:0043227,GO:0043229,GO:0043231,GO:0044422,GO:0044424,GO:0044429,GO:0044444,GO:0044446,GO:0044464	ko:K03881	ko00190,ko01100,ko04714,ko04723,ko05012,map00190,map01100,map04714,map04723,map05012	M00142	Proton_antipo_M
NODE_1973_length_698_cov_0.723027_1	S	chromatin binding						DUF1985,Peptidase_C48
NODE_1974_length_698_cov_0.697262_1	E	Ribonuclease H protein						RVT_3,zf-RVT
NODE_1979_length_697_cov_0.670968_1	L	Retrotransposon gag protein						Retrotrans_gag
NODE_1985_length_695_cov_0.878641_1	L	transposition, RNA-mediated						RVT_1,RVT_3,Retrotrans_gag,rve
NODE_1993_length_692_cov_0.850891_1	S	Ribonuclease H protein						RVT_1,RVT_3,zf-RVT
NODE_2010_length_691_cov_0.929967_1	S	zinc finger (Ran-binding) family protein		GO:0000082,GO:0000226,GO:0000278,GO:0003674,GO:0003824,GO:0005488,GO:0005515,GO:0005575,GO:0005622,GO:0005623,GO:0005634,GO:0005635,GO:0005642,GO:0005643,GO:0005737,GO:0005813,GO:0005815,GO:0005829,GO:0005856,GO:0006403,GO:0006405,GO:0006406,GO:0006464,GO:0006508,GO:0006511,GO:0006606,GO:0006607,GO:0006611,GO:0006807,GO:0006810,GO:0006886,GO:0006913,GO:0006996,GO:0007010,GO:0007017,GO:0007049,GO:0007051,GO:0007088,GO:0007346,GO:0008104,GO:0008150,GO:0008152,GO:0008536,GO:0009056,GO:0009057,GO:0009987,GO:0010467,GO:0010564,GO:0010638,GO:0012505,GO:0015031,GO:0015630,GO:0015833,GO:0015931,GO:0016020,GO:0016032,GO:0016043,GO:0016234,GO:0016740,GO:0016925,GO:0017016,GO:0017038,GO:0018193,GO:0018205,GO:0019538,GO:0019787,GO:0019789,GO:0019899,GO:0019941,GO:0022402,GO:0030163,GO:0031090,GO:0031267,GO:0031503,GO:0031965,GO:0031967,GO:0031975,GO:0032446,GO:0032886,GO:0032991,GO:0033036,GO:0033043,GO:0033365,GO:0034504,GO:0034613,GO:0036211,GO:0042175,GO:0042405,GO:0042886,GO:0043170,GO:0043226,GO:0043227,GO:0043228,GO:0043229,GO:0043231,GO:0043232,GO:0043412,GO:0043632,GO:0044237,GO:0044238,GO:0044248,GO:0044257,GO:0044260,GO:0044265,GO:0044267,GO:0044403,GO:0044419,GO:0044422,GO:0044424,GO:0044425,GO:0044428,GO:0044430,GO:0044444,GO:0044446,GO:0044464,GO:0044614,GO:0044615,GO:0044770,GO:0044772,GO:0044843,GO:0045184,GO:0045787,GO:0045840,GO:0045931,GO:0046602,GO:0046604,GO:0046605,GO:0046607,GO:0046907,GO:0048518,GO:0048522,GO:0050657,GO:0050658,GO:0050789,GO:0050794,GO:0051020,GO:0051028,GO:0051128,GO:0051130,GO:0051168,GO:0051169,GO:0051170,GO:0051179,GO:0051234,GO:0051236,GO:0051493,GO:0051495,GO:0051603,GO:0051640,GO:0051641,GO:0051642,GO:0051649,GO:0051704,GO:0051726,GO:0051783,GO:0051785,GO:0061842,GO:0065007,GO:0070507,GO:0070647,GO:0070727,GO:0071166,GO:0071426,GO:0071427,GO:0071702,GO:0071704,GO:0071705,GO:0071840,GO:0072594,GO:0090068,GO:0098589,GO:0098805,GO:0140096,GO:1901564,GO:1901565,GO:1901575,GO:1903047				zf-RanBP
NODE_2017_length_690_cov_0.727569_1	O	Guanosine nucleotide diphosphate dissociation inhibitor		GO:0001558,GO:0003674,GO:0005092,GO:0005093,GO:0005488,GO:0005515,GO:0005575,GO:0005576,GO:0005622,GO:0005623,GO:0005737,GO:0005829,GO:0005911,GO:0007154,GO:0007165,GO:0007264,GO:0007265,GO:0007275,GO:0007399,GO:0008150,GO:0008361,GO:0009506,GO:0009987,GO:0010035,GO:0010038,GO:0010720,GO:0010721,GO:0010769,GO:0010770,GO:0010771,GO:0010975,GO:0010976,GO:0010977,GO:0016043,GO:0017016,GO:0017137,GO:0019899,GO:0022008,GO:0022603,GO:0022604,GO:0023052,GO:0030054,GO:0030154,GO:0030234,GO:0030307,GO:0030424,GO:0030516,GO:0030695,GO:0031267,GO:0031344,GO:0031345,GO:0031346,GO:0032386,GO:0032387,GO:0032482,GO:0032501,GO:0032502,GO:0032535,GO:0032879,GO:0032880,GO:0032991,GO:0033157,GO:0035556,GO:0036477,GO:0040008,GO:0042221,GO:0042995,GO:0043005,GO:0043025,GO:0043209,GO:0044297,GO:0044424,GO:0044444,GO:0044464,GO:0045595,GO:0045596,GO:0045597,GO:0045664,GO:0045665,GO:0045666,GO:0045773,GO:0045927,GO:0048046,GO:0048518,GO:0048519,GO:0048522,GO:0048523,GO:0048638,GO:0048639,GO:0048699,GO:0048731,GO:0048856,GO:0048869,GO:0050767,GO:0050768,GO:0050769,GO:0050770,GO:0050771,GO:0050772,GO:0050789,GO:0050790,GO:0050793,GO:0050794,GO:0050896,GO:0051020,GO:0051049,GO:0051051,GO:0051093,GO:0051094,GO:0051128,GO:0051129,GO:0051130,GO:0051223,GO:0051224,GO:0051239,GO:0051240,GO:0051241,GO:0051592,GO:0051716,GO:0051960,GO:0051961,GO:0051962,GO:0055044,GO:0060284,GO:0060341,GO:0060589,GO:0061387,GO:0065007,GO:0065008,GO:0065009,GO:0070201,GO:0071840,GO:0090066,GO:0090087,GO:0090313,GO:0090315,GO:0090317,GO:0097458,GO:0098772,GO:0120025,GO:0120035,GO:1903533,GO:1903827,GO:1903828,GO:1904950,GO:1905475,GO:1905476,GO:2000026	ko:K17255			GDI
NODE_2021_length_689_cov_0.991830_1	J	tRNA-splicing endonuclease subunit		GO:0000003,GO:0000213,GO:0000214,GO:0000278,GO:0000281,GO:0000379,GO:0000394,GO:0000910,GO:0003006,GO:0003674,GO:0003824,GO:0004518,GO:0004519,GO:0004521,GO:0004540,GO:0004549,GO:0005575,GO:0005622,GO:0005623,GO:0005634,GO:0006139,GO:0006388,GO:0006396,GO:0006399,GO:0006725,GO:0006807,GO:0007049,GO:0007275,GO:0008033,GO:0008150,GO:0008152,GO:0008356,GO:0008380,GO:0009790,GO:0009791,GO:0009793,GO:0009987,GO:0010069,GO:0010070,GO:0010154,GO:0010467,GO:0016070,GO:0016787,GO:0016788,GO:0016892,GO:0016894,GO:0022402,GO:0022414,GO:0032501,GO:0032502,GO:0032991,GO:0034470,GO:0034641,GO:0034660,GO:0043170,GO:0043226,GO:0043227,GO:0043229,GO:0043231,GO:0044237,GO:0044238,GO:0044422,GO:0044424,GO:0044428,GO:0044446,GO:0044464,GO:0046483,GO:0048316,GO:0048608,GO:0048731,GO:0048856,GO:0051301,GO:0061458,GO:0061640,GO:0071704,GO:0090304,GO:0090305,GO:0090501,GO:0090502,GO:0140098,GO:0140101,GO:1901360,GO:1902494,GO:1902555,GO:1903047,GO:1905348	ko:K15322			tRNA_int_endo,tRNA_int_endo_N
NODE_2022_length_689_cov_0.893791_1	S	Reverse transcriptase (RNA-dependent DNA polymerase)						DUF4283,RVT_1,RVT_3,zf-RVT
NODE_2028_length_690_cov_0.602941_1	L	transposition, RNA-mediated						RVT_1,RVT_3,Retrotrans_gag,rve
NODE_2029_length_689_cov_0.596405_1	L	transposition, RNA-mediated						Retrotran_gag_2
NODE_2039_length_687_cov_0.790164_1	O	Non-LTR retroelement reverse transcriptase						RVT_3,zf-RVT
NODE_2044_length_686_cov_0.917898_1	L	gag-polypeptide of LTR copia-type						DUF4219,Retrotran_gag_2
NODE_2051_length_685_cov_0.605263_1	S	zinc-binding in reverse transcriptase						LRRNT_2,LRR_8,Pkinase,RVT_1,zf-RVT
NODE_2052_length_685_cov_0.544408_1	T	belongs to the protein kinase superfamily		GO:0003674,GO:0003824,GO:0004672,GO:0004674,GO:0004675,GO:0004888,GO:0005575,GO:0005623,GO:0005886,GO:0006464,GO:0006468,GO:0006793,GO:0006796,GO:0006807,GO:0007154,GO:0007165,GO:0007166,GO:0007167,GO:0007178,GO:0008150,GO:0008152,GO:0009987,GO:0016020,GO:0016301,GO:0016310,GO:0016740,GO:0016772,GO:0016773,GO:0019199,GO:0019538,GO:0023052,GO:0036211,GO:0038023,GO:0043170,GO:0043412,GO:0044237,GO:0044238,GO:0044260,GO:0044267,GO:0044464,GO:0050789,GO:0050794,GO:0050896,GO:0051716,GO:0060089,GO:0065007,GO:0071704,GO:0071944,GO:0140096,GO:1901564				Pkinase
NODE_2053_length_684_cov_1.082372_1	S	Ribosomal protein-like protein						Plant_tran
NODE_2056_length_683_cov_0.732673_1	L	transposition, RNA-mediated						Retrotrans_gag
NODE_2063_length_682_cov_0.738843_1	A	U4 U6 small nuclear ribonucleoprotein		GO:0000003,GO:0000375,GO:0000377,GO:0000398,GO:0003006,GO:0005575,GO:0005622,GO:0005623,GO:0005634,GO:0005654,GO:0006139,GO:0006396,GO:0006397,GO:0006725,GO:0006807,GO:0007275,GO:0008150,GO:0008152,GO:0008380,GO:0009790,GO:0009791,GO:0009793,GO:0009987,GO:0010154,GO:0010467,GO:0016070,GO:0016071,GO:0019219,GO:0019222,GO:0022414,GO:0030532,GO:0031323,GO:0031974,GO:0031981,GO:0032501,GO:0032502,GO:0032991,GO:0034641,GO:0043170,GO:0043226,GO:0043227,GO:0043229,GO:0043231,GO:0043233,GO:0044030,GO:0044237,GO:0044238,GO:0044422,GO:0044424,GO:0044428,GO:0044446,GO:0044464,GO:0046483,GO:0046540,GO:0048316,GO:0048608,GO:0048731,GO:0048856,GO:0050789,GO:0050794,GO:0051052,GO:0051171,GO:0060255,GO:0061458,GO:0065007,GO:0070013,GO:0071704,GO:0080090,GO:0090304,GO:0097525,GO:0097526,GO:0120114,GO:1901360,GO:1990904	ko:K12843	ko03040,map03040	M00354	DUF1115,PRP3
NODE_2065_length_681_cov_0.789735_1	S	ribonuclease H protein At1g65750-like						RVT_3
NODE_2072_length_680_cov_0.955224_1	S	Reverse transcriptase (RNA-dependent DNA polymerase)						DUF4283,RVT_1,RVT_3,zf-RVT
NODE_2077_length_680_cov_0.643449_1	L	ribonuclease H protein						RVT_1,RVT_3,zf-RVT
NODE_2081_length_679_cov_0.850498_1	K	General transcription factor 3C polypeptide			ko:K15201			TPR_16,TPR_19,TPR_7,TPR_8
NODE_2084_length_679_cov_0.453488_2	E	Ribonuclease H protein						
NODE_2089_length_678_cov_1.168053_1	S	Protein FAR1-RELATED SEQUENCE 5-like			ko:K17604			FAR1,GATA,MULE,SWIM
NODE_2091_length_678_cov_0.653910_1	A	pre-mRNA-splicing factor ISY1			ko:K12870	ko03040,map03040	M00355	Isy1
NODE_2092_length_678_cov_0.537438_1	L	G-quadruplex DNA unwinding			ko:K15255			Helitron_like_N,Herpes_Helicase,PIF1
NODE_2093_length_677_cov_0.499168_1	S	Reverse transcriptase (RNA-dependent DNA polymerase)						RVT_1
NODE_2093_length_677_cov_0.499168_2	T	peptidyl-dipeptidase inhibitor activity	GPC5	GO:0000003,GO:0000323,GO:0000902,GO:0000904,GO:0001523,GO:0001654,GO:0002009,GO:0002165,GO:0003002,GO:0003006,GO:0003674,GO:0005488,GO:0005515,GO:0005575,GO:0005576,GO:0005622,GO:0005623,GO:0005737,GO:0005764,GO:0005773,GO:0005775,GO:0005794,GO:0005796,GO:0005886,GO:0005887,GO:0006022,GO:0006023,GO:0006024,GO:0006026,GO:0006027,GO:0006355,GO:0006357,GO:0006629,GO:0006720,GO:0006721,GO:0006807,GO:0006928,GO:0006935,GO:0007154,GO:0007165,GO:0007166,GO:0007167,GO:0007178,GO:0007275,GO:0007276,GO:0007281,GO:0007292,GO:0007350,GO:0007365,GO:0007367,GO:0007389,GO:0007399,GO:0007409,GO:0007411,GO:0007423,GO:0007444,GO:0007447,GO:0007450,GO:0007472,GO:0007476,GO:0007478,GO:0007480,GO:0007552,GO:0007560,GO:0007591,GO:0007593,GO:0008045,GO:0008052,GO:0008101,GO:0008150,GO:0008152,GO:0008356,GO:0008407,GO:0008586,GO:0009056,GO:0009057,GO:0009058,GO:0009059,GO:0009605,GO:0009653,GO:0009790,GO:0009791,GO:0009880,GO:0009886,GO:0009887,GO:0009888,GO:0009889,GO:0009953,GO:0009966,GO:0009967,GO:0009968,GO:0009986,GO:0009987,GO:0010160,GO:0010468,GO:0010556,GO:0010646,GO:0010647,GO:0010648,GO:0012505,GO:0016020,GO:0016021,GO:0016043,GO:0016101,GO:0016358,GO:0017145,GO:0019219,GO:0019222,GO:0019827,GO:0019953,GO:0021700,GO:0022008,GO:0022404,GO:0022412,GO:0022414,GO:0022416,GO:0023051,GO:0023052,GO:0023056,GO:0023057,GO:0030030,GO:0030111,GO:0030154,GO:0030177,GO:0030182,GO:0030203,GO:0030510,GO:0030513,GO:0030718,GO:0031175,GO:0031224,GO:0031226,GO:0031323,GO:0031326,GO:0031974,GO:0032501,GO:0032502,GO:0032504,GO:0032989,GO:0032990,GO:0035107,GO:0035114,GO:0035120,GO:0035218,GO:0035220,GO:0035222,GO:0035239,GO:0035282,GO:0035295,GO:0040008,GO:0040011,GO:0040014,GO:0042078,GO:0042221,GO:0042303,GO:0042330,GO:0042335,GO:0043170,GO:0043202,GO:0043226,GO:0043227,GO:0043229,GO:0043231,GO:0043233,GO:0043473,GO:0044237,GO:0044238,GO:0044255,GO:0044422,GO:0044424,GO:0044425,GO:0044431,GO:0044437,GO:0044444,GO:0044446,GO:0044459,GO:0044464,GO:0044703,GO:0045570,GO:0046620,GO:0048066,GO:0048067,GO:0048085,GO:0048132,GO:0048190,GO:0048468,GO:0048477,GO:0048513,GO:0048518,GO:0048519,GO:0048522,GO:0048523,GO:0048563,GO:0048569,GO:0048583,GO:0048584,GO:0048585,GO:0048609,GO:0048638,GO:0048645,GO:0048646,GO:0048666,GO:0048667,GO:0048699,GO:0048707,GO:0048729,GO:0048731,GO:0048736,GO:0048737,GO:0048749,GO:0048812,GO:0048813,GO:0048856,GO:0048858,GO:0048859,GO:0048869,GO:0050789,GO:0050793,GO:0050794,GO:0050896,GO:0051171,GO:0051239,GO:0051252,GO:0051301,GO:0051704,GO:0051716,GO:0051726,GO:0060255,GO:0060429,GO:0060562,GO:0060828,GO:0061564,GO:0065007,GO:0070013,GO:0071704,GO:0071840,GO:0071944,GO:0080090,GO:0090092,GO:0090100,GO:0090263,GO:0090287,GO:0097485,GO:0098722,GO:0098727,GO:0098728,GO:0120036,GO:0120039,GO:1901135,GO:1901136,GO:1901137,GO:1901564,GO:1901565,GO:1901566,GO:1901575,GO:1901576,GO:1903506,GO:2000026,GO:2000112,GO:2001141,GO:2001260,GO:2001261	ko:K02306,ko:K08109,ko:K08111	ko04310,ko04391,ko05205,map04310,map04391,map05205		Glypican
NODE_2094_length_676_cov_0.319468_1	G	beta-galactosidase	BGAL8	GO:0003674,GO:0003824,GO:0004553,GO:0004565,GO:0005575,GO:0005618,GO:0005622,GO:0005623,GO:0005737,GO:0005773,GO:0015925,GO:0016787,GO:0016798,GO:0030312,GO:0043226,GO:0043227,GO:0043229,GO:0043231,GO:0044424,GO:0044444,GO:0044464,GO:0071944				Gal_Lectin,Glyco_hydro_35
NODE_2105_length_676_cov_0.858097_1	E	Uncharacterized protein K02A2.6-like						RVT_1,RVT_3,Retrotrans_gag,rve
NODE_2122_length_674_cov_0.552764_1	L	G-quadruplex DNA unwinding						Helitron_like_N
NODE_2126_length_673_cov_0.855705_2	S	Domain of unknown function (DUF4283)						DUF4283
NODE_2127_length_673_cov_0.713087_1	Q	ABC transporter C family member		GO:0000325,GO:0003674,GO:0003824,GO:0005215,GO:0005575,GO:0005622,GO:0005623,GO:0005737,GO:0005773,GO:0006810,GO:0008150,GO:0015399,GO:0015405,GO:0016462,GO:0016787,GO:0016817,GO:0016818,GO:0016887,GO:0017111,GO:0022804,GO:0022857,GO:0042623,GO:0042626,GO:0043226,GO:0043227,GO:0043229,GO:0043231,GO:0043492,GO:0044424,GO:0044444,GO:0044464,GO:0051179,GO:0051234,GO:0055085	ko:K05674	ko02010,map02010		ABC_membrane,ABC_tran
NODE_2128_length_673_cov_0.689597_1	L	ribonuclease H protein						RVT_1
NODE_2133_length_672_cov_0.870588_1	E	Ribonuclease H protein			ko:K03549			RVT_1,RVT_3,zf-RVT
NODE_2137_length_671_cov_0.722222_1	S	Zinc finger MYM-type protein						DUF4371,Dimer_Tnp_hAT
NODE_2138_length_671_cov_0.703704_1	S	zinc-binding in reverse transcriptase						zf-RVT
NODE_2139_length_671_cov_0.626263_1	E	Ribonuclease H protein			ko:K01051,ko:K01074	ko00040,ko00062,ko01100,ko01212,ko04142,map00040,map00062,map01100,map01212,map04142	M00081	DUF4283,RVT_1,zf-RVT
NODE_2140_length_671_cov_0.569024_1	L	ribonuclease H protein						RVT_1,RVT_3,zf-RVT
NODE_2143_length_668_cov_0.706577_1	L	transposition, RNA-mediated						RVT_1,RVT_3,Retrotrans_gag,rve
NODE_2149_length_670_cov_0.450253_1	S	MuDR family transposase						DBD_Tnp_Mut,MULE,SWIM
NODE_2150_length_669_cov_0.839527_1	A	polyadenylate-binding protein		GO:0003674,GO:0003676,GO:0003723,GO:0003727,GO:0003729,GO:0005488,GO:0005575,GO:0005622,GO:0005623,GO:0005634,GO:0005737,GO:0006950,GO:0008143,GO:0008150,GO:0009266,GO:0009408,GO:0009628,GO:0009987,GO:0010494,GO:0032991,GO:0033554,GO:0034605,GO:0035770,GO:0036464,GO:0043226,GO:0043227,GO:0043228,GO:0043229,GO:0043231,GO:0043232,GO:0044424,GO:0044444,GO:0044464,GO:0050896,GO:0051716,GO:0070717,GO:0097159,GO:1901363,GO:1990904				RRM_1
NODE_2176_length_666_cov_0.517827_1	E	L-threonine ammonia-lyase activity		GO:0000943,GO:0003674,GO:0003676,GO:0003723,GO:0003824,GO:0003887,GO:0003964,GO:0004518,GO:0004540,GO:0005488,GO:0005575,GO:0005622,GO:0005623,GO:0005634,GO:0006139,GO:0006259,GO:0006278,GO:0006508,GO:0006725,GO:0006807,GO:0008150,GO:0008152,GO:0008233,GO:0009058,GO:0009059,GO:0009987,GO:0016070,GO:0016740,GO:0016772,GO:0016779,GO:0016787,GO:0016788,GO:0018130,GO:0019438,GO:0019538,GO:0032196,GO:0032197,GO:0034061,GO:0034641,GO:0034645,GO:0034654,GO:0043170,GO:0043226,GO:0043227,GO:0043229,GO:0043231,GO:0044237,GO:0044238,GO:0044249,GO:0044260,GO:0044271,GO:0044422,GO:0044424,GO:0044428,GO:0044446,GO:0044464,GO:0046483,GO:0071704,GO:0071897,GO:0090304,GO:0090305,GO:0090501,GO:0097159,GO:0140096,GO:0140097,GO:0140098,GO:1901360,GO:1901362,GO:1901363,GO:1901564,GO:1901576	ko:K12179			Chromo,RVP_2,RVT_1,Retrotrans_gag,rve
NODE_2177_length_666_cov_0.499151_1	L	zinc finger						Retrotrans_gag,gag-asp_proteas,zf-CCHC
NODE_2178_length_665_cov_0.773810_1	S	Protein of unknown function (DUF 659)						DUF659,Dimer_Tnp_hAT,zf-BED
NODE_2181_length_665_cov_0.680272_1	S	ribonuclease H protein						DUF4283,RVT_1,RVT_3,zf-RVT
NODE_2184_length_665_cov_0.435374_1	T	ATPase activity, coupled to transmembrane movement of substances			ko:K01051	ko00040,ko01100,map00040,map01100	M00081	DUF4283,Exo_endo_phos,RVT_1,zf-RVT
NODE_2186_length_664_cov_1.110733_1	L	DNA RNA polymerases superfamily protein						RVP_2,Retrotrans_gag,zf-CCHC
NODE_2196_length_663_cov_0.651877_1	L	Retrovirus-related Pol polyprotein from transposon TNT 1-94						Retrotran_gag_2,gag_pre-integrs
NODE_2198_length_663_cov_0.540956_2	D	Belongs to the helicase family						Helitron_like_N,Herpes_Helicase,PIF1
NODE_2203_length_662_cov_0.723077_1	T	ATPase activity, coupled to transmembrane movement of substances			ko:K01051	ko00040,ko01100,map00040,map01100	M00081	DUF4283,Exo_endo_phos,RVT_1,zf-RVT
NODE_2204_length_662_cov_0.717949_1	S	Plant mobile domain						DUF1985,PMD
NODE_2226_length_657_cov_0.883162_1	S	source UniProtKB						DUF659,Dimer_Tnp_hAT
NODE_2228_length_659_cov_0.584192_1	S	Ribonuclease H protein						RVT_1
NODE_2235_length_657_cov_0.806897_1	S	Protein FAR1-RELATED SEQUENCE						DBD_Tnp_Mut,MULE,SWIM
NODE_2238_length_657_cov_0.622414_1	S	Protein FAR1-RELATED SEQUENCE 5-like						FAR1,MULE,SWIM
NODE_2247_length_655_cov_0.719723_1	Q	Belongs to the iron ascorbate-dependent oxidoreductase family		GO:0003674,GO:0003824,GO:0006082,GO:0006629,GO:0006720,GO:0006721,GO:0008150,GO:0008152,GO:0008300,GO:0009056,GO:0009314,GO:0009416,GO:0009628,GO:0009639,GO:0009685,GO:0009987,GO:0010817,GO:0016042,GO:0016054,GO:0016101,GO:0016103,GO:0016115,GO:0016491,GO:0016705,GO:0016706,GO:0019752,GO:0042445,GO:0042447,GO:0043436,GO:0044237,GO:0044238,GO:0044242,GO:0044248,GO:0044255,GO:0044281,GO:0044282,GO:0045487,GO:0045543,GO:0046395,GO:0050896,GO:0051213,GO:0052634,GO:0055114,GO:0065007,GO:0065008,GO:0071704,GO:1901575	ko:K04125	ko00904,ko01110,map00904,map01110		2OG-FeII_Oxy,DIOX_N
NODE_2250_length_655_cov_0.576125_1	S	zinc-binding in reverse transcriptase						zf-RVT
NODE_2253_length_654_cov_0.530329_1	L	nuclease activity						
NODE_2254_length_653_cov_1.805556_1	D	Belongs to the helicase family						Helitron_like_N,Herpes_Helicase,PIF1
NODE_2260_length_653_cov_0.774306_1	S	MuDR family transposase						DBD_Tnp_Mut,MULE,SWIM
NODE_2261_length_653_cov_0.715278_1	L	gag-polypeptide of LTR copia-type						Retrotran_gag_2,zf-CCHC
NODE_2272_length_651_cov_0.872822_1	O	cytochrome c	ccmFN					Cytochrom_C_asm
NODE_2281_length_649_cov_8.690559_1	L	transposition, RNA-mediated						Asp_protease_2,Retrotrans_gag
NODE_2285_length_648_cov_0.740806_1	S	RNase H family protein						DUF4283,RVT_1,RVT_3,zf-RVT
NODE_2286_length_648_cov_0.572680_1	L	ribonuclease H protein						DUF4283,RVT_1,RVT_3,zf-CCHC_4,zf-RVT
NODE_2290_length_647_cov_1.405263_1	T	Belongs to the protein kinase superfamily		GO:0000003,GO:0000082,GO:0000278,GO:0000307,GO:0000902,GO:0003006,GO:0003674,GO:0003824,GO:0004672,GO:0004674,GO:0004693,GO:0005488,GO:0005515,GO:0005575,GO:0005622,GO:0005623,GO:0005634,GO:0005737,GO:0006139,GO:0006259,GO:0006260,GO:0006261,GO:0006275,GO:0006464,GO:0006468,GO:0006725,GO:0006793,GO:0006796,GO:0006807,GO:0007049,GO:0007154,GO:0007165,GO:0007275,GO:0007346,GO:0008150,GO:0008152,GO:0008284,GO:0009058,GO:0009059,GO:0009653,GO:0009790,GO:0009791,GO:0009793,GO:0009826,GO:0009888,GO:0009889,GO:0009987,GO:0010016,GO:0010033,GO:0010103,GO:0010154,GO:0010374,GO:0010376,GO:0010389,GO:0010440,GO:0010444,GO:0010468,GO:0010556,GO:0010564,GO:0016043,GO:0016049,GO:0016301,GO:0016310,GO:0016740,GO:0016772,GO:0016773,GO:0019219,GO:0019222,GO:0019538,GO:0022402,GO:0022414,GO:0023052,GO:0030154,GO:0030332,GO:0031323,GO:0031326,GO:0032501,GO:0032502,GO:0032875,GO:0032989,GO:0032991,GO:0034641,GO:0034645,GO:0036211,GO:0040007,GO:0042023,GO:0042127,GO:0042221,GO:0043170,GO:0043226,GO:0043227,GO:0043229,GO:0043231,GO:0043412,GO:0044237,GO:0044238,GO:0044249,GO:0044260,GO:0044267,GO:0044424,GO:0044464,GO:0044770,GO:0044772,GO:0044786,GO:0044843,GO:0046483,GO:0048316,GO:0048366,GO:0048367,GO:0048518,GO:0048522,GO:0048589,GO:0048608,GO:0048646,GO:0048731,GO:0048825,GO:0048827,GO:0048856,GO:0048869,GO:0050789,GO:0050793,GO:0050794,GO:0050896,GO:0051052,GO:0051171,GO:0051239,GO:0051716,GO:0051726,GO:0060255,GO:0060560,GO:0061458,GO:0061695,GO:0065007,GO:0071704,GO:0071840,GO:0080090,GO:0090304,GO:0090329,GO:0090558,GO:0090626,GO:0090627,GO:0090698,GO:0097472,GO:0099402,GO:0140096,GO:1901360,GO:1901564,GO:1901576,GO:1901987,GO:1901990,GO:1902494,GO:1902554,GO:1902749,GO:1902806,GO:1902911,GO:1903047,GO:1990234,GO:2000026,GO:2000037,GO:2000112	ko:K07760		M00693	Pkinase
NODE_2293_length_647_cov_0.824561_1	Q	Belongs to the cytochrome P450 family			ko:K20556			p450
NODE_2301_length_645_cov_0.876761_1	S	Alpha/beta hydrolase family		GO:0003674,GO:0003824,GO:0016787				Abhydrolase_6
NODE_2302_length_645_cov_0.797535_1	O	Chaperone protein DNAj		GO:0001101,GO:0008150,GO:0009719,GO:0009725,GO:0009737,GO:0010033,GO:0033993,GO:0042221,GO:0050896,GO:0097305,GO:1901700				DnaJ
NODE_2308_length_644_cov_1.063492_1	P	Plasma membrane ATPase 1		GO:0003674,GO:0003824,GO:0005215,GO:0005575,GO:0005623,GO:0005886,GO:0006810,GO:0006811,GO:0006812,GO:0006950,GO:0006970,GO:0008150,GO:0008324,GO:0008553,GO:0009628,GO:0009651,GO:0015075,GO:0015077,GO:0015078,GO:0015318,GO:0015399,GO:0015405,GO:0015662,GO:0015672,GO:0016020,GO:0016462,GO:0016787,GO:0016817,GO:0016818,GO:0016887,GO:0017111,GO:0019829,GO:0022804,GO:0022853,GO:0022857,GO:0022890,GO:0034220,GO:0036442,GO:0042623,GO:0042625,GO:0042626,GO:0043492,GO:0044464,GO:0050896,GO:0051179,GO:0051234,GO:0055085,GO:0071944,GO:0090662,GO:0098655,GO:0098660,GO:0098662,GO:0099131,GO:0099132,GO:1902600	ko:K01535	ko00190,map00190		Cation_ATPase_N,E1-E2_ATPase,Hydrolase
NODE_2326_length_642_cov_0.812389_1	D	Belongs to the helicase family						Helitron_like_N,Herpes_Helicase,PIF1
NODE_2332_length_641_cov_0.611702_2	S	plant mutator transposase zinc finger			ko:K17604			DBD_Tnp_Mut,MULE,PB1,SWIM
NODE_2333_length_641_cov_0.487589_1	L	Uncharacterized protein K02A2.6-like						RVT_1,RVT_3,rve
NODE_2336_length_640_cov_0.678508_1	S	ribonuclease H protein At1g65750-like						RVT_1,RVT_3,zf-RVT
NODE_2340_length_638_cov_0.570160_1	L	gag-polypeptide of LTR copia-type						Retrotran_gag_2,zf-CCHC
NODE_2342_length_637_cov_0.413854_1	L	Uncharacterized protein K02A2.6-like		GO:0000943,GO:0003674,GO:0003676,GO:0003723,GO:0003824,GO:0003887,GO:0003964,GO:0004518,GO:0004540,GO:0005488,GO:0005575,GO:0005622,GO:0005623,GO:0005634,GO:0006139,GO:0006259,GO:0006278,GO:0006508,GO:0006725,GO:0006807,GO:0008150,GO:0008152,GO:0008233,GO:0009058,GO:0009059,GO:0009987,GO:0016070,GO:0016740,GO:0016772,GO:0016779,GO:0016787,GO:0016788,GO:0018130,GO:0019438,GO:0019538,GO:0032196,GO:0032197,GO:0034061,GO:0034641,GO:0034645,GO:0034654,GO:0043170,GO:0043226,GO:0043227,GO:0043229,GO:0043231,GO:0044237,GO:0044238,GO:0044249,GO:0044260,GO:0044271,GO:0044422,GO:0044424,GO:0044428,GO:0044446,GO:0044464,GO:0046483,GO:0071704,GO:0071897,GO:0090304,GO:0090305,GO:0090501,GO:0097159,GO:0140096,GO:0140097,GO:0140098,GO:1901360,GO:1901362,GO:1901363,GO:1901564,GO:1901576				RVT_1,RVT_3,rve
NODE_2348_length_639_cov_0.843416_1	S	source UniProtKB						DUF4216,DUF4218,Transpos_assoc,Transposase_21
NODE_2352_length_639_cov_0.704626_2	P	Zinc finger CCCH domain-containing protein		GO:0003674,GO:0003700,GO:0005575,GO:0005622,GO:0005623,GO:0005737,GO:0006355,GO:0008150,GO:0009889,GO:0010468,GO:0010556,GO:0019219,GO:0019222,GO:0031323,GO:0031326,GO:0044424,GO:0044464,GO:0050789,GO:0050794,GO:0051171,GO:0051252,GO:0060255,GO:0065007,GO:0080090,GO:0140110,GO:1903506,GO:2000112,GO:2001141				Ank,Ank_2,Ank_4,zf-CCCH
NODE_2353_length_639_cov_0.672598_1	L	ribonuclease H protein						RVT_1,RVT_3,zf-RVT
NODE_2376_length_635_cov_43.342294_1	KLT	protein kinase activity						Asp_protease_2,RVT_1,Retrotrans_gag,rve
NODE_2381_length_636_cov_0.844086_1	L	ribonuclease H protein						RVT_1,RVT_3,zf-RVT
NODE_2385_length_635_cov_0.632616_1	L	G-quadruplex DNA unwinding			ko:K15255			Helitron_like_N,Herpes_Helicase,PIF1
NODE_2387_length_634_cov_1.003591_1	S	zinc-binding in reverse transcriptase						zf-RVT
NODE_2402_length_631_cov_1.052347_1	H	2-C-methyl-D-erythritol 2,4-cyclodiphosphate synthase	ISPF	GO:0005575,GO:0005622,GO:0005623,GO:0005737,GO:0006629,GO:0006720,GO:0006721,GO:0006725,GO:0006778,GO:0006779,GO:0006807,GO:0008150,GO:0008152,GO:0008299,GO:0008610,GO:0009058,GO:0009507,GO:0009532,GO:0009536,GO:0009570,GO:0009987,GO:0015994,GO:0015995,GO:0016108,GO:0016109,GO:0016114,GO:0016116,GO:0016117,GO:0018130,GO:0019438,GO:0033013,GO:0033014,GO:0034641,GO:0042440,GO:0043226,GO:0043227,GO:0043229,GO:0043231,GO:0044237,GO:0044238,GO:0044249,GO:0044255,GO:0044271,GO:0044422,GO:0044424,GO:0044434,GO:0044435,GO:0044444,GO:0044446,GO:0044464,GO:0046148,GO:0046483,GO:0051186,GO:0051188,GO:0071704,GO:1901360,GO:1901362,GO:1901564,GO:1901566,GO:1901576	ko:K01770	ko00900,ko01100,ko01110,ko01130,map00900,map01100,map01110,map01130	M00096	YgbB
NODE_2411_length_630_cov_1.303797_1	K	DNA-directed 5'-3' RNA polymerase activity	rpom-1		ko:K00960,ko:K10908			RNA_pol,RPOL_N
NODE_2414_length_630_cov_0.808318_1	L	Retrotransposon gag protein						Retrotran_gag_2,Retrotran_gag_3,Retrotrans_gag,gag_pre-integrs
NODE_2421_length_629_cov_0.634058_1	E	Ribonuclease H protein						Exo_endo_phos,Exo_endo_phos_2,RVT_1
NODE_2424_length_628_cov_0.811252_1	E	Ribonuclease H protein						
NODE_2429_length_627_cov_1.372727_1	S	zinc-binding in reverse transcriptase						RVT_1,RVT_3,zf-RVT
NODE_2436_length_626_cov_2.010929_1	D	Belongs to the helicase family						Helitron_like_N,Herpes_Helicase,PIF1
NODE_2438_length_626_cov_1.058288_1	O	Acylamino-acid-releasing enzyme-like		GO:0003674,GO:0003824,GO:0004177,GO:0005575,GO:0005622,GO:0005623,GO:0005634,GO:0005737,GO:0005773,GO:0006508,GO:0006807,GO:0008150,GO:0008152,GO:0008233,GO:0008236,GO:0008238,GO:0009507,GO:0009536,GO:0009987,GO:0016043,GO:0016787,GO:0017171,GO:0019538,GO:0022607,GO:0043170,GO:0043226,GO:0043227,GO:0043229,GO:0043231,GO:0043933,GO:0044085,GO:0044238,GO:0044424,GO:0044444,GO:0044464,GO:0051259,GO:0051260,GO:0051262,GO:0051289,GO:0065003,GO:0070008,GO:0070009,GO:0070011,GO:0071704,GO:0071840,GO:0140096,GO:1901564	ko:K01303			PD40,Peptidase_S9
NODE_2440_length_626_cov_0.883424_1	L	ribonuclease H protein						RVT_1,RVT_3,zf-RVT
NODE_2449_length_624_cov_0.906764_1	L	Belongs to the helicase family						Helitron_like_N,PIF1
NODE_2461_length_623_cov_0.703297_1	L	Uncharacterized protein K02A2.6-like						RVT_1,RVT_3,rve
NODE_2463_length_623_cov_0.582418_1	S	Ribonuclease H protein						DUF4283,zf-CCHC_4
NODE_2468_length_622_cov_0.445872_1	L	Uncharacterized protein K02A2.6-like		GO:0000943,GO:0003674,GO:0003676,GO:0003723,GO:0003824,GO:0003887,GO:0003964,GO:0004518,GO:0004540,GO:0005488,GO:0005575,GO:0005622,GO:0005623,GO:0005634,GO:0006139,GO:0006259,GO:0006278,GO:0006508,GO:0006725,GO:0006807,GO:0008150,GO:0008152,GO:0008233,GO:0009058,GO:0009059,GO:0009987,GO:0016070,GO:0016740,GO:0016772,GO:0016779,GO:0016787,GO:0016788,GO:0018130,GO:0019438,GO:0019538,GO:0032196,GO:0032197,GO:0034061,GO:0034641,GO:0034645,GO:0034654,GO:0043170,GO:0043226,GO:0043227,GO:0043229,GO:0043231,GO:0044237,GO:0044238,GO:0044249,GO:0044260,GO:0044271,GO:0044422,GO:0044424,GO:0044428,GO:0044446,GO:0044464,GO:0046483,GO:0071704,GO:0071897,GO:0090304,GO:0090305,GO:0090501,GO:0097159,GO:0140096,GO:0140097,GO:0140098,GO:1901360,GO:1901362,GO:1901363,GO:1901564,GO:1901576				RVT_1,RVT_3,rve
NODE_2470_length_621_cov_1.198529_1	S	source UniProtKB						Peptidase_C48,Transposase_24
NODE_2480_length_614_cov_0.628676_1	D	Belongs to the helicase family						Helitron_like_N,Herpes_Helicase,PIF1
NODE_2482_length_621_cov_0.481618_1	D	Belongs to the helicase family						Helitron_like_N,Herpes_Helicase,PIF1
NODE_2493_length_619_cov_0.673432_1	S	Reverse transcriptase (RNA-dependent DNA polymerase)						DUF4283,RVT_1,RVT_3,zf-RVT
NODE_2518_length_616_cov_0.894249_1	O	DNA RNA polymerases superfamily protein						RVT_1,Retrotrans_gag,zf-CCHC
NODE_2527_length_616_cov_0.547310_1	T	Disease resistance protein		GO:0005575,GO:0005623,GO:0005886,GO:0006950,GO:0006952,GO:0007154,GO:0007165,GO:0008150,GO:0009987,GO:0016020,GO:0023052,GO:0044464,GO:0050789,GO:0050794,GO:0050896,GO:0051716,GO:0065007,GO:0071944				LRR_8,NB-ARC
NODE_2529_length_615_cov_0.882900_1	L	transposition, RNA-mediated						Asp_protease_2
NODE_2531_length_614_cov_0.743017_1	L	Mitochondrial protein						RVT_2,Retrotran_gag_2,Retrotran_gag_3,Retrotrans_gag,gag_pre-integrs,rve,zf-CCHC
NODE_2536_length_613_cov_0.843284_1	I	3-ketoacyl-coa synthase		GO:0005575,GO:0005622,GO:0005623,GO:0005737,GO:0005783,GO:0006950,GO:0008150,GO:0009266,GO:0009314,GO:0009409,GO:0009416,GO:0009628,GO:0012505,GO:0016020,GO:0043226,GO:0043227,GO:0043229,GO:0043231,GO:0044424,GO:0044444,GO:0044464,GO:0050896,GO:0080167	ko:K15397	ko00062,ko01110,map00062,map01110	M00415	ACP_syn_III_C,FAE1_CUT1_RppA
NODE_2548_length_612_cov_0.570093_1	S	zinc-binding in reverse transcriptase						zf-RVT
NODE_2553_length_611_cov_0.666667_1	C	snf1-related protein kinase regulatory subunit						CBS
NODE_2559_length_610_cov_0.750469_1	S	Orf147a protein						zf-RVT
NODE_2563_length_610_cov_0.587242_1	L	Retrotransposon gag protein						Retrotrans_gag
NODE_2567_length_609_cov_2.077068_1	E	Ribonuclease H protein			ko:K01408,ko:K10798	ko03410,ko04210,ko04212,ko04214,ko04217,ko05010,map03410,map04210,map04212,map04214,map04217,map05010	M00296	Exo_endo_phos_2,RVT_1,RVT_3,zf-RVT
NODE_2568_length_609_cov_1.259398_1	S	Protein FAR1-RELATED SEQUENCE						COMM_domain,FAR1,MULE,SWIM
NODE_2576_length_608_cov_1.082863_1	S	PB1 domain			ko:K17604			DBD_Tnp_Mut,MULE,PB1,SWIM
NODE_2578_length_608_cov_0.949153_1	O	Belongs to the peptidase S10 family		GO:0003674,GO:0003824,GO:0004180,GO:0004185,GO:0005575,GO:0005622,GO:0005623,GO:0005737,GO:0005773,GO:0005829,GO:0006508,GO:0006807,GO:0008150,GO:0008152,GO:0008233,GO:0008236,GO:0008238,GO:0009056,GO:0009057,GO:0009987,GO:0016787,GO:0017171,GO:0019538,GO:0030163,GO:0043170,GO:0043226,GO:0043227,GO:0043229,GO:0043231,GO:0044237,GO:0044238,GO:0044248,GO:0044257,GO:0044260,GO:0044265,GO:0044267,GO:0044424,GO:0044444,GO:0044464,GO:0051603,GO:0070008,GO:0070011,GO:0071704,GO:0140096,GO:1901564,GO:1901565,GO:1901575	ko:K16298			Peptidase_S10
NODE_2583_length_608_cov_0.679849_1	L	8-hydroxy-dADP phosphatase activity						Retrotrans_gag
NODE_2591_length_607_cov_0.792453_1	KLT	protein serine/threonine kinase activity		GO:0003674,GO:0003824,GO:0004672,GO:0004674,GO:0004675,GO:0004888,GO:0005575,GO:0005623,GO:0005886,GO:0006464,GO:0006468,GO:0006793,GO:0006796,GO:0006807,GO:0007154,GO:0007165,GO:0007166,GO:0007167,GO:0007178,GO:0008150,GO:0008152,GO:0009987,GO:0016020,GO:0016301,GO:0016310,GO:0016740,GO:0016772,GO:0016773,GO:0019199,GO:0019538,GO:0023052,GO:0036211,GO:0038023,GO:0043170,GO:0043412,GO:0044237,GO:0044238,GO:0044260,GO:0044267,GO:0044464,GO:0050789,GO:0050794,GO:0050896,GO:0051716,GO:0060089,GO:0065007,GO:0071704,GO:0071944,GO:0140096,GO:1901564	ko:K04733	ko04010,ko04064,ko04620,ko04621,ko04624,ko04722,ko05133,ko05140,ko05142,ko05145,ko05152,ko05162,ko05164,map04010,map04064,map04620,map04621,map04624,map04722,map05133,map05140,map05142,map05145,map05152,map05162,map05164	M00686	Pkinase,Pkinase_Tyr
NODE_2595_length_607_cov_0.637736_1	S	Reverse transcriptase-like						RVT_3,zf-RVT
NODE_2600_length_606_cov_0.835539_1	L	transposition, RNA-mediated						RVT_1,RVT_3,Retrotrans_gag,rve
NODE_2612_length_600_cov_0.537879_1	S	Reverse transcriptase-like						RVT_3,zf-RVT
NODE_2616_length_604_cov_1.222011_1	L	Retrotransposon gag protein						Retrotrans_gag
NODE_2617_length_604_cov_0.992410_1	D	Belongs to the helicase family			ko:K15255			Helitron_like_N,PIF1
NODE_2621_length_604_cov_0.527514_1	L	Uncharacterized protein K02A2.6-like		GO:0000943,GO:0003674,GO:0003676,GO:0003723,GO:0003824,GO:0003887,GO:0003964,GO:0004518,GO:0004540,GO:0005488,GO:0005575,GO:0005622,GO:0005623,GO:0005634,GO:0006139,GO:0006259,GO:0006278,GO:0006508,GO:0006725,GO:0006807,GO:0008150,GO:0008152,GO:0008233,GO:0009058,GO:0009059,GO:0009987,GO:0016070,GO:0016740,GO:0016772,GO:0016779,GO:0016787,GO:0016788,GO:0018130,GO:0019438,GO:0019538,GO:0032196,GO:0032197,GO:0034061,GO:0034641,GO:0034645,GO:0034654,GO:0043170,GO:0043226,GO:0043227,GO:0043229,GO:0043231,GO:0044237,GO:0044238,GO:0044249,GO:0044260,GO:0044271,GO:0044422,GO:0044424,GO:0044428,GO:0044446,GO:0044464,GO:0046483,GO:0071704,GO:0071897,GO:0090304,GO:0090305,GO:0090501,GO:0097159,GO:0140096,GO:0140097,GO:0140098,GO:1901360,GO:1901362,GO:1901363,GO:1901564,GO:1901576				RVT_1,RVT_3,rve
NODE_2627_length_602_cov_0.630476_1	K	ANAC050 no apical meristem (NAM) family protein						NAM
NODE_2628_length_602_cov_0.617143_2	S	ribonuclease H protein						DUF4283,RVT_1,RVT_3,zf-RVT
NODE_2633_length_601_cov_0.912214_1	C	Proton-conducting membrane transporter	nad4	GO:0005575,GO:0005622,GO:0005623,GO:0005737,GO:0005739,GO:0005740,GO:0005743,GO:0016020,GO:0019866,GO:0031090,GO:0031966,GO:0031967,GO:0031975,GO:0043226,GO:0043227,GO:0043229,GO:0043231,GO:0044422,GO:0044424,GO:0044429,GO:0044444,GO:0044446,GO:0044464	ko:K03881	ko00190,ko01100,ko04714,ko04723,ko05012,map00190,map01100,map04714,map04723,map05012	M00142	Proton_antipo_M
NODE_2635_length_601_cov_0.618321_2	L	ribonuclease H protein						RVT_1,RVT_3,zf-RVT
NODE_2639_length_600_cov_0.810707_1	L	Uncharacterized protein K02A2.6-like		GO:0000943,GO:0003674,GO:0003676,GO:0003723,GO:0003824,GO:0003887,GO:0003964,GO:0004518,GO:0004540,GO:0005488,GO:0005575,GO:0005622,GO:0005623,GO:0005634,GO:0006139,GO:0006259,GO:0006278,GO:0006508,GO:0006725,GO:0006807,GO:0008150,GO:0008152,GO:0008233,GO:0009058,GO:0009059,GO:0009987,GO:0016070,GO:0016740,GO:0016772,GO:0016779,GO:0016787,GO:0016788,GO:0018130,GO:0019438,GO:0019538,GO:0032196,GO:0032197,GO:0034061,GO:0034641,GO:0034645,GO:0034654,GO:0043170,GO:0043226,GO:0043227,GO:0043229,GO:0043231,GO:0044237,GO:0044238,GO:0044249,GO:0044260,GO:0044271,GO:0044422,GO:0044424,GO:0044428,GO:0044446,GO:0044464,GO:0046483,GO:0071704,GO:0071897,GO:0090304,GO:0090305,GO:0090501,GO:0097159,GO:0140096,GO:0140097,GO:0140098,GO:1901360,GO:1901362,GO:1901363,GO:1901564,GO:1901576				RVT_1,RVT_3,rve
NODE_2645_length_600_cov_0.606119_1	U	Beach domain-containing protein		GO:0005575,GO:0005623,GO:0005911,GO:0009506,GO:0012505,GO:0030054,GO:0044464,GO:0055044				Beach,DUF4704,PH_BEACH,WD40
NODE_2650_length_599_cov_21.697318_1	L	transposition, RNA-mediated						Asp_protease_2,RVT_1,Retrotrans_gag,rve
NODE_2654_length_599_cov_0.844828_2	D	Belongs to the helicase family						Helitron_like_N,Herpes_Helicase,PIF1
NODE_2655_length_599_cov_0.775862_1								DBD_Tnp_Mut,MULE,SWIM
NODE_2658_length_598_cov_14.255278_1	J	transposition, RNA-mediated						Asp_protease_2,Retrotrans_gag
NODE_2666_length_597_cov_16.575000_1	A	ATP-dependent RNA helicase	DHX35	GO:0000375,GO:0000377,GO:0000398,GO:0003674,GO:0003676,GO:0003723,GO:0003724,GO:0003824,GO:0004004,GO:0004386,GO:0005488,GO:0005575,GO:0005622,GO:0005623,GO:0005634,GO:0005681,GO:0005737,GO:0005829,GO:0005911,GO:0006139,GO:0006396,GO:0006397,GO:0006725,GO:0006807,GO:0008026,GO:0008150,GO:0008152,GO:0008186,GO:0008380,GO:0009506,GO:0009987,GO:0010467,GO:0016070,GO:0016071,GO:0016462,GO:0016787,GO:0016817,GO:0016818,GO:0016887,GO:0017111,GO:0030054,GO:0032991,GO:0034641,GO:0042623,GO:0043170,GO:0043226,GO:0043227,GO:0043229,GO:0043231,GO:0044237,GO:0044238,GO:0044422,GO:0044424,GO:0044428,GO:0044444,GO:0044446,GO:0044464,GO:0046483,GO:0055044,GO:0070035,GO:0071704,GO:0090304,GO:0097159,GO:0140098,GO:1901360,GO:1901363,GO:1990904	ko:K13117		M00355	AAA_22,HA2,Helicase_C,OB_NTP_bind
NODE_2671_length_596_cov_0.784615_1	S	Domain of unknown function (DUF4216)						DUF4216,DUF4218
NODE_2672_length_597_cov_0.761538_1	E	Ribonuclease H protein						RVT_1
NODE_2677_length_596_cov_1.057803_1	D	Structural maintenance of chromosomes protein		GO:0000793,GO:0000819,GO:0003674,GO:0005215,GO:0005575,GO:0005622,GO:0005623,GO:0005694,GO:0005737,GO:0006996,GO:0007049,GO:0007059,GO:0007062,GO:0008150,GO:0008278,GO:0009507,GO:0009536,GO:0009987,GO:0016043,GO:0022402,GO:0032991,GO:0043226,GO:0043227,GO:0043228,GO:0043229,GO:0043231,GO:0043232,GO:0044422,GO:0044424,GO:0044427,GO:0044444,GO:0044446,GO:0044464,GO:0051276,GO:0071840,GO:0098813	ko:K06636	ko04110,ko04111,ko04113,ko04114,map04110,map04111,map04113,map04114		SMC_N,SMC_hinge
NODE_2678_length_596_cov_1.052023_1	E	Belongs to the D-isomer specific 2-hydroxyacid dehydrogenase family	PGDH	GO:0005575,GO:0005622,GO:0005623,GO:0005634,GO:0005737,GO:0005829,GO:0009507,GO:0009532,GO:0009536,GO:0009570,GO:0043226,GO:0043227,GO:0043229,GO:0043231,GO:0044422,GO:0044424,GO:0044434,GO:0044435,GO:0044444,GO:0044446,GO:0044464	ko:K00058	ko00260,ko00680,ko01100,ko01120,ko01130,ko01200,ko01230,map00260,map00680,map01100,map01120,map01130,map01200,map01230	M00020	2-Hacid_dh,2-Hacid_dh_C,ACT
NODE_2680_length_596_cov_0.842004_1	L	NB-ARC domain						NB-ARC,RVT_2,TIR
NODE_2690_length_595_cov_1.204633_1	S	transposon protein						DUF4216,DUF4218,Transpos_assoc,Transposase_21
NODE_2694_length_595_cov_0.619691_1	L	ribonuclease H protein						DUF4283,RVT_1,RVT_3,zf-CCHC_4,zf-RVT
NODE_2698_length_595_cov_0.432432_1	E	Ribonuclease H protein						Exo_endo_phos,Exo_endo_phos_2,RVT_1
NODE_2701_length_594_cov_1.141199_1	Q	cytochrome P450		GO:0005575,GO:0005622,GO:0005623,GO:0005737,GO:0005783,GO:0005789,GO:0008150,GO:0008152,GO:0009058,GO:0009719,GO:0009725,GO:0009733,GO:0010033,GO:0012505,GO:0016020,GO:0019748,GO:0031090,GO:0031984,GO:0042175,GO:0042221,GO:0043226,GO:0043227,GO:0043229,GO:0043231,GO:0044422,GO:0044424,GO:0044425,GO:0044432,GO:0044444,GO:0044446,GO:0044464,GO:0044550,GO:0050896,GO:0098827	ko:K20562			p450
NODE_2703_length_594_cov_0.854932_1	O	Belongs to the small heat shock protein (HSP20) family		GO:0006950,GO:0006970,GO:0008150,GO:0009266,GO:0009408,GO:0009628,GO:0010035,GO:0010038,GO:0042221,GO:0046686,GO:0050896	ko:K13993	ko04141,map04141		HSP20
NODE_2715_length_593_cov_0.862403_1	S	Domain of unknown function (DUF4216)						DUF4216,DUF4218
NODE_2717_length_593_cov_0.738372_1	L	ribonuclease H protein						RVT_1,RVT_3,zf-RVT
NODE_2726_length_592_cov_0.636893_1	S	Reverse transcriptase (RNA-dependent DNA polymerase)						DUF4283,RVT_1,RVT_3,zf-RVT
NODE_2731_length_591_cov_0.883268_1	L	Retrotransposon gag protein						Retrotrans_gag
NODE_2732_length_591_cov_0.778210_1	S	Reverse transcriptase (RNA-dependent DNA polymerase)						DUF4283,RVT_1,RVT_3,zf-RVT
NODE_2733_length_591_cov_0.766537_1	L	Retrotransposon gag protein						Retrotrans_gag
NODE_2734_length_591_cov_0.752918_1	L	ribonuclease H protein						RVT_1,RVT_3,zf-RVT
NODE_2743_length_590_cov_0.732943_1	L	ribonuclease H protein						RVT_1,RVT_3,zf-CCHC_4,zf-RVT
NODE_2748_length_590_cov_0.578947_1	E	Uncharacterized protein K02A2.6-like						RVT_1,RVT_3,Retrotrans_gag,rve
NODE_2749_length_590_cov_0.571150_1	S	transposon protein						DUF4216,DUF4218,Transpos_assoc,Transposase_21
NODE_2753_length_588_cov_0.759766_1	D	Belongs to the helicase family			ko:K15255			Helitron_like_N,PIF1
NODE_2761_length_588_cov_0.947162_1	S	GRF zinc finger containing protein						zf-GRF
NODE_2768_length_588_cov_0.385519_1	E	Ribonuclease H protein						RVT_3,zf-CCCH
NODE_2772_length_587_cov_0.788235_1	S	pre-mRNA-processing factor		GO:0005575,GO:0005622,GO:0005623,GO:0005634,GO:0005681,GO:0005684,GO:0032991,GO:0043226,GO:0043227,GO:0043229,GO:0043231,GO:0044422,GO:0044424,GO:0044428,GO:0044446,GO:0044464,GO:0071007,GO:0071013,GO:1902494,GO:1990904	ko:K12816	ko03040,map03040	M00355	WD40
NODE_2786_length_585_cov_1.090551_1	S	MuDR family transposase						DBD_Tnp_Mut,MULE,SWIM
NODE_2787_length_585_cov_1.005906_1	I	3-hydroxyisobutyryl-CoA hydrolase activity		GO:0000943,GO:0003674,GO:0003676,GO:0003723,GO:0003824,GO:0003887,GO:0003964,GO:0004518,GO:0004540,GO:0005488,GO:0005575,GO:0005622,GO:0005623,GO:0005634,GO:0006139,GO:0006259,GO:0006278,GO:0006508,GO:0006725,GO:0006807,GO:0008150,GO:0008152,GO:0008233,GO:0009058,GO:0009059,GO:0009987,GO:0016070,GO:0016740,GO:0016772,GO:0016779,GO:0016787,GO:0016788,GO:0018130,GO:0019438,GO:0019538,GO:0032196,GO:0032197,GO:0034061,GO:0034641,GO:0034645,GO:0034654,GO:0043170,GO:0043226,GO:0043227,GO:0043229,GO:0043231,GO:0044237,GO:0044238,GO:0044249,GO:0044260,GO:0044271,GO:0044422,GO:0044424,GO:0044428,GO:0044446,GO:0044464,GO:0046483,GO:0071704,GO:0071897,GO:0090304,GO:0090305,GO:0090501,GO:0097159,GO:0140096,GO:0140097,GO:0140098,GO:1901360,GO:1901362,GO:1901363,GO:1901564,GO:1901576				Chromo,RVP_2,RVT_1,Retrotrans_gag,rve
NODE_2788_length_585_cov_0.818898_1	S	Zinc knuckle family protein						MP,RVP,zf-CCHC
NODE_2793_length_585_cov_0.535433_1	T	Disease resistance protein		GO:0005575,GO:0005623,GO:0005886,GO:0006950,GO:0006952,GO:0007154,GO:0007165,GO:0008150,GO:0009987,GO:0016020,GO:0023052,GO:0044464,GO:0050789,GO:0050794,GO:0050896,GO:0051716,GO:0065007,GO:0071944				LRR_8,NB-ARC
NODE_2796_length_585_cov_0.368110_1	L	transposition, RNA-mediated						RVT_2,Retrotrans_gag
NODE_2802_length_584_cov_0.735700_1	S	U11 U12 small nuclear ribonucleoprotein 48 kDa			ko:K13156			zf-U11-48K
NODE_2803_length_584_cov_0.725838_1	S	ribonuclease H protein			ko:K08504	ko04130,map04130		DUF4283,Exo_endo_phos,RVT_1,zf-RVT
NODE_2811_length_583_cov_0.901186_1	S	Leucine Rich Repeat						LRRNT_2,LRR_1,LRR_4,LRR_6,LRR_8
NODE_2812_length_583_cov_0.798419_1	L	ribonuclease H protein						RVT_1,RVT_3,zf-RVT
NODE_2814_length_583_cov_0.788538_1	S	Reverse transcriptase-like						RVT_3,zf-RVT
NODE_2815_length_583_cov_0.719368_1	S	Transposase family tnp2	THOC7	GO:0000346,GO:0000347,GO:0000445,GO:0000781,GO:0005575,GO:0005622,GO:0005623,GO:0005634,GO:0005654,GO:0005694,GO:0005737,GO:0005829,GO:0006139,GO:0006396,GO:0006397,GO:0006403,GO:0006405,GO:0006406,GO:0006611,GO:0006725,GO:0006807,GO:0006810,GO:0006886,GO:0006913,GO:0006950,GO:0008104,GO:0008150,GO:0008152,GO:0008283,GO:0009266,GO:0009408,GO:0009628,GO:0009987,GO:0010467,GO:0015031,GO:0015833,GO:0015931,GO:0016070,GO:0016071,GO:0016604,GO:0016607,GO:0031123,GO:0031124,GO:0031503,GO:0031974,GO:0031981,GO:0031990,GO:0032991,GO:0033036,GO:0033554,GO:0034605,GO:0034613,GO:0034641,GO:0042886,GO:0043170,GO:0043226,GO:0043227,GO:0043228,GO:0043229,GO:0043231,GO:0043232,GO:0043233,GO:0044237,GO:0044238,GO:0044403,GO:0044417,GO:0044419,GO:0044422,GO:0044424,GO:0044427,GO:0044428,GO:0044444,GO:0044446,GO:0044451,GO:0044464,GO:0044766,GO:0045184,GO:0046483,GO:0046784,GO:0046907,GO:0050657,GO:0050658,GO:0050896,GO:0051028,GO:0051168,GO:0051169,GO:0051179,GO:0051234,GO:0051236,GO:0051641,GO:0051649,GO:0051701,GO:0051704,GO:0051716,GO:0051836,GO:0070013,GO:0070727,GO:0071166,GO:0071426,GO:0071427,GO:0071702,GO:0071704,GO:0071705,GO:0090304,GO:0098687,GO:1901360,GO:1902579	ko:K13176	ko03013,map03013	M00405,M00406	THOC7
NODE_2820_length_582_cov_0.863366_1	K	wuschel-related homeobox						Homeobox
NODE_2822_length_582_cov_0.756436_1								DBD_Tnp_Mut,MULE,SWIM
NODE_2826_length_582_cov_0.635644_1	L	ribonuclease H protein						RVT_1,RVT_3,zf-RVT
NODE_2833_length_581_cov_1.408730_1	C	cytochrome c oxidase subunit 3	cox3		ko:K02262	ko00190,ko01100,ko04260,ko04714,ko04932,ko05010,ko05012,ko05016,map00190,map01100,map04260,map04714,map04932,map05010,map05012,map05016	M00154	COX3
NODE_2847_length_580_cov_0.524851_1	L	ribonuclease H protein						RVT_1,RVT_3,zf-CCHC_4,zf-RVT
NODE_2856_length_574_cov_0.694611_1	A	pentatricopeptide repeat-containing protein At5g04810		GO:0003674,GO:0003676,GO:0003723,GO:0003824,GO:0004518,GO:0004519,GO:0005488,GO:0005575,GO:0005622,GO:0005623,GO:0005737,GO:0006139,GO:0006725,GO:0006807,GO:0008150,GO:0008152,GO:0009451,GO:0009507,GO:0009536,GO:0009987,GO:0016070,GO:0016787,GO:0016788,GO:0034641,GO:0043170,GO:0043226,GO:0043227,GO:0043229,GO:0043231,GO:0043412,GO:0044237,GO:0044238,GO:0044424,GO:0044444,GO:0044464,GO:0046483,GO:0071704,GO:0090304,GO:0090305,GO:0097159,GO:1901360,GO:1901363				PPR,PPR_1,PPR_2,PPR_3,RRM_1
NODE_2860_length_578_cov_0.556886_1	L	strictosidine synthase activity						Asp_protease_2,RVT_1,Retrotrans_gag,rve
NODE_2872_length_576_cov_1.212425_1	L	Uncharacterized protein K02A2.6-like		GO:0000943,GO:0003674,GO:0003676,GO:0003723,GO:0003824,GO:0003887,GO:0003964,GO:0004518,GO:0004540,GO:0005488,GO:0005575,GO:0005622,GO:0005623,GO:0005634,GO:0006139,GO:0006259,GO:0006278,GO:0006508,GO:0006725,GO:0006807,GO:0008150,GO:0008152,GO:0008233,GO:0009058,GO:0009059,GO:0009987,GO:0016070,GO:0016740,GO:0016772,GO:0016779,GO:0016787,GO:0016788,GO:0018130,GO:0019438,GO:0019538,GO:0032196,GO:0032197,GO:0034061,GO:0034641,GO:0034645,GO:0034654,GO:0043170,GO:0043226,GO:0043227,GO:0043229,GO:0043231,GO:0044237,GO:0044238,GO:0044249,GO:0044260,GO:0044271,GO:0044422,GO:0044424,GO:0044428,GO:0044446,GO:0044464,GO:0046483,GO:0071704,GO:0071897,GO:0090304,GO:0090305,GO:0090501,GO:0097159,GO:0140096,GO:0140097,GO:0140098,GO:1901360,GO:1901362,GO:1901363,GO:1901564,GO:1901576				RVT_1,RVT_3,rve
NODE_2873_length_576_cov_1.054108_1	E	Uncharacterized protein K02A2.6-like						RVT_1,RVT_3,rve
NODE_2879_length_576_cov_0.709419_1	L	Uncharacterized protein K02A2.6-like		GO:0000943,GO:0003674,GO:0003676,GO:0003723,GO:0003824,GO:0003887,GO:0003964,GO:0004518,GO:0004540,GO:0005488,GO:0005575,GO:0005622,GO:0005623,GO:0005634,GO:0006139,GO:0006259,GO:0006278,GO:0006508,GO:0006725,GO:0006807,GO:0008150,GO:0008152,GO:0008233,GO:0009058,GO:0009059,GO:0009987,GO:0016070,GO:0016740,GO:0016772,GO:0016779,GO:0016787,GO:0016788,GO:0018130,GO:0019438,GO:0019538,GO:0032196,GO:0032197,GO:0034061,GO:0034641,GO:0034645,GO:0034654,GO:0043170,GO:0043226,GO:0043227,GO:0043229,GO:0043231,GO:0044237,GO:0044238,GO:0044249,GO:0044260,GO:0044271,GO:0044422,GO:0044424,GO:0044428,GO:0044446,GO:0044464,GO:0046483,GO:0071704,GO:0071897,GO:0090304,GO:0090305,GO:0090501,GO:0097159,GO:0140096,GO:0140097,GO:0140098,GO:1901360,GO:1901362,GO:1901363,GO:1901564,GO:1901576				RVT_1,RVT_3,rve
NODE_2879_length_576_cov_0.709419_2	E	Uncharacterized protein K02A2.6-like						RVT_1,RVT_3,Retrotrans_gag,rve
NODE_2884_length_557_cov_0.941767_1	S	Myb/SANT-like DNA-binding domain						Myb_DNA-bind_3
NODE_2900_length_574_cov_0.577465_1	L	transposition, RNA-mediated						RVT_1,RVT_3,Retrotrans_gag,rve
NODE_2902_length_573_cov_0.820565_1	L	DNA recombination			ko:K07466	ko03030,ko03420,ko03430,ko03440,ko03460,map03030,map03420,map03430,map03440,map03460	M00288	DUF223,Rep_fac-A_C
NODE_2904_length_573_cov_0.733871_1	L	ribonuclease H protein						RVT_1,RVT_3,zf-RVT
NODE_2909_length_572_cov_17.369697_1	L	transposition, RNA-mediated						RVT_1,Retrotrans_gag,rve
NODE_2913_length_572_cov_0.965657_1	K	Nascent polypeptide-associated complex subunit alpha-like protein			ko:K03626			NAC
NODE_2921_length_572_cov_0.416162_1	T	ATPase activity, coupled to transmembrane movement of substances			ko:K01051	ko00040,ko01100,map00040,map01100	M00081	DUF4283,Exo_endo_phos,RVT_1,zf-RVT
NODE_2933_length_570_cov_0.855984_1	G	beta-galactosidase	BGAL8	GO:0003674,GO:0003824,GO:0004553,GO:0004565,GO:0005575,GO:0005618,GO:0005622,GO:0005623,GO:0005737,GO:0005773,GO:0015925,GO:0016787,GO:0016798,GO:0030312,GO:0043226,GO:0043227,GO:0043229,GO:0043231,GO:0044424,GO:0044444,GO:0044464,GO:0071944				Gal_Lectin,Glyco_hydro_35
NODE_2935_length_570_cov_0.667343_1	G	transferase activity, transferring hexosyl groups						
NODE_2949_length_568_cov_0.837067_1	S	A Receptor for Ubiquitination Targets						F-box,FBA_3
NODE_2953_length_568_cov_0.651731_1	T	Belongs to the protein kinase superfamily. Ser Thr protein kinase family		GO:0005575,GO:0005623,GO:0005886,GO:0016020,GO:0044464,GO:0071944				LRRNT_2,LRR_1,LRR_8,Pkinase,Pkinase_Tyr
NODE_2966_length_567_cov_0.516327_1	S	Protein FAR1-RELATED SEQUENCE 5-like			ko:K17604			FAR1,MULE,SWIM
NODE_2970_length_566_cov_1.141104_1	S	source UniProtKB						Peptidase_C48,Transposase_24
NODE_2973_length_566_cov_0.828221_1	S	source UniProtKB						DUF4216,DUF4218,Transpos_assoc,Transposase_21
NODE_2975_length_566_cov_0.621677_1	E	Uncharacterized protein K02A2.6-like						G-patch,RVT_1,RVT_3,Retrotrans_gag,rve
NODE_2981_length_565_cov_0.774590_1	L	Mitochondrial protein			ko:K13459	ko04626,map04626		RVT_2,Retrotran_gag_2
NODE_2985_length_565_cov_0.526639_1	S	Domain of unknown function (DUF4283)						DUF4283,zf-CCHC_4
NODE_2996_length_564_cov_0.552361_1	S	Domain of unknown function (DUF4283)						DUF4283
NODE_2998_length_563_cov_0.761317_1	E	Ribonuclease H protein			ko:K12598	ko03018,map03018	M00393	RVT_1
NODE_3005_length_562_cov_1.063918_1	S	Domain of unknown function (DUF4283)						DUF4283
NODE_3015_length_561_cov_0.706612_1	S	Reverse transcriptase (RNA-dependent DNA polymerase)						DUF4283,RVT_1,RVT_3,zf-RVT
NODE_3022_length_561_cov_0.588843_1	L	transposition, RNA-mediated						RVT_1,RVT_3,Retrotrans_gag
NODE_3023_length_561_cov_0.559917_1	S	Endosomal targeting BRO1-like domain-containing protein						BRO1
NODE_3029_length_560_cov_0.795031_1	L	G-quadruplex DNA unwinding			ko:K15255			Helitron_like_N,Herpes_Helicase,PIF1
NODE_3032_length_560_cov_0.706004_1	E	Ribonuclease H protein						
NODE_3033_length_560_cov_0.691511_2	S	Orf147a protein						zf-RVT
NODE_3035_length_560_cov_0.635611_1	S	protein FAR1-RELATED SEQUENCE						MULE
NODE_3037_length_560_cov_0.476190_1	S	Reverse transcriptase (RNA-dependent DNA polymerase)						DUF4283,RVT_1,RVT_3,zf-RVT
NODE_3046_length_558_cov_0.569647_1	E	Uncharacterized protein K02A2.6-like						RVT_1,RVT_3,Retrotrans_gag,rve
NODE_3054_length_557_cov_0.816667_1	A	E3 ubiquitin ligase SUD1			ko:K10661	ko04141,map04141		RINGv
NODE_3059_length_557_cov_0.535417_1	L	ribonuclease H protein						RVT_1,RVT_3,zf-RVT
NODE_3072_length_556_cov_0.490605_1	S	Reverse transcriptase (RNA-dependent DNA polymerase)						DUF4283,RVT_1,RVT_3,zf-RVT
NODE_3073_length_556_cov_0.461378_1	L	transposition, RNA-mediated						Retrotrans_gag
NODE_3092_length_554_cov_0.870021_1	I	3-ketoacyl-coa synthase		GO:0006950,GO:0008150,GO:0009266,GO:0009314,GO:0009409,GO:0009416,GO:0009628,GO:0050896	ko:K15397	ko00062,ko01110,map00062,map01110	M00415	ACP_syn_III_C,FAE1_CUT1_RppA
NODE_3093_length_554_cov_0.832285_1	K	Domain of unknown function (DUF4283)						DUF4283,zf-CCHC_4
NODE_3103_length_553_cov_0.800420_1	T	lysM domain receptor-like kinase		GO:0001101,GO:0002376,GO:0003674,GO:0003824,GO:0004672,GO:0004674,GO:0004675,GO:0004888,GO:0005488,GO:0005515,GO:0005575,GO:0005623,GO:0005886,GO:0006464,GO:0006468,GO:0006793,GO:0006796,GO:0006807,GO:0006950,GO:0006952,GO:0006955,GO:0007154,GO:0007165,GO:0007166,GO:0007167,GO:0007178,GO:0008150,GO:0008152,GO:0009605,GO:0009607,GO:0009620,GO:0009719,GO:0009725,GO:0009737,GO:0009738,GO:0009755,GO:0009787,GO:0009789,GO:0009966,GO:0009967,GO:0009987,GO:0010033,GO:0010646,GO:0010647,GO:0016020,GO:0016301,GO:0016310,GO:0016740,GO:0016772,GO:0016773,GO:0019199,GO:0019538,GO:0019899,GO:0019900,GO:0019901,GO:0023051,GO:0023052,GO:0023056,GO:0031347,GO:0031348,GO:0032870,GO:0033993,GO:0036211,GO:0038023,GO:0042221,GO:0043170,GO:0043207,GO:0043412,GO:0044237,GO:0044238,GO:0044260,GO:0044267,GO:0044464,GO:0045087,GO:0048518,GO:0048519,GO:0048522,GO:0048583,GO:0048584,GO:0048585,GO:0050789,GO:0050794,GO:0050832,GO:0050896,GO:0051704,GO:0051707,GO:0051716,GO:0060089,GO:0065007,GO:0070887,GO:0071215,GO:0071229,GO:0071310,GO:0071396,GO:0071495,GO:0071704,GO:0071944,GO:0080134,GO:0097305,GO:0097306,GO:0098542,GO:0140096,GO:1901419,GO:1901421,GO:1901564,GO:1901700,GO:1901701,GO:1905957,GO:1905959				LysM,Pkinase,Pkinase_Tyr
NODE_3115_length_552_cov_0.776842_1	M	ATPase activity, coupled to transmembrane movement of substances			ko:K08504	ko04130,map04130		DUF4283,Exo_endo_phos,RVT_1,zf-RVT
NODE_3123_length_551_cov_0.786920_1	S	2-oxoglutarate (2OG) and Fe(II)-dependent oxygenase superfamily protein						
NODE_3125_length_551_cov_0.725738_1	L	gag-polypeptide of LTR copia-type						Retrotran_gag_2
NODE_3133_length_550_cov_0.769556_1	T	Inactive rhomboid protein		GO:0000139,GO:0002791,GO:0002792,GO:0005575,GO:0005622,GO:0005623,GO:0005737,GO:0005783,GO:0005789,GO:0005794,GO:0006928,GO:0008150,GO:0008283,GO:0009894,GO:0009966,GO:0009987,GO:0010646,GO:0012505,GO:0016020,GO:0016477,GO:0019222,GO:0023051,GO:0030162,GO:0031090,GO:0031323,GO:0031329,GO:0031984,GO:0032268,GO:0032879,GO:0032880,GO:0040011,GO:0042058,GO:0042175,GO:0042176,GO:0043226,GO:0043227,GO:0043229,GO:0043231,GO:0044422,GO:0044424,GO:0044425,GO:0044431,GO:0044432,GO:0044444,GO:0044446,GO:0044464,GO:0048519,GO:0048523,GO:0048583,GO:0048870,GO:0050708,GO:0050709,GO:0050789,GO:0050794,GO:0051046,GO:0051048,GO:0051049,GO:0051051,GO:0051171,GO:0051179,GO:0051223,GO:0051224,GO:0051246,GO:0051674,GO:0060255,GO:0061136,GO:0065007,GO:0070201,GO:0080090,GO:0090087,GO:0098588,GO:0098791,GO:0098827,GO:1901184,GO:1903050,GO:1903362,GO:1903530,GO:1903531,GO:1904950				Rhomboid
NODE_3165_length_548_cov_0.624204_1	L	Histidine protein methyltransferase 1 homolog						Methyltransf_16
NODE_3167_length_548_cov_0.560510_1	S	Reverse transcriptase (RNA-dependent DNA polymerase)						DUF4283,RVT_1,RVT_3,zf-RVT
NODE_3172_length_547_cov_0.891489_1	C	Belongs to the mitochondrial carrier (TC 2.A.29) family		GO:0000041,GO:0003674,GO:0005215,GO:0005575,GO:0005622,GO:0005623,GO:0005737,GO:0005739,GO:0005740,GO:0005743,GO:0006810,GO:0006811,GO:0006812,GO:0006826,GO:0006839,GO:0008150,GO:0009507,GO:0009526,GO:0009536,GO:0009941,GO:0010035,GO:0010038,GO:0010039,GO:0016020,GO:0016021,GO:0019866,GO:0022857,GO:0030001,GO:0031090,GO:0031224,GO:0031966,GO:0031967,GO:0031975,GO:0042221,GO:0043226,GO:0043227,GO:0043229,GO:0043231,GO:0044422,GO:0044424,GO:0044425,GO:0044429,GO:0044434,GO:0044435,GO:0044444,GO:0044446,GO:0044464,GO:0050896,GO:0051179,GO:0051234,GO:0055085	ko:K15111,ko:K15113			Mito_carr
NODE_3179_length_547_cov_0.408511_1	E	Uncharacterized protein K02A2.6-like		GO:0000943,GO:0003674,GO:0003676,GO:0003723,GO:0003824,GO:0003887,GO:0003964,GO:0004518,GO:0004540,GO:0005488,GO:0005575,GO:0005622,GO:0005623,GO:0005634,GO:0006139,GO:0006259,GO:0006278,GO:0006508,GO:0006725,GO:0006807,GO:0008150,GO:0008152,GO:0008233,GO:0009058,GO:0009059,GO:0009987,GO:0016070,GO:0016740,GO:0016772,GO:0016779,GO:0016787,GO:0016788,GO:0018130,GO:0019438,GO:0019538,GO:0032196,GO:0032197,GO:0034061,GO:0034641,GO:0034645,GO:0034654,GO:0043170,GO:0043226,GO:0043227,GO:0043229,GO:0043231,GO:0044237,GO:0044238,GO:0044249,GO:0044260,GO:0044271,GO:0044422,GO:0044424,GO:0044428,GO:0044446,GO:0044464,GO:0046483,GO:0071704,GO:0071897,GO:0090304,GO:0090305,GO:0090501,GO:0097159,GO:0140096,GO:0140097,GO:0140098,GO:1901360,GO:1901362,GO:1901363,GO:1901564,GO:1901576				RVT_1,RVT_3,Retrotrans_gag,rve
NODE_3187_length_546_cov_0.733475_1	S	Protein FAR1-RELATED SEQUENCE 5-like						FAR1,MULE,SWIM
NODE_3214_length_543_cov_1.253219_1	C	Cytochrome c oxidase is the component of the respiratory chain that catalyzes the reduction of oxygen to water. Subunits 1- 3 form the functional core of the enzyme complex. CO I is the catalytic subunit of the enzyme. Electrons originating in cytochrome c are transferred via the copper A center of subunit 2 and heme A of subunit 1 to the bimetallic center formed by heme A3 and copper B	cox1	GO:0005575,GO:0005622,GO:0005623,GO:0005737,GO:0005739,GO:0005740,GO:0005743,GO:0006091,GO:0006119,GO:0006123,GO:0006139,GO:0006163,GO:0006725,GO:0006753,GO:0006793,GO:0006796,GO:0006807,GO:0006810,GO:0006811,GO:0006812,GO:0008150,GO:0008152,GO:0009060,GO:0009117,GO:0009123,GO:0009126,GO:0009141,GO:0009144,GO:0009150,GO:0009161,GO:0009167,GO:0009199,GO:0009205,GO:0009259,GO:0009987,GO:0015672,GO:0015980,GO:0015988,GO:0015990,GO:0016020,GO:0016310,GO:0017144,GO:0019637,GO:0019646,GO:0019693,GO:0019866,GO:0022900,GO:0022904,GO:0031090,GO:0031966,GO:0031967,GO:0031975,GO:0034220,GO:0034641,GO:0042773,GO:0042775,GO:0043226,GO:0043227,GO:0043229,GO:0043231,GO:0044237,GO:0044238,GO:0044281,GO:0044422,GO:0044424,GO:0044429,GO:0044444,GO:0044446,GO:0044464,GO:0045333,GO:0046034,GO:0046483,GO:0051179,GO:0051234,GO:0055085,GO:0055086,GO:0055114,GO:0071704,GO:0072521,GO:0098655,GO:0098660,GO:0098662,GO:1901135,GO:1901360,GO:1901564,GO:1902600	ko:K02256	ko00190,ko01100,ko04260,ko04714,ko04932,ko05010,ko05012,ko05016,map00190,map01100,map04260,map04714,map04932,map05010,map05012,map05016	M00154	COX1
NODE_3226_length_542_cov_0.741935_1	E	Ribonuclease H protein						
NODE_3235_length_541_cov_0.795259_1	L	gag-polypeptide of LTR copia-type						Retrotran_gag_2
NODE_3244_length_540_cov_0.894168_1	P	Cation transporter/ATPase, N-terminus		GO:0003674,GO:0003824,GO:0005215,GO:0005575,GO:0005623,GO:0005886,GO:0006810,GO:0006811,GO:0006812,GO:0006950,GO:0006970,GO:0008150,GO:0008324,GO:0008553,GO:0009628,GO:0009651,GO:0015075,GO:0015077,GO:0015078,GO:0015318,GO:0015399,GO:0015405,GO:0015662,GO:0015672,GO:0016020,GO:0016462,GO:0016787,GO:0016817,GO:0016818,GO:0016887,GO:0017111,GO:0019829,GO:0022804,GO:0022853,GO:0022857,GO:0022890,GO:0034220,GO:0036442,GO:0042623,GO:0042625,GO:0042626,GO:0043492,GO:0044464,GO:0050896,GO:0051179,GO:0051234,GO:0055085,GO:0071944,GO:0090662,GO:0098655,GO:0098660,GO:0098662,GO:0099131,GO:0099132,GO:1902600	ko:K01535	ko00190,map00190		Cation_ATPase_N,E1-E2_ATPase,Hydrolase
NODE_3245_length_540_cov_0.794816_1	D	Belongs to the helicase family						Helitron_like_N,Herpes_Helicase,PIF1
NODE_3249_length_540_cov_0.650108_1	L	Aspartyl protease						
NODE_3258_length_539_cov_0.926407_1	L	DNA RNA polymerases superfamily protein						RVP_2,RVT_1,Retrotrans_gag,rve,zf-CCHC
NODE_3268_length_538_cov_1.401302_1	O	Cysteine-rich RLK (RECEPTOR-like protein kinase) 8						RVT_2,Retrotran_gag_2,gag_pre-integrs,rve
NODE_3272_length_538_cov_0.783080_1	S	Protein FAR1-RELATED SEQUENCE 5-like						FAR1,MULE,SWIM
NODE_3280_length_537_cov_1.100000_1	S	Reverse transcriptase-like						RVT_3,zf-RVT
NODE_3282_length_537_cov_0.819565_1	S	MuDR family transposase						DBD_Tnp_Mut,MULE,SWIM
NODE_3285_length_537_cov_0.691304_1	G	Belongs to the glycosyl hydrolase 17 family						Glyco_hydro_17,X8
NODE_3293_length_536_cov_0.797386_2								PHD
NODE_3316_length_534_cov_0.695842_1	K	Domain of unknown function (DUF4283)						DUF4283,zf-CCHC_4
NODE_3324_length_533_cov_0.697368_1	S	DYW family of nucleic acid deaminases						DYW_deaminase,PPR,PPR_2
NODE_3340_length_532_cov_1.131868_1	L	Zinc finger BED domain-containing protein RICESLEEPER						DUF4413,Dimer_Tnp_hAT
NODE_3352_length_533_cov_0.485714_1	E	Uncharacterized protein K02A2.6-like						RVT_1,RVT_3,Retrotrans_gag,rve
NODE_3359_length_531_cov_0.843612_1	L	ribonuclease H protein						RVT_1,RVT_3,zf-RVT
NODE_3372_length_530_cov_0.609272_1	S	jasmonate O-methyltransferase activity						Methyltransf_7
NODE_3382_length_529_cov_0.743363_1	L	ribonuclease H protein						RVT_1,RVT_3,zf-RVT
NODE_3385_length_529_cov_0.643805_1	L	Domain of unknown function (DUF4413)						DUF4413,Dimer_Tnp_hAT
NODE_3398_length_528_cov_0.778271_1	S	Protein FAR1-RELATED SEQUENCE 5-like						FAR1,MULE,SWIM
NODE_3399_length_528_cov_0.753880_1	S	Orf147a protein						zf-RVT
NODE_3405_length_528_cov_0.552106_1	U	TB2/DP1, HVA22 family						RVT_3,TB2_DP1_HVA22,zf-met
NODE_3406_length_528_cov_0.427938_1	E	Ribonuclease H protein						RVT_1,zf-RVT
NODE_3411_length_527_cov_0.842222_1	L	ribonuclease H protein At1g65750						DUF4283,RVT_1,RVT_3,zf-RVT
NODE_3422_length_527_cov_0.446667_1	E	Ribonuclease H protein			ko:K08675			RVT_3,zf-RVT
NODE_3424_length_526_cov_1.409800_2	L	dna topoisomerase						Topoisom_bac,Toprim,Toprim_C_rpt,zf-C4_Topoisom
NODE_3425_length_526_cov_1.265033_1	E	Uncharacterized protein K02A2.6-like						RVT_1,RVT_3,rve
NODE_3436_length_526_cov_0.616927_1	S	isoform X1			ko:K21842			
NODE_3438_length_525_cov_9.207589_1	L	transposition, RNA-mediated						Asp_protease_2
NODE_3442_length_525_cov_0.803571_1	E	protein dimerization activity		GO:0000003,GO:0003006,GO:0003674,GO:0003676,GO:0003723,GO:0003729,GO:0003730,GO:0003824,GO:0004300,GO:0005488,GO:0005507,GO:0005515,GO:0005575,GO:0005622,GO:0005623,GO:0005634,GO:0005654,GO:0005737,GO:0005739,GO:0006082,GO:0006629,GO:0006631,GO:0006635,GO:0006996,GO:0007005,GO:0007275,GO:0008150,GO:0008152,GO:0008535,GO:0009056,GO:0009062,GO:0009790,GO:0009791,GO:0009793,GO:0009987,GO:0010154,GO:0016042,GO:0016043,GO:0016054,GO:0016829,GO:0016835,GO:0016836,GO:0017004,GO:0019395,GO:0019752,GO:0019899,GO:0022414,GO:0022607,GO:0030258,GO:0031974,GO:0031981,GO:0032501,GO:0032502,GO:0032787,GO:0033108,GO:0033617,GO:0034440,GO:0034622,GO:0043167,GO:0043169,GO:0043226,GO:0043227,GO:0043229,GO:0043231,GO:0043233,GO:0043436,GO:0043933,GO:0044085,GO:0044237,GO:0044238,GO:0044242,GO:0044248,GO:0044255,GO:0044281,GO:0044282,GO:0044422,GO:0044424,GO:0044428,GO:0044444,GO:0044446,GO:0044464,GO:0046395,GO:0046872,GO:0046914,GO:0048316,GO:0048608,GO:0048731,GO:0048856,GO:0055114,GO:0061458,GO:0065003,GO:0070013,GO:0071704,GO:0071840,GO:0072329,GO:0097159,GO:1901363,GO:1901575				DUF4413,Dimer_Tnp_hAT,zf-BED
NODE_3443_length_525_cov_0.763393_2	L	G-quadruplex DNA unwinding						
NODE_3452_length_524_cov_1.277405_1	D	Belongs to the helicase family						Helitron_like_N,Herpes_Helicase,PIF1
NODE_3460_length_524_cov_0.619687_1	L	ribonuclease H protein						RVT_1,RVT_3,zf-RVT
NODE_3473_length_523_cov_0.686099_1	S	Ribonuclease H protein						RVT_1
NODE_3476_length_523_cov_0.632287_1	J	transposition, RNA-mediated						Asp_protease_2,Retrotrans_gag
NODE_3480_length_522_cov_1.923596_1	S	Zinc knuckle family protein						MP,RVP,zf-CCHC
NODE_3485_length_522_cov_0.849438_1	D	Belongs to the cyclin family		GO:0000003,GO:0003006,GO:0007275,GO:0008150,GO:0009791,GO:0009888,GO:0009987,GO:0010154,GO:0010374,GO:0010440,GO:0010444,GO:0022414,GO:0030154,GO:0032501,GO:0032502,GO:0048316,GO:0048608,GO:0048731,GO:0048856,GO:0048869,GO:0061458,GO:0090558,GO:0090627	ko:K14505	ko04075,map04075	M00692	Cyclin_C,Cyclin_N
NODE_3491_length_522_cov_0.516854_1	J	This protein promotes the GTP-dependent binding of aminoacyl-tRNA to the A-site of ribosomes during protein biosynthesis			ko:K03231	ko03013,ko05134,map03013,map05134		GTP_EFTU,GTP_EFTU_D2,GTP_EFTU_D3
NODE_3493_length_521_cov_1.427928_1	L	Zinc finger BED domain-containing protein RICESLEEPER						DUF4413,Dimer_Tnp_hAT,zf-BED
NODE_3500_length_521_cov_0.718468_1	L	Retrotransposon gag protein						Retrotrans_gag
NODE_3501_length_521_cov_0.718468_1	L	Retrotransposon gag protein						Retrotrans_gag
NODE_3511_length_520_cov_0.925508_1	E	Uncharacterized protein K02A2.6-like						RVT_1,RVT_3,Retrotrans_gag,rve
NODE_3521_length_520_cov_0.433409_1	S	Reverse transcriptase (RNA-dependent DNA polymerase)						Exo_endo_phos,Exo_endo_phos_2,RVT_1
NODE_3521_length_520_cov_0.433409_2	T	peptidyl-dipeptidase inhibitor activity	GPC5	GO:0000003,GO:0000323,GO:0000902,GO:0000904,GO:0001523,GO:0001654,GO:0002009,GO:0002165,GO:0003002,GO:0003006,GO:0003674,GO:0005488,GO:0005515,GO:0005575,GO:0005576,GO:0005622,GO:0005623,GO:0005737,GO:0005764,GO:0005773,GO:0005775,GO:0005794,GO:0005796,GO:0005886,GO:0005887,GO:0006022,GO:0006023,GO:0006024,GO:0006026,GO:0006027,GO:0006355,GO:0006357,GO:0006629,GO:0006720,GO:0006721,GO:0006807,GO:0006928,GO:0006935,GO:0007154,GO:0007165,GO:0007166,GO:0007167,GO:0007178,GO:0007275,GO:0007276,GO:0007281,GO:0007292,GO:0007350,GO:0007365,GO:0007367,GO:0007389,GO:0007399,GO:0007409,GO:0007411,GO:0007423,GO:0007444,GO:0007447,GO:0007450,GO:0007472,GO:0007476,GO:0007478,GO:0007480,GO:0007552,GO:0007560,GO:0007591,GO:0007593,GO:0008045,GO:0008052,GO:0008101,GO:0008150,GO:0008152,GO:0008356,GO:0008407,GO:0008586,GO:0009056,GO:0009057,GO:0009058,GO:0009059,GO:0009605,GO:0009653,GO:0009790,GO:0009791,GO:0009880,GO:0009886,GO:0009887,GO:0009888,GO:0009889,GO:0009953,GO:0009966,GO:0009967,GO:0009968,GO:0009986,GO:0009987,GO:0010160,GO:0010468,GO:0010556,GO:0010646,GO:0010647,GO:0010648,GO:0012505,GO:0016020,GO:0016021,GO:0016043,GO:0016101,GO:0016358,GO:0017145,GO:0019219,GO:0019222,GO:0019827,GO:0019953,GO:0021700,GO:0022008,GO:0022404,GO:0022412,GO:0022414,GO:0022416,GO:0023051,GO:0023052,GO:0023056,GO:0023057,GO:0030030,GO:0030111,GO:0030154,GO:0030177,GO:0030182,GO:0030203,GO:0030510,GO:0030513,GO:0030718,GO:0031175,GO:0031224,GO:0031226,GO:0031323,GO:0031326,GO:0031974,GO:0032501,GO:0032502,GO:0032504,GO:0032989,GO:0032990,GO:0035107,GO:0035114,GO:0035120,GO:0035218,GO:0035220,GO:0035222,GO:0035239,GO:0035282,GO:0035295,GO:0040008,GO:0040011,GO:0040014,GO:0042078,GO:0042221,GO:0042303,GO:0042330,GO:0042335,GO:0043170,GO:0043202,GO:0043226,GO:0043227,GO:0043229,GO:0043231,GO:0043233,GO:0043473,GO:0044237,GO:0044238,GO:0044255,GO:0044422,GO:0044424,GO:0044425,GO:0044431,GO:0044437,GO:0044444,GO:0044446,GO:0044459,GO:0044464,GO:0044703,GO:0045570,GO:0046620,GO:0048066,GO:0048067,GO:0048085,GO:0048132,GO:0048190,GO:0048468,GO:0048477,GO:0048513,GO:0048518,GO:0048519,GO:0048522,GO:0048523,GO:0048563,GO:0048569,GO:0048583,GO:0048584,GO:0048585,GO:0048609,GO:0048638,GO:0048645,GO:0048646,GO:0048666,GO:0048667,GO:0048699,GO:0048707,GO:0048729,GO:0048731,GO:0048736,GO:0048737,GO:0048749,GO:0048812,GO:0048813,GO:0048856,GO:0048858,GO:0048859,GO:0048869,GO:0050789,GO:0050793,GO:0050794,GO:0050896,GO:0051171,GO:0051239,GO:0051252,GO:0051301,GO:0051704,GO:0051716,GO:0051726,GO:0060255,GO:0060429,GO:0060562,GO:0060828,GO:0061564,GO:0065007,GO:0070013,GO:0071704,GO:0071840,GO:0071944,GO:0080090,GO:0090092,GO:0090100,GO:0090263,GO:0090287,GO:0097485,GO:0098722,GO:0098727,GO:0098728,GO:0120036,GO:0120039,GO:1901135,GO:1901136,GO:1901137,GO:1901564,GO:1901565,GO:1901566,GO:1901575,GO:1901576,GO:1903506,GO:2000026,GO:2000112,GO:2001141,GO:2001260,GO:2001261	ko:K02306,ko:K08109,ko:K08111	ko04310,ko04391,ko05205,map04310,map04391,map05205		Glypican
NODE_3527_length_519_cov_0.710407_1	S	Ribonuclease H protein						
NODE_3532_length_519_cov_0.565611_1	S	BEST Arabidopsis thaliana protein match is			ko:K18195			Exo_endo_phos,RVT_1,zf-RVT
NODE_3533_length_519_cov_0.463801_1	L	transposition, RNA-mediated						Retrotrans_gag
NODE_3547_length_518_cov_0.714286_1	K	Dof zinc finger protein						zf-Dof
NODE_3550_length_518_cov_0.582766_1	S	BEST Arabidopsis thaliana protein match is			ko:K18195			Exo_endo_phos,RVT_1,zf-RVT
NODE_3563_length_517_cov_0.629545_1	L	ribonuclease H protein						RVT_1,RVT_3,zf-RVT
NODE_3570_length_516_cov_1.175399_1	G	beta-galactosidase	BGAL8	GO:0003674,GO:0003824,GO:0004553,GO:0004565,GO:0005575,GO:0005618,GO:0005622,GO:0005623,GO:0005737,GO:0005773,GO:0015925,GO:0016787,GO:0016798,GO:0030312,GO:0043226,GO:0043227,GO:0043229,GO:0043231,GO:0044424,GO:0044444,GO:0044464,GO:0071944				Gal_Lectin,Glyco_hydro_35
NODE_3575_length_516_cov_0.715262_1	K	Zinc-finger homeodomain protein		GO:0000003,GO:0003006,GO:0003674,GO:0003676,GO:0003677,GO:0005488,GO:0005515,GO:0005575,GO:0005622,GO:0005623,GO:0005634,GO:0006082,GO:0006790,GO:0006807,GO:0007275,GO:0008150,GO:0008152,GO:0009314,GO:0009416,GO:0009628,GO:0009648,GO:0009791,GO:0009987,GO:0010228,GO:0016143,GO:0019748,GO:0019757,GO:0019760,GO:0022414,GO:0032501,GO:0032502,GO:0042802,GO:0042803,GO:0043226,GO:0043227,GO:0043229,GO:0043231,GO:0043436,GO:0043565,GO:0044237,GO:0044281,GO:0044424,GO:0044464,GO:0046983,GO:0048571,GO:0048573,GO:0048574,GO:0048608,GO:0048731,GO:0048856,GO:0050896,GO:0061458,GO:0071704,GO:0097159,GO:1901135,GO:1901363,GO:1901564,GO:1901657				ZF-HD_dimer
NODE_3578_length_516_cov_0.605923_1	L	transposition, RNA-mediated						Retrotran_gag_2,rve
NODE_3595_length_514_cov_0.661327_1	L	strictosidine synthase activity						Asp_protease_2,RVT_1,Retrotrans_gag,rve
NODE_3596_length_514_cov_0.649886_1	L	Reverse transcriptase (RNA-dependent DNA polymerase)						RVT_2
NODE_3612_length_507_cov_0.566514_1	L	DDE superfamily endonuclease						DDE_Tnp_4
NODE_3615_length_512_cov_1.675862_1	S	BEST Arabidopsis thaliana protein match is Mitovirus RNA-dependent RNA polymerase (TAIR						Mitovir_RNA_pol
NODE_3616_length_512_cov_0.947126_1	S	zinc-binding in reverse transcriptase						zf-RVT
NODE_3646_length_510_cov_0.750577_1	D	Belongs to the helicase family			ko:K07466,ko:K15255	ko03030,ko03420,ko03430,ko03440,ko03460,map03030,map03420,map03430,map03440,map03460	M00288	Helitron_like_N,Herpes_Helicase,PIF1
NODE_3655_length_510_cov_0.577367_1	L	ribonuclease H protein						RVT_1,RVT_3,zf-RVT
NODE_3660_length_509_cov_1.324074_1	L	ribonuclease H protein						RVT_1,RVT_3,zf-RVT
NODE_3661_length_509_cov_1.182870_1	S	Ribonuclease H protein						DUF4283,RVT_1,zf-CCHC_4,zf-RVT
NODE_3662_length_509_cov_0.990741_1	V	Belongs to the multi antimicrobial extrusion (MATE) (TC 2.A.66.1) family		GO:0003674,GO:0005215,GO:0006810,GO:0006855,GO:0008150,GO:0015238,GO:0015893,GO:0022857,GO:0042221,GO:0042493,GO:0050896,GO:0051179,GO:0051234,GO:0055085	ko:K03327			MatE
NODE_3668_length_509_cov_0.629630_1	S	f-box protein		GO:0003674,GO:0003824,GO:0004842,GO:0006464,GO:0006508,GO:0006511,GO:0006807,GO:0008150,GO:0008152,GO:0009056,GO:0009057,GO:0009987,GO:0010498,GO:0016567,GO:0016740,GO:0019538,GO:0019787,GO:0019941,GO:0030163,GO:0031146,GO:0032446,GO:0036211,GO:0043161,GO:0043170,GO:0043412,GO:0043632,GO:0044237,GO:0044238,GO:0044248,GO:0044257,GO:0044260,GO:0044265,GO:0044267,GO:0051603,GO:0070647,GO:0071704,GO:0140096,GO:1901564,GO:1901565,GO:1901575				F-box,FBA_3
NODE_3669_length_509_cov_0.611111_1	J	gag-polypeptide of LTR copia-type						Retrotran_gag_2,Retrotran_gag_3
NODE_3675_length_508_cov_0.844548_1	E	Uncharacterized protein K02A2.6-like		GO:0000943,GO:0003674,GO:0003676,GO:0003723,GO:0003824,GO:0003887,GO:0003964,GO:0004518,GO:0004540,GO:0005488,GO:0005575,GO:0005622,GO:0005623,GO:0005634,GO:0006139,GO:0006259,GO:0006278,GO:0006508,GO:0006725,GO:0006807,GO:0008150,GO:0008152,GO:0008233,GO:0009058,GO:0009059,GO:0009987,GO:0016070,GO:0016740,GO:0016772,GO:0016779,GO:0016787,GO:0016788,GO:0018130,GO:0019438,GO:0019538,GO:0032196,GO:0032197,GO:0034061,GO:0034641,GO:0034645,GO:0034654,GO:0043170,GO:0043226,GO:0043227,GO:0043229,GO:0043231,GO:0044237,GO:0044238,GO:0044249,GO:0044260,GO:0044271,GO:0044422,GO:0044424,GO:0044428,GO:0044446,GO:0044464,GO:0046483,GO:0071704,GO:0071897,GO:0090304,GO:0090305,GO:0090501,GO:0097159,GO:0140096,GO:0140097,GO:0140098,GO:1901360,GO:1901362,GO:1901363,GO:1901564,GO:1901576				RVT_1,RVT_3,Retrotrans_gag,rve
NODE_3684_length_508_cov_0.580046_1	U	TB2/DP1, HVA22 family						RVT_3,TB2_DP1_HVA22,zf-met
NODE_3685_length_508_cov_0.545244_1	S	F-Box protein		GO:0003674,GO:0003824,GO:0004842,GO:0006464,GO:0006508,GO:0006511,GO:0006807,GO:0008150,GO:0008152,GO:0009056,GO:0009057,GO:0009987,GO:0010498,GO:0016567,GO:0016740,GO:0019538,GO:0019787,GO:0019941,GO:0030163,GO:0031146,GO:0032446,GO:0036211,GO:0043161,GO:0043170,GO:0043412,GO:0043632,GO:0044237,GO:0044238,GO:0044248,GO:0044257,GO:0044260,GO:0044265,GO:0044267,GO:0051603,GO:0070647,GO:0071704,GO:0140096,GO:1901564,GO:1901565,GO:1901575				F-box,F-box-like,FBA_3
NODE_3691_length_507_cov_0.879070_1	KLT	protein serine/threonine kinase activity		GO:0003674,GO:0003824,GO:0004672,GO:0004674,GO:0004675,GO:0004888,GO:0005575,GO:0005623,GO:0005886,GO:0006464,GO:0006468,GO:0006793,GO:0006796,GO:0006807,GO:0007154,GO:0007165,GO:0007166,GO:0007167,GO:0007178,GO:0008150,GO:0008152,GO:0009987,GO:0016020,GO:0016301,GO:0016310,GO:0016740,GO:0016772,GO:0016773,GO:0019199,GO:0019538,GO:0023052,GO:0036211,GO:0038023,GO:0043170,GO:0043412,GO:0044237,GO:0044238,GO:0044260,GO:0044267,GO:0044464,GO:0050789,GO:0050794,GO:0050896,GO:0051716,GO:0060089,GO:0065007,GO:0071704,GO:0071944,GO:0140096,GO:1901564	ko:K04733	ko04010,ko04064,ko04620,ko04621,ko04624,ko04722,ko05133,ko05140,ko05142,ko05145,ko05152,ko05162,ko05164,map04010,map04064,map04620,map04621,map04624,map04722,map05133,map05140,map05142,map05145,map05152,map05162,map05164	M00686	Pkinase,Pkinase_Tyr
NODE_3698_length_507_cov_0.560465_1	L	transposition, RNA-mediated						Retrotrans_gag
NODE_3699_length_507_cov_0.495349_1	L	ribonuclease H protein At1g65750						DUF4283,RVT_1,RVT_3,zf-RVT
NODE_3701_length_506_cov_23.743590_1	G	transposition, RNA-mediated						RVT_2,gag_pre-integrs,rve
NODE_3703_length_506_cov_1.354312_1	S	Transposase family tnp2						Transposase_21
NODE_3706_length_506_cov_0.871795_1	K	transcriptional		GO:0000003,GO:0001666,GO:0003006,GO:0003674,GO:0003676,GO:0003677,GO:0005488,GO:0005515,GO:0006950,GO:0006974,GO:0006979,GO:0007275,GO:0008150,GO:0009605,GO:0009607,GO:0009617,GO:0009620,GO:0009624,GO:0009628,GO:0009636,GO:0009719,GO:0009725,GO:0009733,GO:0009790,GO:0009791,GO:0009793,GO:0009908,GO:0009909,GO:0009987,GO:0010033,GO:0010035,GO:0010038,GO:0010044,GO:0010154,GO:0010243,GO:0010272,GO:0014070,GO:0022414,GO:0032501,GO:0032502,GO:0033554,GO:0035670,GO:0036293,GO:0042221,GO:0042493,GO:0043207,GO:0046677,GO:0046898,GO:0046982,GO:0046983,GO:0047484,GO:0048316,GO:0048367,GO:0048437,GO:0048438,GO:0048440,GO:0048467,GO:0048481,GO:0048519,GO:0048580,GO:0048583,GO:0048585,GO:0048608,GO:0048731,GO:0048827,GO:0048831,GO:0048856,GO:0050789,GO:0050793,GO:0050896,GO:0051239,GO:0051704,GO:0051707,GO:0051716,GO:0060090,GO:0060992,GO:0061458,GO:0065007,GO:0070482,GO:0071216,GO:0071217,GO:0071496,GO:0080134,GO:0090567,GO:0097159,GO:0097305,GO:0099402,GO:1901000,GO:1901001,GO:1901363,GO:1901654,GO:1901698,GO:1901700,GO:2000026,GO:2000241				LIM_bind
NODE_3717_length_505_cov_1.156542_1	S	Leucine-rich repeat receptor-like protein kinase						LRRNT_2,LRR_1,LRR_6,LRR_8
NODE_3718_length_505_cov_1.042056_1	S	Plant mobile domain			ko:K16287			PMD
NODE_3727_length_505_cov_0.661215_1	L	ribonuclease H protein						RVT_1,RVT_3,zf-RVT
NODE_3740_length_504_cov_0.814988_1	K	Domain of unknown function (DUF4283)						DUF4283,zf-CCHC_4
NODE_3756_length_503_cov_1.042254_1	S	DNA-binding transcription factor activity, RNA polymerase II-specific	ZMYM5	GO:0000981,GO:0003674,GO:0003676,GO:0003677,GO:0003700,GO:0005488,GO:0005575,GO:0005622,GO:0005623,GO:0005634,GO:0005654,GO:0005737,GO:0006355,GO:0006357,GO:0006996,GO:0007010,GO:0007275,GO:0008150,GO:0009889,GO:0009987,GO:0010468,GO:0010556,GO:0016043,GO:0019219,GO:0019222,GO:0022603,GO:0022604,GO:0031323,GO:0031326,GO:0031974,GO:0031981,GO:0032501,GO:0032502,GO:0043226,GO:0043227,GO:0043229,GO:0043231,GO:0043233,GO:0044422,GO:0044424,GO:0044428,GO:0044446,GO:0044464,GO:0048856,GO:0050789,GO:0050793,GO:0050794,GO:0051128,GO:0051171,GO:0051252,GO:0060255,GO:0065007,GO:0070013,GO:0071840,GO:0080090,GO:0097159,GO:0140110,GO:1901363,GO:1903506,GO:2000112,GO:2001141				zf-FCS
NODE_3764_length_503_cov_0.622066_1	K	Domain of unknown function (DUF4283)						DUF4283,zf-CCHC_4
NODE_3768_length_502_cov_1.030588_1	S	Protein kinase superfamily protein						
NODE_3770_length_502_cov_0.887059_1	K	Domain of unknown function (DUF4283)						DUF4283,zf-CCHC_4
NODE_3777_length_502_cov_0.640000_1	S	zinc-binding in reverse transcriptase						zf-RVT
NODE_3783_length_502_cov_0.527059_1	E	Ribonuclease H protein			ko:K12598	ko03018,map03018	M00393	RVT_1
NODE_3788_length_501_cov_0.889151_1	E	Bifunctional aspartate aminotransferase and glutamate aspartate-prephenate		GO:0000003,GO:0003006,GO:0003674,GO:0003824,GO:0004069,GO:0005575,GO:0005622,GO:0005623,GO:0005737,GO:0006082,GO:0006520,GO:0006725,GO:0006807,GO:0007275,GO:0008150,GO:0008152,GO:0008483,GO:0008652,GO:0009058,GO:0009072,GO:0009073,GO:0009095,GO:0009507,GO:0009532,GO:0009536,GO:0009570,GO:0009790,GO:0009791,GO:0009793,GO:0009987,GO:0010154,GO:0016053,GO:0016740,GO:0016769,GO:0019438,GO:0019752,GO:0022414,GO:0032501,GO:0032502,GO:0033853,GO:0033854,GO:0043226,GO:0043227,GO:0043229,GO:0043231,GO:0043436,GO:0044237,GO:0044238,GO:0044249,GO:0044281,GO:0044283,GO:0044422,GO:0044424,GO:0044434,GO:0044435,GO:0044444,GO:0044446,GO:0044464,GO:0046394,GO:0048316,GO:0048608,GO:0048731,GO:0048856,GO:0061458,GO:0071704,GO:1901360,GO:1901362,GO:1901564,GO:1901566,GO:1901576	ko:K15849	ko00350,ko00360,ko00400,ko00950,ko00960,ko01100,ko01110,ko01130,ko01230,map00350,map00360,map00400,map00950,map00960,map01100,map01110,map01130,map01230	M00040	Aminotran_1_2
NODE_3792_length_501_cov_0.825472_1	T	Belongs to the disease resistance NB-LRR family			ko:K15078,ko:K19613	ko03460,ko04014,map03460,map04014		LRR_8,NB-ARC
NODE_3795_length_501_cov_0.615566_1	L	ribonuclease H protein						RVT_1,RVT_3,zf-RVT
NODE_3801_length_500_cov_1.059102_1	S	Myb/SANT-like DNA-binding domain						Myb_DNA-bind_3
NODE_3804_length_500_cov_0.855792_1	K	Domain of unknown function (DUF4283)						DUF4283,zf-CCHC_4
NODE_3808_length_500_cov_0.808511_1	L	transposition, RNA-mediated						RVT_1,RVT_3,Retrotrans_gag,rve
NODE_3814_length_500_cov_0.652482_1	H	transposition, RNA-mediated						RVP_2,RVT_1,Retrotrans_gag,rve
NODE_3816_length_500_cov_0.595745_1	L	ribonuclease H protein						RVT_1,RVT_3,zf-CCHC_4,zf-RVT
NODE_3818_length_500_cov_0.567376_1	S	Reverse transcriptase-like						RVT_3,zf-RVT
NODE_3821_length_499_cov_0.966825_1	L	gag-polypeptide of LTR copia-type						Retrotran_gag_2,Retrotran_gag_3,zf-CCHC_6
NODE_3837_length_498_cov_0.736342_2	S	Ribonuclease H protein						RVT_1
NODE_3844_length_498_cov_0.665083_1								Myb_DNA-bind_3
NODE_3849_length_497_cov_1.628571_1	L	transposition, RNA-mediated			ko:K18667			
NODE_3854_length_497_cov_0.888095_1	H	transposition, RNA-mediated		GO:0000943,GO:0003674,GO:0003676,GO:0003723,GO:0003824,GO:0003887,GO:0003964,GO:0004518,GO:0004540,GO:0005488,GO:0005575,GO:0005622,GO:0005623,GO:0005634,GO:0006139,GO:0006259,GO:0006278,GO:0006508,GO:0006725,GO:0006807,GO:0008150,GO:0008152,GO:0008233,GO:0009058,GO:0009059,GO:0009987,GO:0016070,GO:0016740,GO:0016772,GO:0016779,GO:0016787,GO:0016788,GO:0018130,GO:0019438,GO:0019538,GO:0032196,GO:0032197,GO:0034061,GO:0034641,GO:0034645,GO:0034654,GO:0043170,GO:0043226,GO:0043227,GO:0043229,GO:0043231,GO:0044237,GO:0044238,GO:0044249,GO:0044260,GO:0044271,GO:0044422,GO:0044424,GO:0044428,GO:0044446,GO:0044464,GO:0046483,GO:0071704,GO:0071897,GO:0090304,GO:0090305,GO:0090501,GO:0097159,GO:0140096,GO:0140097,GO:0140098,GO:1901360,GO:1901362,GO:1901363,GO:1901564,GO:1901576				RVP_2,RVT_1,Retrotrans_gag,rve,zf-CCHC
NODE_3855_length_497_cov_0.869048_2	U	Belongs to the TRAFAC class dynamin-like GTPase superfamily. Dynamin Fzo YdjA family		GO:0000266,GO:0003674,GO:0003824,GO:0003924,GO:0005488,GO:0005515,GO:0005575,GO:0005622,GO:0005623,GO:0005737,GO:0006996,GO:0007005,GO:0008017,GO:0008092,GO:0008150,GO:0009987,GO:0015631,GO:0016043,GO:0016462,GO:0016787,GO:0016817,GO:0016818,GO:0017111,GO:0044424,GO:0044464,GO:0048285,GO:0071840	ko:K14754,ko:K17065	ko04139,ko04214,ko04217,ko04621,ko04668,ko05162,ko05164,ko05165,map04139,map04214,map04217,map04621,map04668,map05162,map05164,map05165		Dynamin_M,Dynamin_N,GED
NODE_3856_length_497_cov_0.847619_1	I	Patellin-3-like		GO:0000003,GO:0000902,GO:0000904,GO:0002020,GO:0003006,GO:0003674,GO:0005488,GO:0005515,GO:0005575,GO:0005576,GO:0005622,GO:0005623,GO:0005737,GO:0005773,GO:0005794,GO:0005886,GO:0005911,GO:0008150,GO:0009506,GO:0009507,GO:0009536,GO:0009653,GO:0009826,GO:0009856,GO:0009860,GO:0009932,GO:0009987,GO:0012505,GO:0016020,GO:0016043,GO:0016049,GO:0019899,GO:0022414,GO:0030054,GO:0030154,GO:0032501,GO:0032502,GO:0032989,GO:0040007,GO:0043226,GO:0043227,GO:0043229,GO:0043231,GO:0044424,GO:0044444,GO:0044464,GO:0044706,GO:0048046,GO:0048468,GO:0048588,GO:0048589,GO:0048856,GO:0048868,GO:0048869,GO:0051704,GO:0055044,GO:0060560,GO:0071840,GO:0071944	ko:K19996			CRAL_TRIO,CRAL_TRIO_N
NODE_3857_length_497_cov_0.845238_1	E	Ribonuclease H protein			ko:K00430	ko00940,ko01100,ko01110,map00940,map01100,map01110		DUF4283,RVT_1,RVT_3,zf-RVT
NODE_3865_length_496_cov_1.577566_1	S	Domain of unknown function (DUF4216)						DUF4216,DUF4218
NODE_3867_length_496_cov_1.014320_1	S	Pentatricopeptide repeat-containing protein						DYW_deaminase,PPR,PPR_2
NODE_3871_length_496_cov_0.680191_1	S	source UniProtKB						DUF4216,DUF4218,Transpos_assoc,Transposase_21
NODE_3878_length_496_cov_0.546539_1	E	Ribonuclease H protein			ko:K09186,ko:K14857	ko00310,ko04934,ko05202,map00310,map04934,map05202		Exo_endo_phos,RVT_1
NODE_3883_length_495_cov_0.748804_1	T	Belongs to the disease resistance NB-LRR family			ko:K15078,ko:K19613	ko03460,ko04014,map03460,map04014		LRR_8,NB-ARC
NODE_3886_length_489_cov_0.665072_1	S	isoform X1			ko:K17604			DBD_Tnp_Mut,MULE,PB1,SWIM
NODE_3891_length_495_cov_0.566986_1	S	acid phosphatase activity						C2,DUF4283,RVT_1,RVT_3,zf-RVT
NODE_3892_length_495_cov_0.471292_1	L	transposition, RNA-mediated						RVT_1,RVT_3,Retrotrans_gag,rve
NODE_3958_length_490_cov_1.116223_1	O	Belongs to the GST superfamily			ko:K00799	ko00480,ko00980,ko00982,ko00983,ko01524,ko05200,ko05204,ko05225,ko05418,map00480,map00980,map00982,map00983,map01524,map05200,map05204,map05225,map05418		GST_C,GST_N
NODE_3960_length_490_cov_0.907990_1	L	strictosidine synthase activity						Retrotrans_gag,rve
NODE_3994_length_489_cov_0.519417_1	S	Zinc finger MYM-type protein						DUF4371,Dimer_Tnp_hAT
NODE_3997_length_488_cov_0.805353_1	D	Belongs to the helicase family			ko:K07466,ko:K15255	ko03030,ko03420,ko03430,ko03440,ko03460,map03030,map03420,map03430,map03440,map03460	M00288	Helitron_like_N,Herpes_Helicase,PIF1
NODE_3998_length_488_cov_0.776156_1	E	Ribonuclease H protein			ko:K01408,ko:K10798	ko03410,ko04210,ko04212,ko04214,ko04217,ko05010,map03410,map04210,map04212,map04214,map04217,map05010	M00296	Exo_endo_phos_2,RVT_1,RVT_3,zf-RVT
NODE_4009_length_487_cov_0.890244_1	L	Uncharacterized protein K02A2.6-like						G-patch,RVT_1,RVT_3,Retrotrans_gag,rve
NODE_4011_length_487_cov_0.812195_1	C	Dihydrolipoyl dehydrogenase		GO:0000166,GO:0003674,GO:0003824,GO:0004148,GO:0005488,GO:0005507,GO:0005524,GO:0005575,GO:0005576,GO:0005622,GO:0005623,GO:0005737,GO:0005739,GO:0005740,GO:0005743,GO:0005746,GO:0005747,GO:0005759,GO:0008144,GO:0008150,GO:0008152,GO:0008270,GO:0009507,GO:0009536,GO:0010035,GO:0010038,GO:0016020,GO:0016491,GO:0016651,GO:0016667,GO:0016668,GO:0017076,GO:0019866,GO:0030554,GO:0030964,GO:0031090,GO:0031966,GO:0031967,GO:0031974,GO:0031975,GO:0032553,GO:0032555,GO:0032559,GO:0032991,GO:0035639,GO:0036094,GO:0042221,GO:0043167,GO:0043168,GO:0043169,GO:0043226,GO:0043227,GO:0043229,GO:0043231,GO:0043233,GO:0044422,GO:0044424,GO:0044425,GO:0044429,GO:0044444,GO:0044446,GO:0044455,GO:0044464,GO:0045271,GO:0046686,GO:0046872,GO:0046914,GO:0048046,GO:0050896,GO:0050897,GO:0055114,GO:0070013,GO:0070469,GO:0097159,GO:0097367,GO:0098796,GO:0098798,GO:0098800,GO:0098803,GO:1901265,GO:1901363,GO:1902494,GO:1990204	ko:K00382	ko00010,ko00020,ko00260,ko00280,ko00620,ko00630,ko00640,ko01100,ko01110,ko01120,ko01130,ko01200,map00010,map00020,map00260,map00280,map00620,map00630,map00640,map01100,map01110,map01120,map01130,map01200	M00009,M00011,M00036,M00307,M00532	Pyr_redox_2,Pyr_redox_dim
NODE_4013_length_487_cov_0.614634_1	S	Transposase family tnp2						DUF4216,DUF4218,Transpos_assoc,Transposase_21
NODE_4014_length_487_cov_0.536585_1	E	Uncharacterized protein K02A2.6-like						RVT_1,RVT_3,Retrotrans_gag,rve
NODE_4033_length_486_cov_0.655257_1	S	Pentatricopeptide repeat-containing protein		GO:0003674,GO:0003676,GO:0003723,GO:0003824,GO:0004518,GO:0004519,GO:0005488,GO:0005575,GO:0005622,GO:0005623,GO:0006139,GO:0006725,GO:0006807,GO:0008150,GO:0008152,GO:0009451,GO:0009987,GO:0016070,GO:0016787,GO:0016788,GO:0034641,GO:0043170,GO:0043226,GO:0043227,GO:0043229,GO:0043231,GO:0043412,GO:0044237,GO:0044238,GO:0044424,GO:0044464,GO:0046483,GO:0071704,GO:0090304,GO:0090305,GO:0097159,GO:1901360,GO:1901363				PPR,PPR_1,PPR_2,PPR_3
NODE_4043_length_485_cov_0.642157_1	T	ATPase activity, coupled to transmembrane movement of substances			ko:K01051	ko00040,ko01100,map00040,map01100	M00081	DUF4283,Exo_endo_phos,RVT_1,zf-RVT
NODE_4052_length_484_cov_0.941032_1	T	Reverse transcriptase (RNA-dependent DNA polymerase)						RVT_2
NODE_4059_length_484_cov_0.636364_1	E	protein dimerization activity			ko:K08592			DUF4413,Dimer_Tnp_hAT,GRAS,Peptidase_C48,zf-BED
NODE_4062_length_484_cov_0.538084_1	L	ribonuclease H protein						DUF4283,RVT_1,RVT_3,zf-CCHC_4,zf-RVT
NODE_4064_length_483_cov_38.403941_1	J	transposition, RNA-mediated						Asp_protease_2,Retrotrans_gag
NODE_4088_length_482_cov_1.081481_1	T	Oxysterol-binding protein-related protein			ko:K20456			Oxysterol_BP,PH_11
NODE_4099_length_482_cov_0.634568_1	L	transposition, RNA-mediated						Retrotran_gag_2
NODE_4139_length_480_cov_0.533499_1	S	Reverse transcriptase (RNA-dependent DNA polymerase)						RVT_1,RVT_3,zf-RVT
NODE_4140_length_480_cov_0.488834_1	E	Ribonuclease H protein			ko:K01051,ko:K01074	ko00040,ko00062,ko01100,ko01212,ko04142,map00040,map00062,map01100,map01212,map04142	M00081	DUF4283,RVT_1,zf-RVT
NODE_4144_length_479_cov_1.089552_1	O	Mitochondrial protein						RVT_2,Retrotran_gag_2,Retrotran_gag_3,Retrotrans_gag,gag_pre-integrs,rve,zf-CCHC
NODE_4159_length_479_cov_0.569652_1	E	Ribonuclease H protein						RVT_3
NODE_4162_length_478_cov_28.548628_1	L	transposition, RNA-mediated						Asp_protease_2,RVT_1,Retrotrans_gag,rve
NODE_4166_length_478_cov_1.214464_1	K	Ccr4-not transcription complex			ko:K12604	ko03018,map03018		CNOT1_CAF1_bind,CNOT1_HEAT,CNOT1_TTP_bind,DUF3819,Not1
NODE_4170_length_478_cov_0.880299_1	S	Reverse transcriptase (RNA-dependent DNA polymerase)						DUF4283,RVT_1,RVT_3,zf-RVT
NODE_4178_length_478_cov_0.730673_1	S	Zinc finger MYM-type protein 1-like						DUF4371,Dimer_Tnp_hAT
NODE_4189_length_477_cov_28.295000_1	L	8-hydroxy-dADP phosphatase activity						Retrotrans_gag
NODE_4196_length_477_cov_0.695000_1					ko:K18667			RRM_1,SPOC
NODE_4198_length_477_cov_0.675000_1	L	cysteine-rich RLK (RECEPTOR-like protein kinase) 8						RVT_2,Retrotran_gag_3,Retrotrans_gag,gag_pre-integrs,rve
NODE_4228_length_476_cov_0.551378_1	S	RNase H family protein						DUF4283,RVT_1,RVT_3,zf-RVT
NODE_4240_length_475_cov_0.595477_1	S	Domain of unknown function (DUF4216)						DUF4216,DUF4218
NODE_4243_length_475_cov_0.542714_1	EG	Sugar phosphate phosphate translocator						TPT
NODE_4246_length_474_cov_1.297229_2	S	SWIM zinc finger						DBD_Tnp_Mut,MULE,SWIM
NODE_4250_length_474_cov_0.977330_1	O	E3 ubiquitin-protein ligase	RHC1A	GO:0000003,GO:0000209,GO:0000820,GO:0000902,GO:0000904,GO:0001101,GO:0003006,GO:0003674,GO:0003824,GO:0004842,GO:0005575,GO:0005618,GO:0005622,GO:0005623,GO:0005634,GO:0006464,GO:0006508,GO:0006511,GO:0006521,GO:0006807,GO:0006950,GO:0006970,GO:0007275,GO:0008150,GO:0008152,GO:0009056,GO:0009057,GO:0009414,GO:0009415,GO:0009628,GO:0009651,GO:0009653,GO:0009791,GO:0009826,GO:0009888,GO:0009889,GO:0009890,GO:0009892,GO:0009937,GO:0009938,GO:0009966,GO:0009968,GO:0009987,GO:0010026,GO:0010035,GO:0010154,GO:0010498,GO:0010565,GO:0010646,GO:0010648,GO:0016043,GO:0016049,GO:0016567,GO:0016740,GO:0019222,GO:0019538,GO:0019787,GO:0019941,GO:0022412,GO:0022414,GO:0023051,GO:0023057,GO:0030104,GO:0030154,GO:0030163,GO:0030312,GO:0031323,GO:0031324,GO:0031326,GO:0031327,GO:0032446,GO:0032501,GO:0032502,GO:0032504,GO:0032989,GO:0033238,GO:0033239,GO:0036211,GO:0040007,GO:0042221,GO:0042592,GO:0043161,GO:0043170,GO:0043226,GO:0043227,GO:0043229,GO:0043231,GO:0043412,GO:0043632,GO:0044237,GO:0044238,GO:0044248,GO:0044257,GO:0044260,GO:0044265,GO:0044267,GO:0044424,GO:0044464,GO:0045763,GO:0047484,GO:0048316,GO:0048468,GO:0048519,GO:0048523,GO:0048583,GO:0048585,GO:0048589,GO:0048608,GO:0048731,GO:0048856,GO:0048869,GO:0048878,GO:0050789,GO:0050794,GO:0050896,GO:0051171,GO:0051172,GO:0051603,GO:0060560,GO:0061458,GO:0061630,GO:0061659,GO:0062012,GO:0062014,GO:0065007,GO:0065008,GO:0070647,GO:0071704,GO:0071840,GO:0071944,GO:0080090,GO:0080134,GO:0090376,GO:0090378,GO:0090558,GO:0140096,GO:1901564,GO:1901565,GO:1901575,GO:1901700,GO:1902005,GO:1902006,GO:2000070,GO:2000214,GO:2000215,GO:2000282,GO:2000283	ko:K11982			zf-RING_2,zinc_ribbon_9
NODE_4263_length_474_cov_0.549118_1	S	Ribonuclease H protein						RVT_1
NODE_4278_length_473_cov_0.520202_1	L	WD repeat-containing protein						
NODE_4279_length_473_cov_0.515152_1	S	Encoded by						DUF1985,Peptidase_C48
NODE_4286_length_472_cov_1.329114_1	S	Reverse transcriptase-like						RVT_3,zf-RVT
NODE_4296_length_472_cov_0.632911_1	E	Ribonuclease H protein						
NODE_4299_length_472_cov_0.559494_1	S	Reverse transcriptase (RNA-dependent DNA polymerase)						DUF4283,RVT_1,RVT_3,zf-RVT
NODE_4301_length_471_cov_1.005076_1	S	Protein of unknown function (DUF295)						DUF295
NODE_4306_length_471_cov_0.738579_1	L	ribonuclease H protein						RVT_1,RVT_3,zf-RVT
NODE_4324_length_470_cov_0.753181_1	S	endonuclease activity						PPR,PPR_1,PPR_2,PPR_3,PPR_long
NODE_4328_length_470_cov_0.697201_1	L	cysteine-rich RLK (RECEPTOR-like protein kinase) 8						RVT_2,Retrotran_gag_2,Retrotran_gag_3,Retrotrans_gag,gag_pre-integrs,rve
NODE_4332_length_470_cov_0.577608_1	E	Ribonuclease H protein						
NODE_4338_length_469_cov_1.285714_1	C	Cytochrome c oxidase is the component of the respiratory chain that catalyzes the reduction of oxygen to water. Subunits 1- 3 form the functional core of the enzyme complex. Subunit 2 transfers the electrons from cytochrome c via its binuclear copper A center to the bimetallic center of the catalytic subunit 1	cox2	GO:0006091,GO:0006119,GO:0006139,GO:0006163,GO:0006725,GO:0006753,GO:0006793,GO:0006796,GO:0006807,GO:0008150,GO:0008152,GO:0009117,GO:0009123,GO:0009126,GO:0009141,GO:0009144,GO:0009150,GO:0009161,GO:0009167,GO:0009199,GO:0009205,GO:0009259,GO:0009987,GO:0015980,GO:0016310,GO:0017144,GO:0019637,GO:0019693,GO:0022900,GO:0022904,GO:0034641,GO:0042773,GO:0044237,GO:0044238,GO:0044281,GO:0045333,GO:0046034,GO:0046483,GO:0055086,GO:0055114,GO:0071704,GO:0072521,GO:1901135,GO:1901360,GO:1901564	ko:K02261	ko00190,ko01100,ko04260,ko04714,ko04932,ko05010,ko05012,ko05016,map00190,map01100,map04260,map04714,map04932,map05010,map05012,map05016	M00154	COX2,COX2_TM
NODE_4342_length_469_cov_1.000000_1	L	Uncharacterized protein K02A2.6-like						RVT_1,RVT_3,rve
NODE_4368_length_468_cov_0.647059_2	L	Uncharacterized protein K02A2.6-like						RVT_1,RVT_3,rve
NODE_4386_length_467_cov_0.610256_1	L	Uncharacterized protein K02A2.6-like		GO:0000943,GO:0003674,GO:0003676,GO:0003723,GO:0003824,GO:0003887,GO:0003964,GO:0004518,GO:0004540,GO:0005488,GO:0005575,GO:0005622,GO:0005623,GO:0005634,GO:0006139,GO:0006259,GO:0006278,GO:0006508,GO:0006725,GO:0006807,GO:0008150,GO:0008152,GO:0008233,GO:0009058,GO:0009059,GO:0009987,GO:0016070,GO:0016740,GO:0016772,GO:0016779,GO:0016787,GO:0016788,GO:0018130,GO:0019438,GO:0019538,GO:0032196,GO:0032197,GO:0034061,GO:0034641,GO:0034645,GO:0034654,GO:0043170,GO:0043226,GO:0043227,GO:0043229,GO:0043231,GO:0044237,GO:0044238,GO:0044249,GO:0044260,GO:0044271,GO:0044422,GO:0044424,GO:0044428,GO:0044446,GO:0044464,GO:0046483,GO:0071704,GO:0071897,GO:0090304,GO:0090305,GO:0090501,GO:0097159,GO:0140096,GO:0140097,GO:0140098,GO:1901360,GO:1901362,GO:1901363,GO:1901564,GO:1901576				RVT_1,RVT_3,rve
NODE_4396_length_466_cov_0.933162_1	S	source UniProtKB						DUF4216,DUF4218,Transpos_assoc,Transposase_21
NODE_4439_length_464_cov_0.824289_1	S	RNase H family protein						RVT_1,RVT_3,zf-RVT
NODE_4468_length_463_cov_0.681347_1	L	transposition, RNA-mediated						
NODE_4475_length_463_cov_0.554404_1	S	Reverse transcriptase-like						RVT_3,zf-RVT
NODE_4482_length_462_cov_1.005195_1	S	Ribonuclease H protein						DUF4283,zf-CCHC_4
NODE_4484_length_462_cov_0.909091_1	L	Uncharacterized protein K02A2.6-like						G-patch,RVT_1,RVT_3,Retrotrans_gag,rve
NODE_4486_length_462_cov_0.758442_1	S	Protein FAR1-RELATED SEQUENCE						FAR1,MULE,SWIM
NODE_4492_length_462_cov_0.659740_1	E	Ribonuclease H protein						
NODE_4502_length_461_cov_0.921875_1	S	zinc-binding in reverse transcriptase						zf-RVT
NODE_4515_length_461_cov_0.601562_1	S	Protein FAR1-RELATED SEQUENCE						FAR1,MULE,SWIM
NODE_4521_length_460_cov_0.994778_1	S	Ribonuclease H protein						DUF4283
NODE_4524_length_460_cov_0.892950_1	S	Reverse transcriptase (RNA-dependent DNA polymerase)						RVT_1,RVT_3,zf-RVT
NODE_4532_length_458_cov_0.603133_1	L	transposition, RNA-mediated						Retrotrans_gag
NODE_4535_length_459_cov_0.409922_1	S	BEST Arabidopsis thaliana protein match is			ko:K14487,ko:K18195	ko04075,map04075		DUF4283,RVT_1,zf-CCHC_4,zf-RVT
NODE_4560_length_458_cov_0.874016_1	S	UV-stimulated scaffold protein A homolog						DUF2043
NODE_4562_length_458_cov_0.850394_1	S	BTB POZ domain-containing protein						BTB
NODE_4591_length_457_cov_0.692105_1	D	Belongs to the helicase family			ko:K15255			Helitron_like_N,PIF1
NODE_4597_length_457_cov_0.550000_1	S	Protein FAR1-RELATED SEQUENCE			ko:K17604			FAR1,MULE,SWIM
NODE_4614_length_456_cov_0.686016_1	K	two-component response regulator		GO:0000156,GO:0000160,GO:0003674,GO:0003700,GO:0005488,GO:0005515,GO:0005575,GO:0005622,GO:0005623,GO:0005634,GO:0006355,GO:0007154,GO:0007165,GO:0007275,GO:0007568,GO:0008150,GO:0009653,GO:0009719,GO:0009723,GO:0009725,GO:0009735,GO:0009736,GO:0009755,GO:0009873,GO:0009888,GO:0009889,GO:0009987,GO:0010015,GO:0010033,GO:0010073,GO:0010075,GO:0010082,GO:0010119,GO:0010150,GO:0010468,GO:0010556,GO:0019219,GO:0019222,GO:0022622,GO:0023052,GO:0031323,GO:0031326,GO:0032501,GO:0032502,GO:0032870,GO:0035556,GO:0040008,GO:0042221,GO:0042802,GO:0043226,GO:0043227,GO:0043229,GO:0043231,GO:0044424,GO:0044464,GO:0048364,GO:0048366,GO:0048367,GO:0048507,GO:0048509,GO:0048580,GO:0048638,GO:0048731,GO:0048827,GO:0048856,GO:0050789,GO:0050793,GO:0050794,GO:0050896,GO:0051171,GO:0051239,GO:0051252,GO:0051716,GO:0060089,GO:0060255,GO:0065007,GO:0070887,GO:0071310,GO:0071368,GO:0071369,GO:0071495,GO:0080050,GO:0080090,GO:0080113,GO:0090693,GO:0099402,GO:0140110,GO:1903506,GO:1905392,GO:2000026,GO:2000112,GO:2000241,GO:2000280,GO:2001141	ko:K14491	ko04075,map04075		Myb_DNA-binding,Response_reg
NODE_4626_length_455_cov_0.793651_1	S	Protein FAR1-RELATED SEQUENCE 5-like						FAR1,MULE,SWIM
NODE_4639_length_455_cov_0.637566_1	S	Ribonuclease H protein						RVT_1
NODE_4654_length_454_cov_0.721485_1	L	transposition, RNA-mediated						RVT_1,RVT_3,Retrotrans_gag,rve
NODE_4659_length_454_cov_0.679045_1	L	ribonuclease H protein						RVT_1,RVT_3,zf-RVT
NODE_4677_length_453_cov_0.776596_1	L	domain in FBox and BRCT domain containing plant proteins						F-box,FBD
NODE_4690_length_452_cov_0.545213_1	M	ATPase activity, coupled to transmembrane movement of substances						RVT_1,zf-RVT
NODE_4692_length_453_cov_0.492021_1	E	Ribonuclease H protein						DUF4283,zf-CCHC_4
NODE_4700_length_452_cov_0.805333_1	S	Pentatricopeptide repeat-containing protein At2g01510		GO:0003674,GO:0003676,GO:0003723,GO:0003824,GO:0004518,GO:0004519,GO:0005488,GO:0005575,GO:0005622,GO:0005623,GO:0006139,GO:0006725,GO:0006807,GO:0008150,GO:0008152,GO:0009451,GO:0009987,GO:0016070,GO:0016787,GO:0016788,GO:0034641,GO:0043170,GO:0043226,GO:0043227,GO:0043229,GO:0043231,GO:0043412,GO:0044237,GO:0044238,GO:0044424,GO:0044464,GO:0046483,GO:0071704,GO:0090304,GO:0090305,GO:0097159,GO:1901360,GO:1901363				DYW_deaminase,PPR,PPR_2
NODE_4702_length_452_cov_0.712000_1	E	Ribonuclease H protein						
NODE_4710_length_452_cov_0.562667_1	S	source UniProtKB						DUF4216,DUF4218,Transpos_assoc,Transposase_21
NODE_4722_length_451_cov_0.775401_1	E	Uncharacterized protein K02A2.6-like		GO:0000943,GO:0003674,GO:0003676,GO:0003723,GO:0003824,GO:0003887,GO:0003964,GO:0004518,GO:0004540,GO:0005488,GO:0005575,GO:0005622,GO:0005623,GO:0005634,GO:0006139,GO:0006259,GO:0006278,GO:0006508,GO:0006725,GO:0006807,GO:0008150,GO:0008152,GO:0008233,GO:0009058,GO:0009059,GO:0009987,GO:0016070,GO:0016740,GO:0016772,GO:0016779,GO:0016787,GO:0016788,GO:0018130,GO:0019438,GO:0019538,GO:0032196,GO:0032197,GO:0034061,GO:0034641,GO:0034645,GO:0034654,GO:0043170,GO:0043226,GO:0043227,GO:0043229,GO:0043231,GO:0044237,GO:0044238,GO:0044249,GO:0044260,GO:0044271,GO:0044422,GO:0044424,GO:0044428,GO:0044446,GO:0044464,GO:0046483,GO:0071704,GO:0071897,GO:0090304,GO:0090305,GO:0090501,GO:0097159,GO:0140096,GO:0140097,GO:0140098,GO:1901360,GO:1901362,GO:1901363,GO:1901564,GO:1901576				RVT_1,RVT_3,Retrotrans_gag,rve
NODE_4728_length_451_cov_0.700535_1	U	TB2/DP1, HVA22 family						RVT_3,TB2_DP1_HVA22,zf-met
NODE_4729_length_451_cov_0.679144_1	G	GDSL esterase lipase						Lipase_3
NODE_4733_length_451_cov_0.652406_1	U	Ras-related protein		GO:0005575,GO:0005622,GO:0005623,GO:0005737,GO:0005794,GO:0006810,GO:0006890,GO:0006891,GO:0008150,GO:0012505,GO:0016192,GO:0016197,GO:0016482,GO:0042147,GO:0043226,GO:0043227,GO:0043229,GO:0043231,GO:0044424,GO:0044444,GO:0044464,GO:0046907,GO:0048193,GO:0051179,GO:0051234,GO:0051641,GO:0051649	ko:K07893			Ras
NODE_4756_length_450_cov_0.466488_1	GO	Pentatricopeptide repeat-containing protein						PPR,PPR_1,PPR_2,PPR_3,PPR_long
NODE_4757_length_449_cov_1.962366_1	S	Mitovirus RNA-dependent RNA polymerase						Mitovir_RNA_pol
NODE_4761_length_449_cov_1.018817_1	D	Belongs to the helicase family			ko:K07466,ko:K15255	ko03030,ko03420,ko03430,ko03440,ko03460,map03030,map03420,map03430,map03440,map03460	M00288	Helitron_like_N,Herpes_Helicase,PIF1
NODE_4766_length_449_cov_0.876344_1	Q	Belongs to the cytochrome P450 family			ko:K10717,ko:K20660	ko00908,ko01100,ko01110,map00908,map01100,map01110		p450
NODE_4767_length_449_cov_0.836022_1	A	zinc finger CCCH domain-containing protein		GO:0003674,GO:0003676,GO:0003723,GO:0003729,GO:0005488,GO:0097159,GO:1901363				RRM_1,Torus,zf-CCCH
NODE_4772_length_449_cov_0.701613_1	Q	ABC transporter C family member		GO:0000325,GO:0003674,GO:0003824,GO:0005215,GO:0005575,GO:0005576,GO:0005622,GO:0005623,GO:0005737,GO:0005773,GO:0005774,GO:0005911,GO:0006810,GO:0008150,GO:0009506,GO:0009605,GO:0009607,GO:0010290,GO:0015399,GO:0015405,GO:0015431,GO:0016020,GO:0016462,GO:0016787,GO:0016817,GO:0016818,GO:0016887,GO:0017111,GO:0022804,GO:0022857,GO:0030054,GO:0031090,GO:0042623,GO:0042626,GO:0043207,GO:0043226,GO:0043227,GO:0043229,GO:0043231,GO:0043492,GO:0044422,GO:0044424,GO:0044437,GO:0044444,GO:0044446,GO:0044464,GO:0048046,GO:0050896,GO:0051179,GO:0051234,GO:0051704,GO:0051707,GO:0055044,GO:0055085,GO:0071997,GO:0098588,GO:0098805	ko:K05666	ko01523,ko01524,ko02010,ko04976,map01523,map01524,map02010,map04976		ABC_membrane,ABC_tran
NODE_4781_length_449_cov_0.551075_1	E	Ribonuclease H protein						DUF4283,Exo_endo_phos,Exo_endo_phos_2,RVT_1,zf-RVT
NODE_4790_length_448_cov_0.706199_1	K	Auxin response factors (ARFs) are transcriptional factors that bind specifically to the DNA sequence 5'-TGTCTC-3' found in the auxin-responsive promoter elements (AuxREs)			ko:K14486	ko04075,map04075		Auxin_resp,B3
NODE_4809_length_447_cov_0.921622_1	L	8-hydroxy-dADP phosphatase activity						Retrotrans_gag
NODE_4824_length_447_cov_0.597297_1	S	Ribonuclease H protein						Exo_endo_phos
NODE_4826_length_447_cov_0.575676_1	L	Mitochondrial protein			ko:K13459	ko04626,map04626		RVT_2,Retrotran_gag_2,Retrotran_gag_3
NODE_4828_length_447_cov_0.562162_1	L	transposition, RNA-mediated						Retrotrans_gag
NODE_4831_length_446_cov_1.612466_1	KLT	protein kinase activity						Asp_protease_2,RVT_1,Retrotrans_gag,rve
NODE_4837_length_446_cov_0.791328_1	S	ribonuclease H protein At1g65750						RVT_1,RVT_3,zf-RVT
NODE_4889_length_444_cov_0.700272_1	U	regulation of parkin-mediated stimulation of mitophagy in response to mitochondrial depolarization			ko:K19525			C2,Chorein_N,Pex24p,SHR-BD,VPS13,VPS13_C,VPS13_mid_rpt,Vps62
NODE_4899_length_444_cov_0.457766_1	L	transposition, RNA-mediated						RVT_1,RVT_3,Retrotrans_gag,rve
NODE_4917_length_443_cov_0.734973_1	S	Protein FAR1-RELATED SEQUENCE						DBD_Tnp_Mut,MULE,SWIM
NODE_4925_length_443_cov_0.587432_1	E	Ribonuclease H protein			ko:K01057	ko00030,ko01100,ko01110,ko01120,ko01130,ko01200,map00030,map01100,map01110,map01120,map01130,map01200	M00004,M00006,M00008	DUF4283,Exo_endo_phos_2,RVT_1,RVT_3,zf-CCHC_4,zf-RVT
NODE_4928_length_443_cov_0.448087_1	L	Reverse transcriptase (RNA-dependent DNA polymerase)						RVT_1,RVT_3
NODE_4932_length_442_cov_1.200000_1	S	Domain of unknown function (DUF4216)						DUF4216,DUF4218
NODE_4956_length_442_cov_0.528767_1	S	Reverse transcriptase-like						RVT_3,zf-RVT
NODE_4982_length_440_cov_0.787879_1	E	Ribonuclease H protein						RVT_1,RVT_3,zf-RVT
NODE_4984_length_440_cov_0.757576_1	L	Uncharacterized protein K02A2.6-like		GO:0000943,GO:0003674,GO:0003676,GO:0003723,GO:0003824,GO:0003887,GO:0003964,GO:0004518,GO:0004540,GO:0005488,GO:0005575,GO:0005622,GO:0005623,GO:0005634,GO:0006139,GO:0006259,GO:0006278,GO:0006508,GO:0006725,GO:0006807,GO:0008150,GO:0008152,GO:0008233,GO:0009058,GO:0009059,GO:0009987,GO:0016070,GO:0016740,GO:0016772,GO:0016779,GO:0016787,GO:0016788,GO:0018130,GO:0019438,GO:0019538,GO:0032196,GO:0032197,GO:0034061,GO:0034641,GO:0034645,GO:0034654,GO:0043170,GO:0043226,GO:0043227,GO:0043229,GO:0043231,GO:0044237,GO:0044238,GO:0044249,GO:0044260,GO:0044271,GO:0044422,GO:0044424,GO:0044428,GO:0044446,GO:0044464,GO:0046483,GO:0071704,GO:0071897,GO:0090304,GO:0090305,GO:0090501,GO:0097159,GO:0140096,GO:0140097,GO:0140098,GO:1901360,GO:1901362,GO:1901363,GO:1901564,GO:1901576				RVT_1,RVT_3,rve
NODE_4992_length_440_cov_0.564738_1	S	Ribonuclease H protein						Exo_endo_phos,Exo_endo_phos_2,RVT_1
NODE_4998_length_439_cov_1.127072_1	S	Protein FAR-RED IMPAIRED RESPONSE		GO:0003674,GO:0003700,GO:0005575,GO:0005622,GO:0005623,GO:0005634,GO:0006355,GO:0007154,GO:0007165,GO:0007602,GO:0008150,GO:0009314,GO:0009416,GO:0009581,GO:0009582,GO:0009583,GO:0009585,GO:0009605,GO:0009628,GO:0009639,GO:0009889,GO:0009891,GO:0009893,GO:0009987,GO:0010017,GO:0010018,GO:0010218,GO:0010468,GO:0010556,GO:0010557,GO:0010604,GO:0010628,GO:0019219,GO:0019222,GO:0023052,GO:0031323,GO:0031325,GO:0031326,GO:0031328,GO:0042752,GO:0042753,GO:0043226,GO:0043227,GO:0043229,GO:0043231,GO:0044424,GO:0044464,GO:0045893,GO:0045935,GO:0048518,GO:0048522,GO:0050789,GO:0050794,GO:0050896,GO:0051171,GO:0051173,GO:0051252,GO:0051254,GO:0051606,GO:0051716,GO:0060255,GO:0065007,GO:0071214,GO:0071478,GO:0071482,GO:0071489,GO:0071490,GO:0080090,GO:0104004,GO:0140110,GO:1902680,GO:1903506,GO:1903508,GO:2000112,GO:2001141				FAR1,MULE,SWIM
NODE_5008_length_439_cov_0.779006_1	O	cell division cycle protein 48		GO:0005575,GO:0005622,GO:0005623,GO:0005634,GO:0005654,GO:0005730,GO:0005737,GO:0005794,GO:0005829,GO:0005886,GO:0008150,GO:0009893,GO:0009894,GO:0009896,GO:0010035,GO:0010038,GO:0010604,GO:0012505,GO:0016020,GO:0019222,GO:0031974,GO:0031981,GO:0042176,GO:0042221,GO:0043226,GO:0043227,GO:0043228,GO:0043229,GO:0043231,GO:0043232,GO:0043233,GO:0044422,GO:0044424,GO:0044428,GO:0044444,GO:0044446,GO:0044464,GO:0045732,GO:0046686,GO:0048518,GO:0050789,GO:0050896,GO:0051171,GO:0051173,GO:0051246,GO:0051247,GO:0060255,GO:0065007,GO:0070013,GO:0071944,GO:0080090	ko:K13525	ko04141,ko05134,map04141,map05134	M00400,M00403	AAA,CDC48_2,CDC48_N,Vps4_C
NODE_5022_length_438_cov_0.969529_1	L	gag-polypeptide of LTR copia-type						Retrotran_gag_2,Retrotran_gag_3,zf-CCHC_6
NODE_5043_length_437_cov_1.013889_1	S	ribonuclease H protein						DUF4283,RVT_1,zf-RVT
NODE_5048_length_437_cov_0.811111_1	S	phytochrome kinase substrate						
NODE_5066_length_436_cov_1.016713_1	S	F-Box protein						DUF295,F-box,F-box-like
NODE_5073_length_436_cov_0.715877_1	T	Opioid receptor	OPRD1	GO:0000060,GO:0001653,GO:0001666,GO:0001932,GO:0001934,GO:0002376,GO:0003008,GO:0003674,GO:0004888,GO:0004930,GO:0004985,GO:0005102,GO:0005488,GO:0005515,GO:0005575,GO:0005622,GO:0005623,GO:0005737,GO:0005886,GO:0005887,GO:0006355,GO:0006606,GO:0006810,GO:0006886,GO:0006913,GO:0006950,GO:0006955,GO:0007154,GO:0007165,GO:0007166,GO:0007186,GO:0007187,GO:0007188,GO:0007193,GO:0007200,GO:0007218,GO:0007267,GO:0007268,GO:0007600,GO:0007610,GO:0007626,GO:0007631,GO:0008104,GO:0008150,GO:0008344,GO:0008528,GO:0009628,GO:0009636,GO:0009889,GO:0009892,GO:0009893,GO:0009987,GO:0010033,GO:0010468,GO:0010556,GO:0010562,GO:0010604,GO:0010605,GO:0010629,GO:0010959,GO:0015031,GO:0015833,GO:0016020,GO:0016021,GO:0017038,GO:0019219,GO:0019220,GO:0019221,GO:0019222,GO:0019233,GO:0023052,GO:0030424,GO:0030425,GO:0030534,GO:0031224,GO:0031226,GO:0031252,GO:0031253,GO:0031256,GO:0031323,GO:0031325,GO:0031326,GO:0031333,GO:0031399,GO:0031401,GO:0031644,GO:0031982,GO:0032268,GO:0032270,GO:0032459,GO:0032460,GO:0032501,GO:0032589,GO:0032590,GO:0032793,GO:0032879,GO:0033036,GO:0033135,GO:0033138,GO:0033218,GO:0033267,GO:0033365,GO:0033554,GO:0033612,GO:0034097,GO:0034504,GO:0034613,GO:0036293,GO:0036294,GO:0036477,GO:0038003,GO:0038023,GO:0038046,GO:0042221,GO:0042277,GO:0042325,GO:0042327,GO:0042391,GO:0042755,GO:0042886,GO:0042923,GO:0042995,GO:0043005,GO:0043226,GO:0043227,GO:0043254,GO:0043269,GO:0043679,GO:0044057,GO:0044087,GO:0044093,GO:0044306,GO:0044424,GO:0044425,GO:0044456,GO:0044459,GO:0044463,GO:0044464,GO:0045121,GO:0045184,GO:0045202,GO:0045211,GO:0045937,GO:0046907,GO:0048518,GO:0048519,GO:0048522,GO:0048523,GO:0050789,GO:0050794,GO:0050877,GO:0050896,GO:0051049,GO:0051090,GO:0051091,GO:0051128,GO:0051129,GO:0051169,GO:0051170,GO:0051171,GO:0051173,GO:0051174,GO:0051179,GO:0051234,GO:0051239,GO:0051246,GO:0051247,GO:0051252,GO:0051641,GO:0051649,GO:0051716,GO:0051881,GO:0051924,GO:0051930,GO:0051931,GO:0060089,GO:0060255,GO:0065007,GO:0065008,GO:0065009,GO:0070482,GO:0070727,GO:0070848,GO:0070887,GO:0071310,GO:0071345,GO:0071363,GO:0071453,GO:0071456,GO:0071702,GO:0071705,GO:0071944,GO:0072594,GO:0080090,GO:0097060,GO:0097237,GO:0097447,GO:0097458,GO:0098589,GO:0098590,GO:0098793,GO:0098794,GO:0098805,GO:0098857,GO:0098916,GO:0099536,GO:0099537,GO:0120025,GO:0120038,GO:0150034,GO:1903506,GO:2000112,GO:2001141	ko:K04213	ko04022,ko04071,ko04080,map04022,map04071,map04080		7tm_1
NODE_5073_length_436_cov_0.715877_2	S	Endonuclease-reverse transcriptase						DUF1725,Exo_endo_phos,Exo_endo_phos_2,RVT_1
NODE_5079_length_436_cov_0.649025_1	L	ribonuclease H protein						RVT_1,RVT_3,zf-RVT
NODE_5087_length_435_cov_27.944134_1	L	strictosidine synthase activity						Retrotrans_gag,rve
NODE_5104_length_434_cov_38.036415_1	L	transposition, RNA-mediated						RVT_1,Retrotrans_gag,rve
NODE_5113_length_434_cov_0.747899_1	S	A Receptor for Ubiquitination Targets						F-box,FBA_3
NODE_5125_length_434_cov_0.551821_1	S	chromatin binding						DUF1985,Peptidase_C48
NODE_5127_length_434_cov_0.537815_1	L	ribonuclease H protein						RVT_1,RVT_3,zf-RVT
NODE_5132_length_433_cov_0.969101_1	D	Belongs to the helicase family						Helitron_like_N,Herpes_Helicase,PIF1
NODE_5147_length_433_cov_0.752809_1	O	Mitochondrial protein						RVT_2,Retrotran_gag_2,Retrotran_gag_3,Retrotrans_gag,gag_pre-integrs,rve,zf-CCHC
NODE_5149_length_433_cov_0.707865_1	S	acid phosphatase activity						C2,DUF4283,RVT_1,RVT_3,zf-RVT
NODE_5150_length_433_cov_0.705056_1	S	Ribonuclease H protein						DUF4283,zf-CCHC_4
NODE_5153_length_433_cov_0.668539_1	L	ribonuclease H protein						DUF4283,RVT_1,RVT_3,zf-CCHC_4,zf-RVT
NODE_5164_length_432_cov_0.828169_1	S	Reverse transcriptase (RNA-dependent DNA polymerase)						DUF4283,RVT_1,RVT_3,zf-RVT
NODE_5165_length_432_cov_0.822535_1	S	F-Box protein		GO:0003674,GO:0005488,GO:0030246				F-box,PP2
NODE_5168_length_432_cov_0.698592_1	S	Reverse transcriptase (RNA-dependent DNA polymerase)						DUF4283,RVT_1,RVT_3,zf-RVT
NODE_5173_length_431_cov_1.169492_1	Q	ABC transporter B family member		GO:0000003,GO:0003006,GO:0003674,GO:0005215,GO:0005575,GO:0005623,GO:0005886,GO:0006810,GO:0007275,GO:0008150,GO:0008361,GO:0009314,GO:0009411,GO:0009416,GO:0009605,GO:0009606,GO:0009628,GO:0009629,GO:0009630,GO:0009637,GO:0009639,GO:0009640,GO:0009653,GO:0009719,GO:0009725,GO:0009733,GO:0009791,GO:0009908,GO:0009914,GO:0009926,GO:0009958,GO:0009966,GO:0009987,GO:0010033,GO:0010218,GO:0010315,GO:0010329,GO:0010540,GO:0010541,GO:0010646,GO:0010817,GO:0010928,GO:0015562,GO:0016020,GO:0016043,GO:0022414,GO:0022622,GO:0022857,GO:0023051,GO:0032501,GO:0032502,GO:0032535,GO:0042221,GO:0043473,GO:0043476,GO:0043478,GO:0043479,GO:0043480,GO:0043481,GO:0044464,GO:0048364,GO:0048367,GO:0048437,GO:0048438,GO:0048443,GO:0048466,GO:0048527,GO:0048528,GO:0048583,GO:0048608,GO:0048646,GO:0048731,GO:0048827,GO:0048856,GO:0048859,GO:0050789,GO:0050794,GO:0050896,GO:0051179,GO:0051234,GO:0055085,GO:0060918,GO:0061458,GO:0065007,GO:0065008,GO:0071840,GO:0071944,GO:0080161,GO:0090066,GO:0090567,GO:0090691,GO:0090696,GO:0099402	ko:K05658	ko02010,ko04976,ko05206,ko05226,map02010,map04976,map05206,map05226		ABC_membrane,ABC_tran
NODE_5177_length_431_cov_0.867232_1	O	C2 and GRAM domain-containing protein		GO:0005575,GO:0005622,GO:0005623,GO:0005737,GO:0005783,GO:0012505,GO:0043226,GO:0043227,GO:0043229,GO:0043231,GO:0044424,GO:0044444,GO:0044464				C2,DUF4782,GRAM
NODE_5187_length_430_cov_1.473088_1	M	Catalyzes the formation of dTDP-glucose, from dTTP and glucose 1-phosphate, as well as its pyrophosphorolysis	rfbA		ko:K00973	ko00521,ko00523,ko00525,ko01130,map00521,map00523,map00525,map01130	M00793	NTP_transferase
NODE_5195_length_430_cov_0.929178_1	K	Domain of unknown function (DUF4283)						DUF4283,zf-CCHC_4
NODE_5197_length_430_cov_0.878187_1	S	Reverse transcriptase (RNA-dependent DNA polymerase)						RVT_1,RVT_3,zf-RVT
NODE_5213_length_430_cov_0.521246_1	S	DYW family of nucleic acid deaminases						DYW_deaminase,PPR,PPR_2,PPR_3
NODE_5227_length_429_cov_0.829545_1	L	Reverse transcriptase (RNA-dependent DNA polymerase)						RVT_1
NODE_5246_length_429_cov_0.536932_1	E	Ribonuclease H protein						
NODE_5247_length_429_cov_0.525568_1	E	Ribonuclease H protein			ko:K01057	ko00030,ko01100,ko01110,ko01120,ko01130,ko01200,map00030,map01100,map01110,map01120,map01130,map01200	M00004,M00006,M00008	DUF4283,Exo_endo_phos_2,RVT_1,RVT_3,zf-CCHC_4,zf-RVT
NODE_5264_length_428_cov_0.720798_1	L	spliceosomal complex assembly						RVT_2,Retrotran_gag_2,gag_pre-integrs,rve,zf-CCHC
NODE_5279_length_427_cov_1.508571_1	S	Protein FAR1-RELATED SEQUENCE 5-like			ko:K17604			FAR1,GATA,MULE,SWIM
NODE_5283_length_427_cov_1.114286_1	S	BEST Arabidopsis thaliana protein match is			ko:K18195			Exo_endo_phos,RVT_1,zf-RVT
NODE_5287_length_427_cov_0.880000_1	G	UDP-galactose UDP-glucose transporter		GO:0000139,GO:0003674,GO:0005215,GO:0005338,GO:0005459,GO:0005460,GO:0005575,GO:0005622,GO:0005623,GO:0005737,GO:0005783,GO:0005789,GO:0005794,GO:0006810,GO:0006811,GO:0006820,GO:0006950,GO:0006986,GO:0007154,GO:0007165,GO:0007275,GO:0008150,GO:0008509,GO:0008514,GO:0009553,GO:0009555,GO:0009987,GO:0010033,GO:0012505,GO:0015075,GO:0015165,GO:0015711,GO:0015780,GO:0015786,GO:0015931,GO:0015932,GO:0016020,GO:0016021,GO:0022857,GO:0023052,GO:0030173,GO:0030176,GO:0030968,GO:0031090,GO:0031224,GO:0031227,GO:0031228,GO:0031300,GO:0031301,GO:0031984,GO:0032501,GO:0032502,GO:0033554,GO:0034220,GO:0034620,GO:0034976,GO:0035966,GO:0035967,GO:0042175,GO:0042221,GO:0043226,GO:0043227,GO:0043229,GO:0043231,GO:0044422,GO:0044424,GO:0044425,GO:0044431,GO:0044432,GO:0044444,GO:0044446,GO:0044464,GO:0048229,GO:0048856,GO:0050789,GO:0050794,GO:0050896,GO:0051179,GO:0051234,GO:0051716,GO:0055085,GO:0065007,GO:0070887,GO:0071310,GO:0071702,GO:0071705,GO:0072334,GO:0090481,GO:0098588,GO:0098656,GO:0098791,GO:0098827,GO:1901264,GO:1901505	ko:K15275			UAA
NODE_5294_length_427_cov_0.782857_1	S	ribonuclease H protein At1g65750						RVT_3,zf-RVT
NODE_5296_length_427_cov_0.740000_1	D	Belongs to the helicase family			ko:K15255			Helitron_like_N,PIF1
NODE_5299_length_427_cov_0.697143_1	L	Ribonuclease H protein						DDE_Tnp_4
NODE_5332_length_426_cov_0.644699_1	G	beta-mannosidase activity		GO:0005575,GO:0005622,GO:0005623,GO:0005737,GO:0005773,GO:0043226,GO:0043227,GO:0043229,GO:0043231,GO:0044424,GO:0044444,GO:0044464	ko:K15855,ko:K18577	ko00520,ko01100,map00520,map01100		Glyco_hydro_2,Glyco_hydro_2_C,Glyco_hydro_2_N,RVT_1,zf-RVT
NODE_5345_length_425_cov_1.011494_1	S	Domain of unknown function (DUF4283)						DUF4283
NODE_5347_length_425_cov_0.945402_1	E	Ribonuclease H protein			ko:K01051,ko:K01074	ko00040,ko00062,ko01100,ko01212,ko04142,map00040,map00062,map01100,map01212,map04142	M00081	DUF4283,RVT_1,zf-RVT
NODE_5352_length_425_cov_0.833333_1	S	transposon protein						DUF4216,DUF4218,Transpos_assoc,Transposase_21
NODE_5353_length_425_cov_0.830460_1	S	Protein FAR1-RELATED SEQUENCE			ko:K17604			FAR1,MULE,SWIM
NODE_5371_length_425_cov_0.511494_1	S	Domain of unknown function (DUF4283)						DUF4283,zf-CCHC_4
NODE_5376_length_424_cov_1.109510_1	S	MuDR family transposase						DBD_Tnp_Mut,MULE,SWIM
NODE_5381_length_424_cov_0.858790_1	L	transposition, RNA-mediated						RVT_1,RVT_3,Retrotrans_gag,rve
NODE_5393_length_424_cov_0.619597_1	L	ribonuclease H protein						RVT_1,RVT_3,zf-RVT
NODE_5400_length_423_cov_1.115607_1	S	source UniProtKB						DUF4216,DUF4218,Transpos_assoc,Transposase_21
NODE_5409_length_423_cov_0.841040_1	S	SBP domain						SBP
NODE_5412_length_423_cov_0.820809_1	S	Reverse transcriptase-like						RVT_3,zf-RVT
NODE_5422_length_423_cov_0.679191_1	S	Reverse transcriptase-like						RVT_3,zf-RVT
NODE_5432_length_423_cov_0.583815_1	S	isoform X1						DBD_Tnp_Mut,MULE,SWIM
NODE_5447_length_422_cov_0.846377_1	K	DNA-dependent RNA polymerase catalyzes the transcription of DNA into RNA using the four ribonucleoside triphosphates as substrates	RPB1	GO:0000428,GO:0003674,GO:0003676,GO:0003677,GO:0003824,GO:0003899,GO:0005488,GO:0005575,GO:0005622,GO:0005623,GO:0005634,GO:0005654,GO:0005665,GO:0005737,GO:0005773,GO:0005911,GO:0006139,GO:0006725,GO:0006807,GO:0008150,GO:0008152,GO:0009058,GO:0009059,GO:0009506,GO:0009507,GO:0009536,GO:0009987,GO:0016070,GO:0016591,GO:0016740,GO:0016772,GO:0016779,GO:0018130,GO:0019438,GO:0030054,GO:0030880,GO:0031974,GO:0031981,GO:0032774,GO:0032991,GO:0034062,GO:0034641,GO:0034654,GO:0043170,GO:0043226,GO:0043227,GO:0043229,GO:0043231,GO:0043233,GO:0044237,GO:0044238,GO:0044249,GO:0044271,GO:0044422,GO:0044424,GO:0044428,GO:0044444,GO:0044446,GO:0044451,GO:0044464,GO:0046483,GO:0055029,GO:0055044,GO:0061695,GO:0070013,GO:0071704,GO:0090304,GO:0097159,GO:0097747,GO:0140098,GO:1901360,GO:1901362,GO:1901363,GO:1901576,GO:1902494,GO:1990234	ko:K03006	ko00230,ko00240,ko01100,ko03020,ko05016,ko05168,ko05169,map00230,map00240,map01100,map03020,map05016,map05168,map05169	M00180	RNA_pol_Rpb1_1,RNA_pol_Rpb1_2,RNA_pol_Rpb1_3,RNA_pol_Rpb1_4,RNA_pol_Rpb1_5,RNA_pol_Rpb1_6,RNA_pol_Rpb1_7,RNA_pol_Rpb1_R
NODE_5449_length_422_cov_0.846377_1	T	receptor-like protein kinase						Pkinase,Pkinase_Tyr
NODE_5451_length_422_cov_0.846377_1	G	F-box protein	VFB1	GO:0003674,GO:0003824,GO:0004842,GO:0005575,GO:0005622,GO:0005623,GO:0005737,GO:0006464,GO:0006807,GO:0008150,GO:0008152,GO:0009987,GO:0016567,GO:0016740,GO:0019538,GO:0019787,GO:0032446,GO:0036211,GO:0043170,GO:0043412,GO:0044237,GO:0044238,GO:0044260,GO:0044267,GO:0044424,GO:0044464,GO:0070647,GO:0071704,GO:0140096,GO:1901564	ko:K10268,ko:K10273			F-box,F-box-like,LRR_6
NODE_5454_length_422_cov_0.773913_1	C	Succinyl-CoA synthetase functions in the citric acid cycle (TCA), coupling the hydrolysis of succinyl-CoA to the synthesis of ATP and thus represents the only step of substrate- level phosphorylation in the TCA. The beta subunit provides nucleotide specificity of the enzyme and binds the substrate succinate, while the binding sites for coenzyme A and phosphate are found in the alpha subunit		GO:0000166,GO:0003674,GO:0003824,GO:0004774,GO:0004775,GO:0005488,GO:0005507,GO:0005524,GO:0005575,GO:0005622,GO:0005623,GO:0005737,GO:0005739,GO:0006082,GO:0006091,GO:0006099,GO:0006101,GO:0006104,GO:0006105,GO:0006139,GO:0006163,GO:0006637,GO:0006725,GO:0006732,GO:0006753,GO:0006790,GO:0006793,GO:0006796,GO:0006807,GO:0008144,GO:0008150,GO:0008152,GO:0009060,GO:0009117,GO:0009150,GO:0009259,GO:0009987,GO:0010035,GO:0010038,GO:0015980,GO:0016874,GO:0016877,GO:0016878,GO:0016999,GO:0017076,GO:0017144,GO:0019637,GO:0019693,GO:0019752,GO:0030554,GO:0032553,GO:0032555,GO:0032559,GO:0033865,GO:0033875,GO:0034032,GO:0034641,GO:0035383,GO:0035639,GO:0036094,GO:0042221,GO:0043167,GO:0043168,GO:0043169,GO:0043226,GO:0043227,GO:0043229,GO:0043231,GO:0043436,GO:0043603,GO:0043648,GO:0044237,GO:0044238,GO:0044281,GO:0044424,GO:0044444,GO:0044464,GO:0045333,GO:0046483,GO:0046686,GO:0046872,GO:0046914,GO:0050896,GO:0051186,GO:0055086,GO:0055114,GO:0071704,GO:0072350,GO:0072521,GO:0097159,GO:0097367,GO:1901135,GO:1901265,GO:1901360,GO:1901363,GO:1901564	ko:K01900	ko00020,ko00640,ko01100,ko01110,ko01120,ko01130,ko01200,map00020,map00640,map01100,map01110,map01120,map01130,map01200	M00009,M00011	ATP-grasp_2,Ligase_CoA
NODE_5475_length_421_cov_1.040698_1	S	Domain of unknown function (DUF4283)						DUF4283
NODE_5499_length_421_cov_0.642442_1	S	Protein FAR1-RELATED SEQUENCE 5-like						FAR1,MULE,SWIM
NODE_5503_length_421_cov_0.619186_1	S	Ribonuclease H protein						DUF4283
NODE_5522_length_420_cov_0.717201_1	H	transposition, RNA-mediated						RVP_2,RVT_1,Retrotrans_gag,rve
NODE_5546_length_419_cov_0.853801_1	H	Belongs to the FPP GGPP synthase family			ko:K13789	ko00900,ko01100,ko01110,ko01130,map00900,map01100,map01110,map01130	M00364,M00366	polyprenyl_synt
NODE_5548_length_419_cov_0.821637_1	E	Pentatricopeptide repeat-containing protein		GO:0003674,GO:0003676,GO:0003723,GO:0003824,GO:0004518,GO:0004519,GO:0005488,GO:0005575,GO:0005622,GO:0005623,GO:0006139,GO:0006725,GO:0006807,GO:0008150,GO:0008152,GO:0009451,GO:0009987,GO:0016070,GO:0016787,GO:0016788,GO:0034641,GO:0043170,GO:0043226,GO:0043227,GO:0043229,GO:0043231,GO:0043412,GO:0044237,GO:0044238,GO:0044424,GO:0044464,GO:0046483,GO:0071704,GO:0090304,GO:0090305,GO:0097159,GO:1901360,GO:1901363				PPR,PPR_2
NODE_5549_length_419_cov_0.807018_1	C	aldo-keto reductase						Aldo_ket_red
NODE_5555_length_418_cov_0.640351_1	E	Ribonuclease H protein						DUF4283,Exo_endo_phos
NODE_5570_length_418_cov_0.941349_1	K	DnaJ homolog, subfamily C, member		GO:0001558,GO:0003674,GO:0003682,GO:0005488,GO:0005515,GO:0005575,GO:0005622,GO:0005623,GO:0005634,GO:0005737,GO:0005829,GO:0006355,GO:0008150,GO:0009889,GO:0009891,GO:0009893,GO:0010468,GO:0010556,GO:0010557,GO:0010604,GO:0010628,GO:0019219,GO:0019222,GO:0030308,GO:0031323,GO:0031325,GO:0031326,GO:0031328,GO:0040008,GO:0042393,GO:0043226,GO:0043227,GO:0043229,GO:0043231,GO:0044424,GO:0044444,GO:0044464,GO:0045893,GO:0045926,GO:0045935,GO:0048518,GO:0048519,GO:0048522,GO:0048523,GO:0050789,GO:0050794,GO:0051128,GO:0051171,GO:0051173,GO:0051252,GO:0051254,GO:0060255,GO:0061649,GO:0065007,GO:0080090,GO:0140030,GO:0140035,GO:0140036,GO:1902680,GO:1903506,GO:1903508,GO:2000112,GO:2001141	ko:K09522			DnaJ,Myb_DNA-binding
NODE_5597_length_417_cov_1.064706_1	S	ribonuclease H protein						DUF4283,RVT_1,RVT_3,zf-RVT
NODE_5601_length_417_cov_0.885294_1	L	Zinc finger BED domain-containing protein RICESLEEPER 2-like						DUF4413,Dimer_Tnp_hAT,zf-BED
NODE_5612_length_413_cov_0.658824_1	L	ribonuclease H protein						RVT_1,RVT_3,zf-RVT
NODE_5614_length_417_cov_0.644118_1	M	ATPase activity, coupled to transmembrane movement of substances			ko:K08504	ko04130,map04130		DUF4283,Exo_endo_phos,RVT_1,zf-RVT
NODE_5620_length_417_cov_0.564706_1	S	BEST Arabidopsis thaliana protein match is			ko:K18195			Exo_endo_phos,RVT_1,zf-RVT
NODE_5621_length_416_cov_18.126844_1	L	strictosidine synthase activity						Retrotrans_gag,rve
NODE_5637_length_416_cov_0.725664_1	S	zinc-binding in reverse transcriptase						RVT_3,zf-RVT
NODE_5638_length_416_cov_0.702065_1	S	Myb/SANT-like DNA-binding domain						Myb_DNA-bind_3
NODE_5644_length_416_cov_0.516224_1	S	F-box domain						F-box,F-box-like
NODE_5647_length_416_cov_0.448378_1	E	Ribonuclease H protein						Exo_endo_phos
NODE_5664_length_415_cov_0.863905_1	O	RING-H2 finger protein						zf-RING_2
NODE_5688_length_414_cov_8.584570_1	L	8-hydroxy-dADP phosphatase activity						Retrotrans_gag
NODE_5693_length_414_cov_1.074184_1	S	plant-type cell wall cellulose biosynthetic process		GO:0000271,GO:0003674,GO:0005488,GO:0005515,GO:0005575,GO:0005618,GO:0005622,GO:0005623,GO:0005737,GO:0005768,GO:0005794,GO:0005802,GO:0005975,GO:0005976,GO:0006073,GO:0006109,GO:0008150,GO:0008152,GO:0009058,GO:0009059,GO:0009250,GO:0009664,GO:0009832,GO:0009889,GO:0009987,GO:0010383,GO:0010556,GO:0010675,GO:0010962,GO:0010981,GO:0012505,GO:0016043,GO:0016051,GO:0019222,GO:0030243,GO:0030244,GO:0030312,GO:0031323,GO:0031326,GO:0031410,GO:0031982,GO:0031984,GO:0032881,GO:0032885,GO:0032950,GO:0032951,GO:0033692,GO:0034637,GO:0034645,GO:0042546,GO:0042802,GO:0043170,GO:0043226,GO:0043227,GO:0043229,GO:0043231,GO:0043255,GO:0044036,GO:0044038,GO:0044042,GO:0044085,GO:0044087,GO:0044237,GO:0044238,GO:0044249,GO:0044260,GO:0044262,GO:0044264,GO:0044422,GO:0044424,GO:0044431,GO:0044444,GO:0044446,GO:0044464,GO:0045229,GO:0050789,GO:0050794,GO:0051128,GO:0051273,GO:0051274,GO:0052324,GO:0052541,GO:0060255,GO:0065007,GO:0070589,GO:0070592,GO:0071554,GO:0071555,GO:0071669,GO:0071704,GO:0071840,GO:0071944,GO:0080090,GO:0097708,GO:0098791,GO:1901576,GO:1903338,GO:2000112,GO:2001006,GO:2001009				STELLO
NODE_5694_length_414_cov_1.041543_1	S	Indole-3-acetic acid-amido synthetase		GO:0005575,GO:0005622,GO:0005623,GO:0005737,GO:0009507,GO:0009526,GO:0009536,GO:0009941,GO:0031967,GO:0031975,GO:0043226,GO:0043227,GO:0043229,GO:0043231,GO:0044422,GO:0044424,GO:0044434,GO:0044435,GO:0044444,GO:0044446,GO:0044464	ko:K14487	ko04075,map04075		GH3
NODE_5715_length_414_cov_0.664688_1	S	source UniProtKB						DUF4216,DUF4218,Transpos_assoc,Transposase_21
NODE_5718_length_414_cov_0.608309_1	S	source UniProtKB						DUF4216,DUF4218,Transpos_assoc,Transposase_21
NODE_5747_length_413_cov_0.654762_1	T	ATPase activity, coupled to transmembrane movement of substances			ko:K08504	ko04130,map04130		DUF4283,RVT_1,zf-RVT
NODE_5749_length_413_cov_0.648810_1	E	Uncharacterized protein K02A2.6-like						RVT_1,RVT_3,Retrotrans_gag,rve
NODE_5759_length_412_cov_1.041791_1	K	Nuclear transcription factor Y subunit		GO:0000003,GO:0001101,GO:0003006,GO:0003674,GO:0003700,GO:0006355,GO:0006950,GO:0007154,GO:0007165,GO:0007275,GO:0008150,GO:0009314,GO:0009414,GO:0009415,GO:0009416,GO:0009628,GO:0009637,GO:0009719,GO:0009725,GO:0009737,GO:0009738,GO:0009755,GO:0009785,GO:0009790,GO:0009791,GO:0009793,GO:0009889,GO:0009890,GO:0009892,GO:0009987,GO:0010033,GO:0010035,GO:0010154,GO:0010262,GO:0010468,GO:0010556,GO:0010558,GO:0010605,GO:0010629,GO:0019219,GO:0019222,GO:0022414,GO:0023052,GO:0030522,GO:0031323,GO:0031324,GO:0031326,GO:0031327,GO:0032501,GO:0032502,GO:0032870,GO:0033993,GO:0042221,GO:0045892,GO:0045934,GO:0048316,GO:0048519,GO:0048523,GO:0048608,GO:0048731,GO:0048856,GO:0050789,GO:0050794,GO:0050896,GO:0051171,GO:0051172,GO:0051252,GO:0051253,GO:0051716,GO:0060255,GO:0061458,GO:0065007,GO:0070887,GO:0071214,GO:0071215,GO:0071229,GO:0071310,GO:0071396,GO:0071478,GO:0071482,GO:0071483,GO:0071495,GO:0080090,GO:0097305,GO:0097306,GO:0104004,GO:0140110,GO:1901700,GO:1901701,GO:1902679,GO:1903506,GO:1903507,GO:2000112,GO:2000113,GO:2001141	ko:K08064	ko04612,ko05152,map04612,map05152		CBFB_NFYA
NODE_5769_length_412_cov_0.811940_1	Q	cytochrome P450						p450
NODE_5782_length_412_cov_0.600000_1	S	Protein FAR1-RELATED SEQUENCE 5-like						FAR1,MULE,SWIM
NODE_5835_length_410_cov_0.675676_1	L	transposition, RNA-mediated						RVP_2,RVT_1,Retrotrans_gag,rve
NODE_5850_length_409_cov_0.879518_1	O	E3 ubiquitin-protein ligase		GO:0000902,GO:0000904,GO:0003674,GO:0003824,GO:0004842,GO:0005575,GO:0005622,GO:0005623,GO:0005737,GO:0005886,GO:0006139,GO:0006259,GO:0006260,GO:0006261,GO:0006464,GO:0006725,GO:0006807,GO:0007049,GO:0008150,GO:0008152,GO:0009058,GO:0009059,GO:0009653,GO:0009888,GO:0009987,GO:0010026,GO:0010090,GO:0010091,GO:0016020,GO:0016043,GO:0016567,GO:0016740,GO:0019538,GO:0019787,GO:0022402,GO:0030154,GO:0032446,GO:0032502,GO:0032989,GO:0034641,GO:0034645,GO:0036211,GO:0042023,GO:0043170,GO:0043412,GO:0044237,GO:0044238,GO:0044249,GO:0044260,GO:0044267,GO:0044424,GO:0044464,GO:0044786,GO:0046483,GO:0048468,GO:0048856,GO:0048869,GO:0061630,GO:0061659,GO:0070647,GO:0071704,GO:0071840,GO:0071944,GO:0090304,GO:0090558,GO:0090626,GO:0140096,GO:1901360,GO:1901564,GO:1901576	ko:K10590	ko04120,map04120		HECT
NODE_5851_length_409_cov_0.879518_1	S	Ribonuclease H protein			ko:K08504	ko04130,map04130		DUF4283,RVT_1,zf-RVT
NODE_5864_length_409_cov_0.650602_1	D	Belongs to the helicase family			ko:K15255			Helitron_like_N,Herpes_Helicase,PIF1
NODE_5879_length_408_cov_1.135952_1	S	Reverse transcriptase (RNA-dependent DNA polymerase)						DUF4283,RVT_1,RVT_3,zf-RVT
NODE_5890_length_408_cov_0.731118_1	S	ZF-HD protein dimerisation region						ZF-HD_dimer
NODE_5894_length_408_cov_0.649547_1	E	Ribonuclease H protein						
NODE_5896_length_408_cov_0.646526_1	S	Domain of unknown function (DUF4283)						DUF4283,zf-CCHC_4
NODE_5902_length_408_cov_0.462236_1	T	Disease resistance protein		GO:0005575,GO:0005623,GO:0005886,GO:0006950,GO:0006952,GO:0007154,GO:0007165,GO:0008150,GO:0009987,GO:0016020,GO:0023052,GO:0044464,GO:0050789,GO:0050794,GO:0050896,GO:0051716,GO:0065007,GO:0071944				LRR_8,NB-ARC
NODE_5908_length_407_cov_1.278788_1	E	Ribonuclease H protein						zf-RVT
NODE_5933_length_407_cov_0.639394_1	S	Domain of unknown function (DUF4283)						DUF4283,zf-CCHC_4
NODE_5938_length_407_cov_0.554545_1	E	Ribonuclease H protein			ko:K03549			RVT_1,RVT_3,zf-RVT
NODE_5940_length_407_cov_0.412121_1	S	Domain of unknown function (DUF4216)						DUF4216,DUF4218
NODE_5941_length_407_cov_0.409091_1	L	ribonuclease H protein						RVT_1,RVT_3,zf-RVT
NODE_5943_length_406_cov_1.218845_1	O	E3 ubiquitin-protein ligase	UPL1	GO:0000151,GO:0003674,GO:0003824,GO:0004842,GO:0005575,GO:0005622,GO:0005623,GO:0005634,GO:0005737,GO:0005739,GO:0005829,GO:0005911,GO:0006464,GO:0006807,GO:0008150,GO:0008152,GO:0009506,GO:0009987,GO:0016020,GO:0016567,GO:0016740,GO:0019538,GO:0019787,GO:0030054,GO:0032446,GO:0032991,GO:0036211,GO:0043170,GO:0043226,GO:0043227,GO:0043229,GO:0043231,GO:0043412,GO:0044237,GO:0044238,GO:0044260,GO:0044267,GO:0044424,GO:0044444,GO:0044464,GO:0055044,GO:0061630,GO:0061659,GO:0070647,GO:0071704,GO:0140096,GO:1901564,GO:1902494,GO:1990234	ko:K10592	ko04120,map04120		DUF4414,DUF908,DUF913,HECT,UBA
NODE_5949_length_406_cov_0.987842_1	KL	ribonuclease H protein At1g65750						DUF4283,RVT_1,RVT_3,zf-RVT
NODE_5953_length_406_cov_0.887538_1	AO	Ubiquitin fusion degradation UFD1 family protein		GO:0006508,GO:0006511,GO:0006807,GO:0008150,GO:0008152,GO:0009056,GO:0009057,GO:0009987,GO:0019538,GO:0019941,GO:0030163,GO:0043170,GO:0043632,GO:0044237,GO:0044238,GO:0044248,GO:0044257,GO:0044260,GO:0044265,GO:0044267,GO:0051603,GO:0071704,GO:1901564,GO:1901565,GO:1901575				UFD1
NODE_5998_length_405_cov_0.490854_1	T	ATPase activity, coupled to transmembrane movement of substances			ko:K01051	ko00040,ko01100,map00040,map01100	M00081	DUF4283,Exo_endo_phos,RVT_1,zf-RVT
NODE_6037_length_403_cov_0.917178_1	L	G-quadruplex DNA unwinding			ko:K15255			Helitron_like_N,Herpes_Helicase,PIF1
NODE_6038_length_403_cov_0.895706_1	L	ribonuclease H protein						RVT_1,RVT_3,zf-RVT
NODE_6042_length_403_cov_0.889571_1	S	Pentatricopeptide repeat-containing protein		GO:0003674,GO:0003676,GO:0003723,GO:0003824,GO:0004518,GO:0004519,GO:0005488,GO:0005575,GO:0005622,GO:0005623,GO:0006139,GO:0006725,GO:0006807,GO:0008150,GO:0008152,GO:0009451,GO:0009987,GO:0016070,GO:0016787,GO:0016788,GO:0034641,GO:0043170,GO:0043226,GO:0043227,GO:0043229,GO:0043231,GO:0043412,GO:0044237,GO:0044238,GO:0044424,GO:0044464,GO:0046483,GO:0071704,GO:0090304,GO:0090305,GO:0097159,GO:1901360,GO:1901363				DYW_deaminase,PPR,PPR_2
NODE_6049_length_403_cov_0.730061_1	S	PPR repeat family		GO:0003674,GO:0003676,GO:0003723,GO:0003824,GO:0004518,GO:0004519,GO:0005488,GO:0005575,GO:0005622,GO:0005623,GO:0006139,GO:0006725,GO:0006807,GO:0008150,GO:0008152,GO:0009451,GO:0009987,GO:0016070,GO:0016787,GO:0016788,GO:0034641,GO:0043170,GO:0043226,GO:0043227,GO:0043229,GO:0043231,GO:0043412,GO:0044237,GO:0044238,GO:0044424,GO:0044464,GO:0046483,GO:0071704,GO:0090304,GO:0090305,GO:0097159,GO:1901360,GO:1901363				PPR,PPR_2
NODE_6064_length_403_cov_0.380368_1	E	Ribonuclease H protein						DUF4283,zf-CCHC_4
NODE_6067_length_402_cov_1.400000_1	S	Syntaxin t-SNARE family protein						Syntaxin-6_N
NODE_6081_length_402_cov_0.870769_1	K	Domain of unknown function (DUF4283)						DUF4283,zf-CCHC_4
NODE_6086_length_402_cov_0.787692_1	J	RNA-binding component of the eukaryotic translation initiation factor 3 (eIF-3) complex, which is involved in protein synthesis of a specialized repertoire of mRNAs and, together with other initiation factors, stimulates binding of mRNA and methionyl-tRNAi to the 40S ribosome. The eIF-3 complex specifically targets and initiates translation of a subset of mRNAs involved in cell proliferation		GO:0001732,GO:0002181,GO:0002183,GO:0002188,GO:0003674,GO:0003676,GO:0003723,GO:0003729,GO:0003743,GO:0005488,GO:0005575,GO:0005622,GO:0005623,GO:0005737,GO:0005829,GO:0005852,GO:0005886,GO:0006412,GO:0006413,GO:0006518,GO:0006807,GO:0008135,GO:0008150,GO:0008152,GO:0009058,GO:0009059,GO:0009987,GO:0010467,GO:0016020,GO:0016043,GO:0019538,GO:0022607,GO:0022613,GO:0022618,GO:0032991,GO:0034622,GO:0034641,GO:0034645,GO:0043043,GO:0043170,GO:0043603,GO:0043604,GO:0043614,GO:0043933,GO:0044085,GO:0044237,GO:0044238,GO:0044249,GO:0044260,GO:0044267,GO:0044271,GO:0044424,GO:0044444,GO:0044464,GO:0065003,GO:0071540,GO:0071541,GO:0071704,GO:0071826,GO:0071840,GO:0071944,GO:0097159,GO:1901363,GO:1901564,GO:1901566,GO:1901576,GO:1990904	ko:K03254	ko03013,map03013		PCI
NODE_6091_length_402_cov_0.753846_1	L	gag-polypeptide of LTR copia-type						Retrotran_gag_2
NODE_6101_length_402_cov_0.630769_1	M	aspartic-type endopeptidase activity						RVT_2,rve
NODE_6112_length_401_cov_1.802469_1	L	Gag-pro-like protein						Retrotrans_gag
NODE_6149_length_400_cov_1.074303_1	L	cysteine-rich RLK (RECEPTOR-like protein kinase) 8						RVT_2,Retrotran_gag_3,Retrotrans_gag,gag_pre-integrs,rve
NODE_6154_length_400_cov_0.904025_1	L	transposition, RNA-mediated						Retrotrans_gag
NODE_6158_length_400_cov_0.857585_1	K	transcription factor	PCL1	GO:0000156,GO:0000160,GO:0003674,GO:0003700,GO:0005575,GO:0005622,GO:0005623,GO:0005634,GO:0006355,GO:0007154,GO:0007165,GO:0007275,GO:0007568,GO:0007623,GO:0008150,GO:0009653,GO:0009719,GO:0009723,GO:0009725,GO:0009735,GO:0009736,GO:0009755,GO:0009873,GO:0009888,GO:0009889,GO:0009909,GO:0009987,GO:0010015,GO:0010033,GO:0010073,GO:0010075,GO:0010082,GO:0010119,GO:0010150,GO:0010468,GO:0010556,GO:0019219,GO:0019222,GO:0022622,GO:0023052,GO:0031323,GO:0031326,GO:0032501,GO:0032502,GO:0032870,GO:0035556,GO:0040008,GO:0042221,GO:0042752,GO:0042753,GO:0043226,GO:0043227,GO:0043229,GO:0043231,GO:0044424,GO:0044464,GO:0048364,GO:0048366,GO:0048367,GO:0048507,GO:0048509,GO:0048511,GO:0048518,GO:0048580,GO:0048638,GO:0048731,GO:0048827,GO:0048831,GO:0048856,GO:0050789,GO:0050793,GO:0050794,GO:0050896,GO:0051171,GO:0051239,GO:0051252,GO:0051716,GO:0060089,GO:0060255,GO:0065007,GO:0070887,GO:0071310,GO:0071368,GO:0071369,GO:0071495,GO:0080050,GO:0080090,GO:0080113,GO:0090693,GO:0099402,GO:0140110,GO:1903506,GO:1905392,GO:2000026,GO:2000112,GO:2000241,GO:2000280,GO:2001141				Myb_DNA-binding
NODE_6173_length_400_cov_0.702786_1	S	endonuclease activity						PPR,PPR_1,PPR_2,PPR_3
NODE_6255_length_398_cov_0.744548_1	S	Domain of unknown function (DUF4216)						DUF4216,DUF4218
NODE_6298_length_396_cov_1.373041_1	S	Pentatricopeptide repeat-containing protein			ko:K02140	ko00190,ko01100,ko04714,map00190,map01100,map04714	M00158	DYW_deaminase,PPR,PPR_2,PPR_3
NODE_6309_length_396_cov_0.821317_1	S	ADP binding						LRR_8,Pkinase_Tyr
NODE_6332_length_394_cov_1.216981_1	S	MuDR family transposase						DBD_Tnp_Mut,MULE,SWIM
NODE_6347_length_395_cov_0.723270_1	Q	cytochrome P450		GO:0003674,GO:0003824,GO:0004497,GO:0005575,GO:0005622,GO:0005623,GO:0005737,GO:0005783,GO:0005789,GO:0008150,GO:0008152,GO:0009058,GO:0012505,GO:0016020,GO:0016491,GO:0016705,GO:0016709,GO:0019748,GO:0031090,GO:0031984,GO:0042175,GO:0043226,GO:0043227,GO:0043229,GO:0043231,GO:0044422,GO:0044424,GO:0044425,GO:0044432,GO:0044444,GO:0044446,GO:0044464,GO:0044550,GO:0055114,GO:0098827	ko:K20562			p450
NODE_6361_length_394_cov_0.477987_1	T	ATPase activity, coupled to transmembrane movement of substances			ko:K08504	ko04130,map04130		DUF4283,RVT_1,zf-RVT
NODE_6363_length_394_cov_1.987382_1	O	GRF zinc finger						zf-CCHC,zf-GRF
NODE_6385_length_394_cov_0.681388_1	S	Pentatricopeptide repeat-containing protein At3g62890-like						PPR
NODE_6392_length_394_cov_0.634069_1	L	ribonuclease H protein						RVT_1,RVT_3,zf-RVT
NODE_6399_length_393_cov_1.155063_1	S	Zinc finger protein ZPR1		GO:0000086,GO:0000278,GO:0003674,GO:0005488,GO:0005515,GO:0005575,GO:0005622,GO:0005623,GO:0005634,GO:0005737,GO:0006950,GO:0007049,GO:0007154,GO:0008150,GO:0009267,GO:0009605,GO:0009743,GO:0009746,GO:0009749,GO:0009987,GO:0009991,GO:0010033,GO:0022402,GO:0031667,GO:0031668,GO:0031669,GO:0033554,GO:0034284,GO:0042221,GO:0042594,GO:0043226,GO:0043227,GO:0043229,GO:0043231,GO:0044424,GO:0044464,GO:0044770,GO:0044772,GO:0044839,GO:0050896,GO:0051716,GO:0061770,GO:0071496,GO:1901700,GO:1903047	ko:K06874			zf-ZPR1
NODE_6407_length_393_cov_0.924051_1	F	xanthine dehydrogenase	XDH1	GO:0000166,GO:0000302,GO:0001101,GO:0003674,GO:0003824,GO:0004854,GO:0005488,GO:0005575,GO:0005622,GO:0005623,GO:0005737,GO:0005829,GO:0006139,GO:0006144,GO:0006145,GO:0006725,GO:0006801,GO:0006807,GO:0006950,GO:0006979,GO:0008150,GO:0008152,GO:0009056,GO:0009112,GO:0009115,GO:0009414,GO:0009415,GO:0009628,GO:0009987,GO:0010035,GO:0016491,GO:0016725,GO:0016726,GO:0016903,GO:0019439,GO:0034641,GO:0036094,GO:0042221,GO:0042554,GO:0043167,GO:0043168,GO:0043546,GO:0044237,GO:0044238,GO:0044248,GO:0044270,GO:0044281,GO:0044424,GO:0044444,GO:0044464,GO:0046110,GO:0046113,GO:0046483,GO:0046700,GO:0048037,GO:0050660,GO:0050662,GO:0050896,GO:0051536,GO:0051537,GO:0051540,GO:0055086,GO:0055114,GO:0071704,GO:0072521,GO:0072523,GO:0072593,GO:0097159,GO:1901265,GO:1901360,GO:1901361,GO:1901363,GO:1901564,GO:1901565,GO:1901575,GO:1901700	ko:K00106	ko00230,ko00232,ko00983,ko01100,ko01110,ko01120,ko04146,map00230,map00232,map00983,map01100,map01110,map01120,map04146	M00546	Ald_Xan_dh_C,Ald_Xan_dh_C2,CO_deh_flav_C,FAD_binding_5,Fer2,Fer2_2
NODE_6409_length_393_cov_0.924051_1	S	Orf147a protein						zf-RVT
NODE_6440_length_393_cov_0.632911_1	S	Reverse transcriptase (RNA-dependent DNA polymerase)						DUF4283,RVT_1,RVT_3,zf-RVT
NODE_6449_length_393_cov_0.537975_1	E	Ribonuclease H protein						
NODE_6457_length_392_cov_1.079365_2	T	Non-specific serine threonine protein kinase		GO:0003674,GO:0003824,GO:0004672,GO:0004674,GO:0005575,GO:0005622,GO:0005623,GO:0005634,GO:0005737,GO:0006464,GO:0006468,GO:0006793,GO:0006796,GO:0006807,GO:0007154,GO:0007165,GO:0008150,GO:0008152,GO:0009987,GO:0016301,GO:0016310,GO:0016740,GO:0016772,GO:0016773,GO:0019538,GO:0023052,GO:0035556,GO:0036211,GO:0043170,GO:0043226,GO:0043227,GO:0043229,GO:0043231,GO:0043412,GO:0044237,GO:0044238,GO:0044260,GO:0044267,GO:0044424,GO:0044464,GO:0050789,GO:0050794,GO:0050896,GO:0051716,GO:0065007,GO:0071704,GO:0140096,GO:1901564	ko:K07198	ko04068,ko04140,ko04150,ko04151,ko04152,ko04211,ko04213,ko04371,ko04530,ko04710,ko04714,ko04910,ko04920,ko04921,ko04922,ko04931,ko04932,ko05410,ko05418,map04068,map04140,map04150,map04151,map04152,map04211,map04213,map04371,map04530,map04710,map04714,map04910,map04920,map04921,map04922,map04931,map04932,map05410,map05418		KA1,Pkinase,UBA
NODE_6458_length_391_cov_1.060317_1	G	Purple acid phosphatase			ko:K22390			Metallophos,Metallophos_C,Pur_ac_phosph_N
NODE_6471_length_392_cov_0.698413_1	S	MuDR family transposase						DBD_Tnp_Mut,MULE,SWIM
NODE_6497_length_391_cov_0.929936_1	L	Chloroplastic group IIA intron splicing facilitator CRS1		GO:0000373,GO:0000375,GO:0000377,GO:0006139,GO:0006396,GO:0006725,GO:0006807,GO:0008150,GO:0008152,GO:0008380,GO:0009987,GO:0010467,GO:0016070,GO:0034641,GO:0043170,GO:0044237,GO:0044238,GO:0046483,GO:0071704,GO:0090304,GO:1901360				CRS1_YhbY
NODE_6507_length_391_cov_0.697452_1	M	aspartic-type endopeptidase activity	pepA	GO:0003674,GO:0003824,GO:0004175,GO:0004190,GO:0005575,GO:0005576,GO:0006508,GO:0006807,GO:0008150,GO:0008152,GO:0008233,GO:0009056,GO:0009057,GO:0016787,GO:0019538,GO:0030163,GO:0043170,GO:0044238,GO:0070001,GO:0070011,GO:0071704,GO:0140096,GO:1901564,GO:1901565,GO:1901575	ko:K06004			Asp,TAXi_C,TAXi_N
NODE_6538_length_390_cov_0.766773_1	E	Ribonuclease H protein						DUF4283,Exo_endo_phos,zf-CCHC_4
NODE_6584_length_389_cov_0.814103_1	S	source UniProtKB						DUF4216,DUF4218,Transpos_assoc,Transposase_21
NODE_6586_length_389_cov_0.801282_1	J	May function in recognizing stalled ribosomes and triggering endonucleolytic cleavage of the mRNA, a mechanism to release non-functional ribosomes and degrade damaged mRNAs		GO:0000956,GO:0003674,GO:0005488,GO:0005575,GO:0005622,GO:0005623,GO:0005737,GO:0006139,GO:0006401,GO:0006402,GO:0006412,GO:0006518,GO:0006725,GO:0006807,GO:0006996,GO:0008150,GO:0008152,GO:0009056,GO:0009057,GO:0009058,GO:0009059,GO:0009892,GO:0009987,GO:0010467,GO:0010468,GO:0010605,GO:0010629,GO:0016043,GO:0016070,GO:0016071,GO:0016072,GO:0016075,GO:0019222,GO:0019439,GO:0019538,GO:0022411,GO:0032790,GO:0032984,GO:0032988,GO:0034641,GO:0034645,GO:0034655,GO:0034660,GO:0034661,GO:0043021,GO:0043022,GO:0043043,GO:0043170,GO:0043603,GO:0043604,GO:0043933,GO:0044237,GO:0044238,GO:0044248,GO:0044249,GO:0044260,GO:0044265,GO:0044267,GO:0044270,GO:0044271,GO:0044424,GO:0044464,GO:0044877,GO:0046483,GO:0046700,GO:0048519,GO:0050789,GO:0060255,GO:0065007,GO:0070651,GO:0070966,GO:0071704,GO:0071826,GO:0071840,GO:0090304,GO:1901360,GO:1901361,GO:1901564,GO:1901566,GO:1901575,GO:1901576,GO:1903008	ko:K06965	ko03015,map03015		eRF1_1,eRF1_2,eRF1_3
NODE_6590_length_389_cov_0.701923_1	S	Pentatricopeptide repeat-containing protein		GO:0003674,GO:0003676,GO:0003723,GO:0003824,GO:0004518,GO:0004519,GO:0005488,GO:0005575,GO:0005622,GO:0005623,GO:0005737,GO:0005739,GO:0006139,GO:0006725,GO:0006807,GO:0008150,GO:0008152,GO:0009451,GO:0009987,GO:0016070,GO:0016787,GO:0016788,GO:0034641,GO:0043170,GO:0043226,GO:0043227,GO:0043229,GO:0043231,GO:0043412,GO:0044237,GO:0044238,GO:0044424,GO:0044444,GO:0044464,GO:0046483,GO:0071704,GO:0090304,GO:0090305,GO:0097159,GO:1901360,GO:1901363				PPR,PPR_2,PPR_3
NODE_6595_length_389_cov_0.685897_1	T	receptor-like protein kinase						GUB_WAK_bind,Pkinase,WAK_assoc
NODE_6621_length_388_cov_0.861736_1	S	Zinc finger MYM-type protein						DUF4371,Dimer_Tnp_hAT
NODE_6630_length_388_cov_0.742765_1	L	transposition, RNA-mediated						RVT_1,RVT_3,Retrotrans_gag,rve
NODE_6635_length_388_cov_0.694534_1	S	BEST Arabidopsis thaliana protein match is			ko:K14487,ko:K18195	ko04075,map04075		DUF4283,RVT_1,zf-CCHC_4,zf-RVT
NODE_6674_length_387_cov_0.683871_1	H	Bifunctional enzyme. Involved in de novo dTMP biosynthesis. Key enzyme in folate metabolism		GO:0003674,GO:0003824,GO:0004146,GO:0004799,GO:0005575,GO:0005622,GO:0005623,GO:0005737,GO:0005829,GO:0006082,GO:0006575,GO:0006725,GO:0006732,GO:0006760,GO:0006807,GO:0008150,GO:0008152,GO:0008168,GO:0009058,GO:0009108,GO:0009256,GO:0009257,GO:0009396,GO:0009987,GO:0016053,GO:0016491,GO:0016645,GO:0016646,GO:0016740,GO:0016741,GO:0018130,GO:0019438,GO:0019752,GO:0032259,GO:0034641,GO:0042083,GO:0042398,GO:0042558,GO:0042559,GO:0043436,GO:0043603,GO:0043604,GO:0043648,GO:0043650,GO:0044237,GO:0044249,GO:0044271,GO:0044281,GO:0044283,GO:0044424,GO:0044444,GO:0044464,GO:0046394,GO:0046483,GO:0046653,GO:0046654,GO:0051186,GO:0051188,GO:0055114,GO:0071704,GO:1901360,GO:1901362,GO:1901564,GO:1901566,GO:1901576	ko:K13998	ko00240,ko00670,ko00790,ko01100,map00240,map00670,map00790,map01100	M00053,M00126,M00841	DHFR_1,Thymidylat_synt
NODE_6682_length_387_cov_0.600000_1	A	Ras GTPase-activating protein-binding protein						NTF2,RRM_1
NODE_6688_length_387_cov_0.438710_1	L	Uncharacterized protein K02A2.6-like						RVT_1,RVT_3,Retrotrans_gag,rve
NODE_6705_length_386_cov_0.792880_1				GO:0000123,GO:0000228,GO:0000785,GO:0000790,GO:0000812,GO:0005575,GO:0005622,GO:0005623,GO:0005634,GO:0005654,GO:0005694,GO:0006325,GO:0006464,GO:0006473,GO:0006475,GO:0006807,GO:0006996,GO:0008150,GO:0008152,GO:0009987,GO:0016043,GO:0016569,GO:0016570,GO:0016573,GO:0016604,GO:0016607,GO:0018193,GO:0018205,GO:0018393,GO:0018394,GO:0019538,GO:0031248,GO:0031974,GO:0031981,GO:0032991,GO:0035267,GO:0036211,GO:0043170,GO:0043189,GO:0043226,GO:0043227,GO:0043228,GO:0043229,GO:0043231,GO:0043232,GO:0043233,GO:0043412,GO:0043543,GO:0043967,GO:0043968,GO:0044237,GO:0044238,GO:0044260,GO:0044267,GO:0044422,GO:0044424,GO:0044427,GO:0044428,GO:0044446,GO:0044451,GO:0044454,GO:0044464,GO:0051276,GO:0070013,GO:0070603,GO:0071704,GO:0071840,GO:0097346,GO:1901564,GO:1902493,GO:1902494,GO:1902562,GO:1904949,GO:1990234				HSA,Myb_DNA-bind_6
NODE_6706_length_386_cov_0.789644_1	L	transposition, RNA-mediated						RVT_1,RVT_3,Retrotrans_gag,rve
NODE_6714_length_386_cov_0.695793_1	L	NB-ARC domain						NB-ARC,RVT_2,TIR
NODE_6731_length_385_cov_1.178571_1	S	OBERON-like protein						Oberon_cc,PHD_Oberon
NODE_6732_length_385_cov_0.974026_1	E	POT family		GO:0000003,GO:0003006,GO:0003674,GO:0005215,GO:0005575,GO:0005623,GO:0005886,GO:0006810,GO:0006811,GO:0006820,GO:0007154,GO:0007275,GO:0008150,GO:0008509,GO:0009605,GO:0009790,GO:0009791,GO:0009793,GO:0009987,GO:0009991,GO:0010098,GO:0010154,GO:0015075,GO:0015103,GO:0015112,GO:0015318,GO:0015698,GO:0015706,GO:0016020,GO:0022414,GO:0022857,GO:0031667,GO:0031668,GO:0031669,GO:0032501,GO:0032502,GO:0034220,GO:0043562,GO:0044464,GO:0048316,GO:0048608,GO:0048731,GO:0048856,GO:0050896,GO:0051179,GO:0051234,GO:0051716,GO:0055085,GO:0061458,GO:0071496,GO:0071705,GO:0071944,GO:0080054,GO:0098656	ko:K14206,ko:K14638	ko04974,map04974		PTR2
NODE_6733_length_385_cov_0.948052_1	G	Beta-13-galactosyltransferase		GO:0000003,GO:0003006,GO:0003674,GO:0003824,GO:0005575,GO:0005622,GO:0005623,GO:0005737,GO:0005794,GO:0006029,GO:0006464,GO:0006486,GO:0006493,GO:0006807,GO:0007275,GO:0008150,GO:0008152,GO:0008378,GO:0009058,GO:0009059,GO:0009100,GO:0009101,GO:0009653,GO:0009791,GO:0009888,GO:0009987,GO:0010015,GO:0010053,GO:0010054,GO:0010154,GO:0010191,GO:0010192,GO:0010214,GO:0010384,GO:0010404,GO:0010405,GO:0012505,GO:0016740,GO:0016757,GO:0016758,GO:0018193,GO:0018208,GO:0018258,GO:0019538,GO:0021700,GO:0022414,GO:0022622,GO:0030154,GO:0032501,GO:0032502,GO:0034645,GO:0036211,GO:0043170,GO:0043226,GO:0043227,GO:0043229,GO:0043231,GO:0043412,GO:0043413,GO:0044036,GO:0044237,GO:0044238,GO:0044249,GO:0044260,GO:0044267,GO:0044424,GO:0044444,GO:0044464,GO:0048316,GO:0048354,GO:0048359,GO:0048364,GO:0048468,GO:0048469,GO:0048608,GO:0048731,GO:0048764,GO:0048765,GO:0048856,GO:0048869,GO:0061458,GO:0070085,GO:0071554,GO:0071695,GO:0071704,GO:0080147,GO:0090558,GO:0090627,GO:0099402,GO:1901135,GO:1901137,GO:1901564,GO:1901566,GO:1901576,GO:1905392,GO:1990714	ko:K20843			Gal-bind_lectin,Galactosyl_T
NODE_6813_length_383_cov_0.924837_1	L	Mitochondrial protein						RVT_2,Retrotran_gag_2,Retrotran_gag_3,gag_pre-integrs
NODE_6823_length_383_cov_0.781046_1	K	homeobox-leucine zipper protein		GO:0000003,GO:0003006,GO:0003674,GO:0003700,GO:0006355,GO:0007275,GO:0008150,GO:0009791,GO:0009889,GO:0009908,GO:0010468,GO:0010556,GO:0019219,GO:0019222,GO:0022414,GO:0031323,GO:0031326,GO:0032501,GO:0032502,GO:0045595,GO:0045596,GO:0048367,GO:0048437,GO:0048497,GO:0048519,GO:0048523,GO:0048608,GO:0048731,GO:0048856,GO:0050789,GO:0050793,GO:0050794,GO:0051093,GO:0051171,GO:0051252,GO:0060255,GO:0061458,GO:0065007,GO:0080090,GO:0090567,GO:0090700,GO:0099402,GO:0140110,GO:1903506,GO:2000112,GO:2001141				Homeobox,START
NODE_6844_length_383_cov_0.588235_1	S	zinc-binding in reverse transcriptase						zf-RVT
NODE_6858_length_382_cov_0.957377_1	DO	Metacaspase						Peptidase_C14
NODE_6866_length_382_cov_0.908197_1	E	Uncharacterized protein K02A2.6-like						RVT_1,RVT_3,Retrotrans_gag,rve
NODE_6891_length_382_cov_0.609836_1	L	ribonuclease H protein						DUF4283,RVT_1,RVT_3,zf-CCHC_4,zf-RVT
NODE_6914_length_381_cov_0.776316_1	S	Egg cell-secreted protein 1.1-like						Prolamin_like
NODE_6915_length_381_cov_0.743421_1	T	Serine threonine-protein kinase-like protein	CR4	GO:0000003,GO:0003006,GO:0003674,GO:0003824,GO:0004672,GO:0004888,GO:0005488,GO:0005515,GO:0005575,GO:0005622,GO:0005623,GO:0005737,GO:0005768,GO:0005770,GO:0005771,GO:0005886,GO:0005911,GO:0006464,GO:0006468,GO:0006793,GO:0006796,GO:0006807,GO:0007154,GO:0007165,GO:0007275,GO:0008150,GO:0008152,GO:0009506,GO:0009653,GO:0009786,GO:0009790,GO:0009791,GO:0009793,GO:0009908,GO:0009986,GO:0009987,GO:0010008,GO:0010015,GO:0010016,GO:0010101,GO:0010102,GO:0010154,GO:0010311,GO:0012505,GO:0016020,GO:0016301,GO:0016310,GO:0016740,GO:0016772,GO:0016773,GO:0019199,GO:0019538,GO:0022414,GO:0022622,GO:0023052,GO:0030054,GO:0030139,GO:0030154,GO:0031090,GO:0031410,GO:0031902,GO:0031982,GO:0032501,GO:0032502,GO:0032585,GO:0036211,GO:0038023,GO:0042802,GO:0042803,GO:0043170,GO:0043226,GO:0043227,GO:0043229,GO:0043412,GO:0044237,GO:0044238,GO:0044260,GO:0044267,GO:0044422,GO:0044424,GO:0044433,GO:0044440,GO:0044444,GO:0044446,GO:0044464,GO:0046777,GO:0046983,GO:0048316,GO:0048364,GO:0048367,GO:0048439,GO:0048527,GO:0048528,GO:0048608,GO:0048646,GO:0048731,GO:0048829,GO:0048856,GO:0048869,GO:0050789,GO:0050794,GO:0050896,GO:0051302,GO:0051716,GO:0055044,GO:0060089,GO:0061458,GO:0065007,GO:0071704,GO:0071944,GO:0090567,GO:0090627,GO:0090696,GO:0090697,GO:0090698,GO:0097708,GO:0098588,GO:0098805,GO:0099402,GO:0140096,GO:1901564,GO:1905392,GO:1905393	ko:K04730	ko04010,ko04064,ko04620,ko04624,ko04722,ko05133,ko05140,ko05142,ko05145,ko05152,ko05162,ko05169,map04010,map04064,map04620,map04624,map04722,map05133,map05140,map05142,map05145,map05152,map05162,map05169	M00686	Pkinase,Pkinase_Tyr,RCC1_2,TNFR_c6
NODE_6927_length_381_cov_0.592105_1	S	Plant mobile domain						PMD
NODE_6934_length_380_cov_1.445545_1	S	lycopene beta cyclase		GO:0003674,GO:0003824,GO:0005575,GO:0005622,GO:0005623,GO:0005737,GO:0006629,GO:0006720,GO:0006721,GO:0008150,GO:0008152,GO:0008299,GO:0008610,GO:0009058,GO:0009507,GO:0009509,GO:0009536,GO:0009975,GO:0009987,GO:0016108,GO:0016109,GO:0016114,GO:0016116,GO:0016117,GO:0016853,GO:0016860,GO:0042440,GO:0043226,GO:0043227,GO:0043229,GO:0043231,GO:0044237,GO:0044238,GO:0044249,GO:0044255,GO:0044424,GO:0044444,GO:0044464,GO:0045436,GO:0046148,GO:0071704,GO:1901576	ko:K06443	ko00906,ko01100,ko01110,map00906,map01100,map01110	M00097	Lycopene_cycl
NODE_6943_length_380_cov_0.963696_1	Q	ABC transporter B family member			ko:K05658	ko02010,ko04976,ko05206,ko05226,map02010,map04976,map05206,map05226		ABC_membrane,ABC_tran
NODE_6960_length_380_cov_0.706271_1	L	hAT family C-terminal dimerisation region						DUF4413,Dimer_Tnp_hAT,zf-BED
NODE_6965_length_380_cov_0.653465_1	O	Domain associated at C-terminal with AAA			ko:K08900			AAA,AAA_assoc,PEARLI-4
NODE_6998_length_379_cov_0.725166_1	U	exocyst complex component			ko:K07195	ko04910,map04910		Exo70
NODE_7001_length_379_cov_0.725166_1	E	Ribonuclease H protein						DUF4283,zf-CCHC_4
NODE_7008_length_379_cov_0.635762_1	L	ribonuclease H protein						RVT_1,RVT_3,zf-CCHC_4,zf-RVT
NODE_7019_length_378_cov_0.993355_1	L	lipid metabolic process						DUF4219,RVT_2,Retrotran_gag_2,Retrotran_gag_3,gag_pre-integrs,rve,zf-CCHC
NODE_7020_length_378_cov_0.986711_1	E	Ribonuclease H protein			ko:K03549			RVT_1,RVT_3,zf-RVT
NODE_7041_length_378_cov_0.794020_1	L	transposition, RNA-mediated						Asp_protease_2,RVT_1,Retrotrans_gag,rve
NODE_7066_length_378_cov_0.561462_1	L	transposition, RNA-mediated			ko:K12179			RVP_2,RVT_1,Retrotrans_gag,rve
NODE_7075_length_377_cov_0.973333_1	C	Catalyzes the NAD( )-dependent oxidation of formate to carbon dioxide. Involved in the cell stress response	FDH1	GO:0005575,GO:0005622,GO:0005623,GO:0005737,GO:0005739,GO:0008150,GO:0009507,GO:0009536,GO:0009579,GO:0010035,GO:0010038,GO:0042221,GO:0043226,GO:0043227,GO:0043229,GO:0043231,GO:0044424,GO:0044444,GO:0044464,GO:0046686,GO:0050896	ko:K00122	ko00630,ko00680,ko01100,ko01120,ko01200,map00630,map00680,map01100,map01120,map01200		2-Hacid_dh,2-Hacid_dh_C
NODE_7099_length_377_cov_0.730000_1	L	gag-polypeptide of LTR copia-type						Retrotran_gag_2
NODE_7104_length_377_cov_0.730000_1	O	Belongs to the peptidase C1 family		GO:0000003,GO:0000323,GO:0000325,GO:0002376,GO:0003006,GO:0003674,GO:0003824,GO:0004175,GO:0004197,GO:0005575,GO:0005576,GO:0005615,GO:0005618,GO:0005622,GO:0005623,GO:0005737,GO:0005764,GO:0005773,GO:0005783,GO:0006508,GO:0006807,GO:0006950,GO:0006952,GO:0006955,GO:0007275,GO:0008150,GO:0008152,GO:0008219,GO:0008233,GO:0008234,GO:0009056,GO:0009057,GO:0009505,GO:0009555,GO:0009605,GO:0009607,GO:0009620,GO:0009626,GO:0009791,GO:0009908,GO:0009987,GO:0010623,GO:0012501,GO:0012505,GO:0016787,GO:0019538,GO:0022414,GO:0030154,GO:0030163,GO:0030312,GO:0032501,GO:0032502,GO:0033554,GO:0034050,GO:0043170,GO:0043207,GO:0043226,GO:0043227,GO:0043229,GO:0043231,GO:0044237,GO:0044238,GO:0044248,GO:0044257,GO:0044260,GO:0044265,GO:0044267,GO:0044421,GO:0044424,GO:0044444,GO:0044464,GO:0045087,GO:0048229,GO:0048367,GO:0048437,GO:0048438,GO:0048443,GO:0048466,GO:0048468,GO:0048608,GO:0048653,GO:0048658,GO:0048731,GO:0048827,GO:0048856,GO:0048869,GO:0050832,GO:0050896,GO:0051603,GO:0051704,GO:0051707,GO:0051716,GO:0061458,GO:0070011,GO:0071704,GO:0071944,GO:0090567,GO:0098542,GO:0099402,GO:0140096,GO:1901564,GO:1901565,GO:1901575	ko:K16292			Inhibitor_I29,Peptidase_C1
NODE_7164_length_376_cov_0.702341_1	L	ribonuclease H protein						RVT_1,RVT_3,zf-RVT
NODE_7178_length_376_cov_0.581940_1	K	Domain of unknown function (DUF4283)						DUF4283,zf-CCHC_4
NODE_7186_length_375_cov_19.003356_1	A	ATP-dependent RNA helicase	DHX35	GO:0000375,GO:0000377,GO:0000398,GO:0003674,GO:0003676,GO:0003723,GO:0003724,GO:0003824,GO:0004004,GO:0004386,GO:0005488,GO:0005575,GO:0005622,GO:0005623,GO:0005634,GO:0005681,GO:0005737,GO:0005829,GO:0005911,GO:0006139,GO:0006396,GO:0006397,GO:0006725,GO:0006807,GO:0008026,GO:0008150,GO:0008152,GO:0008186,GO:0008380,GO:0009506,GO:0009987,GO:0010467,GO:0016070,GO:0016071,GO:0016462,GO:0016787,GO:0016817,GO:0016818,GO:0016887,GO:0017111,GO:0030054,GO:0032991,GO:0034641,GO:0042623,GO:0043170,GO:0043226,GO:0043227,GO:0043229,GO:0043231,GO:0044237,GO:0044238,GO:0044422,GO:0044424,GO:0044428,GO:0044444,GO:0044446,GO:0044464,GO:0046483,GO:0055044,GO:0070035,GO:0071704,GO:0090304,GO:0097159,GO:0140098,GO:1901360,GO:1901363,GO:1990904	ko:K13117		M00355	AAA_22,HA2,Helicase_C,OB_NTP_bind
NODE_7192_length_375_cov_0.979866_1	S	DYW family of nucleic acid deaminases						DYW_deaminase,PPR,PPR_2
NODE_7234_length_374_cov_1.000000_1	G	Belongs to the hexokinase family	HXK1	GO:0001047,GO:0001067,GO:0001678,GO:0003674,GO:0003676,GO:0003677,GO:0003824,GO:0004340,GO:0004396,GO:0005488,GO:0005575,GO:0005622,GO:0005623,GO:0005634,GO:0005737,GO:0005739,GO:0005740,GO:0005741,GO:0005773,GO:0005774,GO:0005829,GO:0005975,GO:0005996,GO:0006082,GO:0006090,GO:0006091,GO:0006096,GO:0006139,GO:0006163,GO:0006164,GO:0006165,GO:0006355,GO:0006357,GO:0006725,GO:0006732,GO:0006733,GO:0006753,GO:0006754,GO:0006757,GO:0006793,GO:0006796,GO:0006807,GO:0006810,GO:0006833,GO:0007154,GO:0007165,GO:0008150,GO:0008152,GO:0008219,GO:0008270,GO:0008865,GO:0009056,GO:0009058,GO:0009108,GO:0009117,GO:0009123,GO:0009124,GO:0009126,GO:0009127,GO:0009132,GO:0009135,GO:0009141,GO:0009142,GO:0009144,GO:0009145,GO:0009150,GO:0009152,GO:0009156,GO:0009161,GO:0009165,GO:0009166,GO:0009167,GO:0009168,GO:0009179,GO:0009185,GO:0009199,GO:0009201,GO:0009205,GO:0009206,GO:0009259,GO:0009260,GO:0009536,GO:0009743,GO:0009746,GO:0009747,GO:0009749,GO:0009756,GO:0009757,GO:0009889,GO:0009987,GO:0010033,GO:0010118,GO:0010148,GO:0010182,GO:0010255,GO:0010468,GO:0010556,GO:0012501,GO:0016020,GO:0016021,GO:0016052,GO:0016053,GO:0016301,GO:0016310,GO:0016740,GO:0016772,GO:0016773,GO:0017144,GO:0018130,GO:0019158,GO:0019200,GO:0019219,GO:0019222,GO:0019318,GO:0019320,GO:0019359,GO:0019362,GO:0019363,GO:0019438,GO:0019439,GO:0019637,GO:0019693,GO:0019725,GO:0019752,GO:0019867,GO:0023052,GO:0031090,GO:0031224,GO:0031300,GO:0031301,GO:0031306,GO:0031307,GO:0031323,GO:0031326,GO:0031966,GO:0031967,GO:0031968,GO:0031975,GO:0032592,GO:0032787,GO:0032991,GO:0033500,GO:0034284,GO:0034404,GO:0034641,GO:0034654,GO:0034655,GO:0042044,GO:0042221,GO:0042592,GO:0042593,GO:0042866,GO:0043167,GO:0043169,GO:0043226,GO:0043227,GO:0043229,GO:0043231,GO:0043436,GO:0044212,GO:0044237,GO:0044238,GO:0044248,GO:0044249,GO:0044262,GO:0044270,GO:0044271,GO:0044281,GO:0044282,GO:0044283,GO:0044422,GO:0044424,GO:0044425,GO:0044429,GO:0044437,GO:0044444,GO:0044446,GO:0044455,GO:0044464,GO:0046031,GO:0046034,GO:0046365,GO:0046390,GO:0046394,GO:0046434,GO:0046483,GO:0046496,GO:0046700,GO:0046835,GO:0046872,GO:0046914,GO:0046939,GO:0048878,GO:0050789,GO:0050794,GO:0050896,GO:0051156,GO:0051171,GO:0051179,GO:0051186,GO:0051188,GO:0051234,GO:0051252,GO:0051716,GO:0055082,GO:0055086,GO:0060255,GO:0065007,GO:0065008,GO:0070887,GO:0071310,GO:0071322,GO:0071326,GO:0071331,GO:0071333,GO:0071704,GO:0072330,GO:0072521,GO:0072522,GO:0072524,GO:0072525,GO:0080090,GO:0090332,GO:0090407,GO:0097159,GO:0098573,GO:0098588,GO:0098805,GO:1901135,GO:1901137,GO:1901292,GO:1901293,GO:1901360,GO:1901361,GO:1901362,GO:1901363,GO:1901564,GO:1901566,GO:1901575,GO:1901576,GO:1901700,GO:1901701,GO:1903506,GO:2000112,GO:2001141	ko:K00844	ko00010,ko00051,ko00052,ko00500,ko00520,ko00521,ko00524,ko01100,ko01110,ko01120,ko01130,ko01200,ko04066,ko04910,ko04930,ko04973,ko05230,map00010,map00051,map00052,map00500,map00520,map00521,map00524,map01100,map01110,map01120,map01130,map01200,map04066,map04910,map04930,map04973,map05230	M00001,M00549	Hexokinase_1,Hexokinase_2
NODE_7243_length_374_cov_0.962963_1	J	SPA1-related			ko:K16240	ko04712,map04712		Pkinase_Tyr,WD40
NODE_7258_length_374_cov_0.734007_1	T	receptor-like protein kinase		GO:0005575,GO:0005623,GO:0005886,GO:0016020,GO:0016324,GO:0030427,GO:0035838,GO:0042995,GO:0044425,GO:0044459,GO:0044463,GO:0044464,GO:0045177,GO:0051286,GO:0071944,GO:0090404,GO:0090406,GO:0098590,GO:0120025,GO:0120038	ko:K04733	ko04010,ko04064,ko04620,ko04621,ko04624,ko04722,ko05133,ko05140,ko05142,ko05145,ko05152,ko05162,ko05164,map04010,map04064,map04620,map04621,map04624,map04722,map05133,map05140,map05142,map05145,map05152,map05162,map05164	M00686	Malectin_like,Pkinase_Tyr
NODE_7276_length_373_cov_1.054054_1	O	AN1-like Zinc finger						ubiquitin,zf-AN1
NODE_7287_length_373_cov_0.905405_1	S	Protein of unknown function (DUF 659)						DUF659,Dimer_Tnp_hAT,zf-BED
NODE_7293_length_373_cov_0.847973_1	T	serine threonine-protein kinase						Pkinase
NODE_7315_length_373_cov_0.625000_1	S	Domain of unknown function (DUF4283)						DUF4283,zf-CCHC_4
NODE_7322_length_372_cov_1.552542_1	S	Reverse transcriptase-like						RVT_3
NODE_7327_length_372_cov_1.193220_1	L	cysteine-rich RLK (RECEPTOR-like protein kinase) 8						RVT_2,Retrotran_gag_2,Retrotran_gag_3,Retrotrans_gag,gag_pre-integrs,rve
NODE_7333_length_372_cov_0.989831_1	C	Core subunit of the mitochondrial membrane respiratory chain NADH dehydrogenase (Complex I) that is believed to belong to the minimal assembly required for catalysis. Complex I functions in the transfer of electrons from NADH to the respiratory chain. The immediate electron acceptor for the enzyme is believed to be ubiquinone (By similarity)			ko:K03883	ko00190,ko01100,ko04714,ko04723,ko05012,map00190,map01100,map04714,map04723,map05012	M00142	Proton_antipo_M,Proton_antipo_N
NODE_7335_length_372_cov_0.989831_1								DUF295,F-box
NODE_7354_length_371_cov_0.715254_1	S	source UniProtKB						DUF659,Dimer_Tnp_hAT,zf-BED
NODE_7355_length_372_cov_0.694915_1	E	Uncharacterized protein K02A2.6-like						RVT_1,RVT_3,rve
NODE_7370_length_372_cov_0.430508_1	M	ATPase activity, coupled to transmembrane movement of substances						RVT_1,zf-RVT
NODE_7391_length_371_cov_0.809524_1	E	Ribonuclease H protein						RVT_1,zf-RVT
NODE_7409_length_371_cov_0.690476_2	S	Reverse transcriptase-like						RVT_3,zf-RVT
NODE_7412_length_371_cov_0.670068_1	S	MuDR family transposase						DBD_Tnp_Mut,MULE,SWIM
NODE_7415_length_371_cov_0.629252_1	T	ATPase activity, coupled to transmembrane movement of substances			ko:K01051	ko00040,ko01100,map00040,map01100	M00081	DUF4283,Exo_endo_phos,RVT_1,zf-RVT
NODE_7451_length_370_cov_0.713311_1	S	source UniProtKB						DUF4216,DUF4218,Transpos_assoc,Transposase_21
NODE_7458_length_370_cov_0.627986_1	S	Ribonuclease H protein						RVT_1
NODE_7483_length_369_cov_1.000000_1	G	Lipase (class 3)		GO:0003674,GO:0003824,GO:0004620,GO:0005575,GO:0005622,GO:0005623,GO:0005737,GO:0006629,GO:0006638,GO:0006639,GO:0006641,GO:0006810,GO:0006811,GO:0006820,GO:0006869,GO:0008150,GO:0008152,GO:0008610,GO:0009058,GO:0009507,GO:0009534,GO:0009536,GO:0009579,GO:0009987,GO:0010876,GO:0015711,GO:0015718,GO:0015849,GO:0015908,GO:0016298,GO:0016787,GO:0016788,GO:0019432,GO:0031976,GO:0031984,GO:0033036,GO:0043226,GO:0043227,GO:0043229,GO:0043231,GO:0044237,GO:0044238,GO:0044249,GO:0044255,GO:0044422,GO:0044424,GO:0044434,GO:0044435,GO:0044444,GO:0044446,GO:0044464,GO:0045017,GO:0046460,GO:0046463,GO:0046486,GO:0046942,GO:0051179,GO:0051234,GO:0052689,GO:0052739,GO:0071702,GO:0071704,GO:1901576				Lipase_3
NODE_7514_length_369_cov_0.352740_1	S	Reverse transcriptase-like						RVT_3,zf-RVT
NODE_7543_length_368_cov_0.666667_1	G	transferase activity, transferring hexosyl groups						UDPGT
NODE_7575_length_367_cov_0.755172_1	E	Uncharacterized protein K02A2.6-like						RVT_1,RVT_3,Retrotrans_gag,rve
NODE_7593_length_367_cov_0.644828_1	S	Pentatricopeptide repeat-containing protein						DYW_deaminase,PPR
NODE_7650_length_365_cov_1.013889_1	P	This magnesium-dependent enzyme catalyzes the hydrolysis of ATP coupled with the transport of calcium			ko:K01537			Cation_ATPase_C,Cation_ATPase_N,E1-E2_ATPase,Hydrolase
NODE_7748_length_363_cov_1.269231_1	O	BEST Arabidopsis thaliana protein match is Ubiquitin carboxyl-terminal hydrolase-related protein (TAIR						DUF629
NODE_7767_length_361_cov_0.912587_1	L	transposition, RNA-mediated						Asp_protease_2,RVT_1,Retrotrans_gag,rve
NODE_7786_length_363_cov_0.692308_1	S	MuDR family transposase						DBD_Tnp_Mut,MULE,SWIM
NODE_7803_length_362_cov_15.898246_1	J	transposition, RNA-mediated						Asp_protease_2,Retrotrans_gag
NODE_7824_length_362_cov_0.845614_1	S	Reverse transcriptase-like						RVT_3,zf-RVT
NODE_7828_length_362_cov_0.810526_1	H	protoheme IX farnesyltransferase		GO:0003674,GO:0003824,GO:0004311,GO:0004659,GO:0005575,GO:0005622,GO:0005623,GO:0005737,GO:0005739,GO:0006091,GO:0006725,GO:0006778,GO:0006779,GO:0006783,GO:0006807,GO:0008150,GO:0008152,GO:0009058,GO:0009987,GO:0015980,GO:0016740,GO:0016765,GO:0018130,GO:0019438,GO:0033013,GO:0033014,GO:0034641,GO:0042168,GO:0042440,GO:0043226,GO:0043227,GO:0043229,GO:0043231,GO:0044237,GO:0044249,GO:0044271,GO:0044424,GO:0044444,GO:0044464,GO:0045333,GO:0046148,GO:0046483,GO:0051186,GO:0051188,GO:0055114,GO:0071704,GO:1901360,GO:1901362,GO:1901564,GO:1901566,GO:1901576	ko:K02257	ko00190,ko00860,ko01100,ko01110,ko04714,map00190,map00860,map01100,map01110,map04714	M00154	UbiA
NODE_7848_length_362_cov_0.456140_1	S	peroxisome organization						TMEM135_C_rich
NODE_7860_length_361_cov_1.028169_2	S	Pentatricopeptide repeat-containing protein						PPR,PPR_2
NODE_7872_length_361_cov_0.771127_1	Q	Belongs to the multicopper oxidase family		GO:0000003,GO:0003006,GO:0003674,GO:0003824,GO:0007275,GO:0008150,GO:0008152,GO:0009791,GO:0010035,GO:0010038,GO:0010228,GO:0016491,GO:0016722,GO:0022414,GO:0032501,GO:0032502,GO:0042221,GO:0046688,GO:0048608,GO:0048731,GO:0048856,GO:0050896,GO:0055114,GO:0061458	ko:K05909			Cu-oxidase,Cu-oxidase_2,Cu-oxidase_3
NODE_7889_length_361_cov_0.690141_1	S	Plant protein of unknown function (DUF936)						DUF936
NODE_7909_length_360_cov_1.031802_1	S	RING-type E3 ubiquitin transferase						Arm,U-box
NODE_7929_length_360_cov_0.756184_1	S	Zinc finger MYM-type protein						DUF4371,Dimer_Tnp_hAT
NODE_7946_length_360_cov_0.667845_1	K	Domain of unknown function (DUF4283)						DUF4283,zf-CCHC_4
NODE_7948_length_360_cov_0.646643_1	S	Ribonuclease H protein						RVT_1
NODE_7967_length_359_cov_1.382979_1	E	Ribonuclease H protein			ko:K00430	ko00940,ko01100,ko01110,map00940,map01100,map01110		DUF4283,RVT_1,RVT_3,zf-RVT
NODE_7969_length_359_cov_1.191489_1	S	RNase H family protein						DUF4283,RVT_1,RVT_3,zf-RVT
NODE_7983_length_359_cov_0.907801_1	S	Zinc finger MYM-type protein 1-like						DUF4371,Dimer_Tnp_hAT
NODE_8019_length_359_cov_0.617021_1	K	Domain of unknown function (DUF4283)						DUF4283,zf-CCHC_4
NODE_8039_length_358_cov_0.779359_1	UY	Nuclear pore complex protein		GO:0000972,GO:0000973,GO:0002218,GO:0002253,GO:0002376,GO:0002682,GO:0002684,GO:0003674,GO:0003676,GO:0003682,GO:0003712,GO:0003713,GO:0003723,GO:0003729,GO:0005048,GO:0005198,GO:0005215,GO:0005488,GO:0005575,GO:0005622,GO:0005623,GO:0005634,GO:0005635,GO:0005643,GO:0005654,GO:0005737,GO:0005829,GO:0006139,GO:0006259,GO:0006260,GO:0006403,GO:0006405,GO:0006406,GO:0006606,GO:0006611,GO:0006725,GO:0006807,GO:0006810,GO:0006886,GO:0006913,GO:0006996,GO:0006997,GO:0006999,GO:0007154,GO:0007165,GO:0008104,GO:0008139,GO:0008150,GO:0008152,GO:0009058,GO:0009059,GO:0009719,GO:0009725,GO:0009733,GO:0009870,GO:0009889,GO:0009891,GO:0009893,GO:0009987,GO:0010033,GO:0010467,GO:0010468,GO:0010556,GO:0010557,GO:0010604,GO:0010628,GO:0012505,GO:0015031,GO:0015267,GO:0015288,GO:0015833,GO:0015931,GO:0016020,GO:0016032,GO:0016043,GO:0016234,GO:0016604,GO:0017038,GO:0017056,GO:0019219,GO:0019222,GO:0022607,GO:0022803,GO:0022829,GO:0022857,GO:0023052,GO:0031080,GO:0031090,GO:0031323,GO:0031325,GO:0031326,GO:0031328,GO:0031347,GO:0031349,GO:0031503,GO:0031965,GO:0031967,GO:0031974,GO:0031975,GO:0031981,GO:0032991,GO:0033036,GO:0033120,GO:0033218,GO:0033365,GO:0034397,GO:0034398,GO:0034399,GO:0034504,GO:0034613,GO:0034622,GO:0034641,GO:0034645,GO:0042221,GO:0042277,GO:0042405,GO:0042886,GO:0043170,GO:0043226,GO:0043227,GO:0043229,GO:0043231,GO:0043233,GO:0043484,GO:0043933,GO:0044085,GO:0044237,GO:0044238,GO:0044249,GO:0044260,GO:0044403,GO:0044419,GO:0044422,GO:0044424,GO:0044428,GO:0044444,GO:0044446,GO:0044451,GO:0044464,GO:0044614,GO:0044615,GO:0045088,GO:0045089,GO:0045184,GO:0045935,GO:0046483,GO:0046907,GO:0046931,GO:0048024,GO:0048026,GO:0048518,GO:0048522,GO:0048583,GO:0048584,GO:0050000,GO:0050657,GO:0050658,GO:0050684,GO:0050685,GO:0050776,GO:0050778,GO:0050789,GO:0050794,GO:0050896,GO:0051028,GO:0051168,GO:0051169,GO:0051170,GO:0051171,GO:0051173,GO:0051179,GO:0051234,GO:0051236,GO:0051252,GO:0051254,GO:0051276,GO:0051292,GO:0051640,GO:0051641,GO:0051649,GO:0051704,GO:0051716,GO:0055085,GO:0060255,GO:0065003,GO:0065007,GO:0070013,GO:0070727,GO:0071166,GO:0071426,GO:0071427,GO:0071702,GO:0071704,GO:0071705,GO:0071840,GO:0072594,GO:0080090,GO:0080134,GO:0090304,GO:0097159,GO:0140110,GO:1901360,GO:1901363,GO:1901576,GO:1902680,GO:1903311,GO:1903313,GO:1903506,GO:1903508,GO:1990841,GO:1990904,GO:2001141	ko:K14297	ko03013,ko05164,map03013,map05164	M00427	Nucleoporin2,Nup96
NODE_8057_length_358_cov_0.693950_1	L	transposition, RNA-mediated						Retrotrans_gag
NODE_8125_length_356_cov_1.046595_1	S	BEST Arabidopsis thaliana protein match is			ko:K18195			Exo_endo_phos,RVT_1,zf-RVT
NODE_8140_length_356_cov_0.784946_1	T	belongs to the protein kinase superfamily		GO:0003674,GO:0003824,GO:0004672,GO:0004674,GO:0005575,GO:0005623,GO:0005886,GO:0006464,GO:0006468,GO:0006793,GO:0006796,GO:0006807,GO:0008150,GO:0008152,GO:0009987,GO:0016020,GO:0016301,GO:0016310,GO:0016740,GO:0016772,GO:0016773,GO:0019538,GO:0036211,GO:0043170,GO:0043412,GO:0044237,GO:0044238,GO:0044260,GO:0044267,GO:0044464,GO:0071704,GO:0071944,GO:0140096,GO:1901564	ko:K04733	ko04010,ko04064,ko04620,ko04621,ko04624,ko04722,ko05133,ko05140,ko05142,ko05145,ko05152,ko05162,ko05164,map04010,map04064,map04620,map04621,map04624,map04722,map05133,map05140,map05142,map05145,map05152,map05162,map05164	M00686	Pkinase
NODE_8169_length_356_cov_0.512545_1	S	ribonuclease H protein At1g65750-like						RVT_1,RVT_3,zf-RVT
NODE_8219_length_355_cov_0.636691_1	L	transposition, RNA-mediated						Asp_protease_2
NODE_8229_length_354_cov_11.664260_1	L	strictosidine synthase activity						Retrotrans_gag,rve
NODE_8282_length_354_cov_0.512635_1	E	Ribonuclease H protein			ko:K04718	ko00600,ko01100,ko04020,ko04071,ko04072,ko04370,ko04371,ko04666,ko05152,map00600,map01100,map04020,map04071,map04072,map04370,map04371,map04666,map05152	M00100	DUF4283,RVT_1,zf-CCHC_4,zf-RVT
NODE_8324_length_353_cov_0.724638_1	T	ATPase activity, coupled to transmembrane movement of substances			ko:K01051	ko00040,ko01100,map00040,map01100	M00081	DUF4283,Exo_endo_phos,RVT_1,zf-RVT
NODE_8348_length_353_cov_0.500000_1	KLT	protein serine/threonine kinase activity		GO:0003674,GO:0003824,GO:0004672,GO:0004674,GO:0004675,GO:0004888,GO:0005575,GO:0005623,GO:0005886,GO:0006464,GO:0006468,GO:0006793,GO:0006796,GO:0006807,GO:0007154,GO:0007165,GO:0007166,GO:0007167,GO:0007178,GO:0008150,GO:0008152,GO:0009987,GO:0016020,GO:0016301,GO:0016310,GO:0016740,GO:0016772,GO:0016773,GO:0019199,GO:0019538,GO:0023052,GO:0036211,GO:0038023,GO:0043170,GO:0043412,GO:0044237,GO:0044238,GO:0044260,GO:0044267,GO:0044464,GO:0050789,GO:0050794,GO:0050896,GO:0051716,GO:0060089,GO:0065007,GO:0071704,GO:0071944,GO:0140096,GO:1901564	ko:K04733	ko04010,ko04064,ko04620,ko04621,ko04624,ko04722,ko05133,ko05140,ko05142,ko05145,ko05152,ko05162,ko05164,map04010,map04064,map04620,map04621,map04624,map04722,map05133,map05140,map05142,map05145,map05152,map05162,map05164	M00686	Pkinase,Pkinase_Tyr
NODE_8354_length_352_cov_1.414545_1	Z	Belongs to the TRAFAC class myosin-kinesin ATPase superfamily. Kinesin family		GO:0003674,GO:0003774,GO:0003777,GO:0003824,GO:0005488,GO:0005515,GO:0005575,GO:0005622,GO:0005623,GO:0005737,GO:0005856,GO:0005871,GO:0005875,GO:0006810,GO:0006928,GO:0007017,GO:0007018,GO:0008017,GO:0008092,GO:0008150,GO:0008574,GO:0009524,GO:0009987,GO:0010970,GO:0015630,GO:0015631,GO:0016462,GO:0016787,GO:0016817,GO:0016818,GO:0016887,GO:0017111,GO:0030705,GO:0032991,GO:0042623,GO:0043226,GO:0043228,GO:0043229,GO:0043232,GO:0044422,GO:0044424,GO:0044430,GO:0044444,GO:0044446,GO:0044464,GO:0046907,GO:0047496,GO:0051179,GO:0051234,GO:0051640,GO:0051641,GO:0051648,GO:0051649,GO:0051650,GO:0051656,GO:0072384,GO:0099111,GO:0099518,GO:1990939	ko:K10398			Kinesin
NODE_8382_length_352_cov_0.741818_1	S	transposon protein						DUF4216,DUF4218,Transpos_assoc,Transposase_21
NODE_8392_length_352_cov_0.556364_1	K	mTERF						mTERF
NODE_8442_length_351_cov_0.675182_1	S	Reverse transcriptase-like						RVT_3,zf-RVT
NODE_8455_length_351_cov_0.562044_1	T	Inactive rhomboid protein		GO:0000139,GO:0002791,GO:0002792,GO:0005575,GO:0005622,GO:0005623,GO:0005737,GO:0005783,GO:0005789,GO:0005794,GO:0006928,GO:0008150,GO:0008283,GO:0009894,GO:0009966,GO:0009987,GO:0010646,GO:0012505,GO:0016020,GO:0016477,GO:0019222,GO:0023051,GO:0030162,GO:0031090,GO:0031323,GO:0031329,GO:0031984,GO:0032268,GO:0032879,GO:0032880,GO:0040011,GO:0042058,GO:0042175,GO:0042176,GO:0043226,GO:0043227,GO:0043229,GO:0043231,GO:0044422,GO:0044424,GO:0044425,GO:0044431,GO:0044432,GO:0044444,GO:0044446,GO:0044464,GO:0048519,GO:0048523,GO:0048583,GO:0048870,GO:0050708,GO:0050709,GO:0050789,GO:0050794,GO:0051046,GO:0051048,GO:0051049,GO:0051051,GO:0051171,GO:0051179,GO:0051223,GO:0051224,GO:0051246,GO:0051674,GO:0060255,GO:0061136,GO:0065007,GO:0070201,GO:0080090,GO:0090087,GO:0098588,GO:0098791,GO:0098827,GO:1901184,GO:1903050,GO:1903362,GO:1903530,GO:1903531,GO:1904950				Rhomboid
NODE_8493_length_350_cov_0.714286_1	S	ribonuclease H protein At1g65750-like						RVT_3
NODE_8499_length_350_cov_0.684982_1	S	BEST Arabidopsis thaliana protein match is			ko:K14487,ko:K18195	ko04075,map04075		DUF4283,RVT_1,zf-CCHC_4,zf-RVT
NODE_8507_length_350_cov_0.619048_1	S	Reverse transcriptase (RNA-dependent DNA polymerase)						DUF4283,RVT_1,RVT_3,zf-RVT
NODE_8544_length_349_cov_0.805147_1	S	isoform X1						
NODE_8636_length_347_cov_1.081481_1	L	gag-polypeptide of LTR copia-type						Retrotran_gag_2
NODE_8658_length_347_cov_0.777778_1	S	WAT1-related protein		GO:0003674,GO:0005215,GO:0005575,GO:0005622,GO:0005623,GO:0005737,GO:0005886,GO:0005887,GO:0005938,GO:0006810,GO:0007154,GO:0007165,GO:0008150,GO:0009719,GO:0009725,GO:0009733,GO:0009734,GO:0009755,GO:0009987,GO:0010033,GO:0016020,GO:0016021,GO:0022857,GO:0023052,GO:0031224,GO:0031226,GO:0032870,GO:0042221,GO:0044424,GO:0044425,GO:0044444,GO:0044459,GO:0044464,GO:0050789,GO:0050794,GO:0050896,GO:0051179,GO:0051234,GO:0051716,GO:0055085,GO:0065007,GO:0070887,GO:0071310,GO:0071365,GO:0071495,GO:0071944,GO:0099568				EamA
NODE_8777_length_345_cov_0.626866_1	S	MuDR family transposase						DBD_Tnp_Mut,MULE,SWIM
NODE_8797_length_344_cov_0.853933_1	L	cysteine-rich RLK (RECEPTOR-like protein kinase) 8						RVT_2,Retrotran_gag_3,Retrotrans_gag
NODE_8808_length_344_cov_0.790262_1	T	Disease resistance protein		GO:0005575,GO:0005623,GO:0005886,GO:0006950,GO:0006952,GO:0007154,GO:0007165,GO:0008150,GO:0009987,GO:0016020,GO:0023052,GO:0044464,GO:0050789,GO:0050794,GO:0050896,GO:0051716,GO:0065007,GO:0071944				LRR_8,NB-ARC
NODE_8857_length_343_cov_0.857143_1	L	ribonuclease H protein						RVT_1,RVT_3,zf-RVT
NODE_8874_length_343_cov_0.766917_1	S	Reverse transcriptase-like						RVT_3,zf-RVT
NODE_8896_length_343_cov_0.530075_1	S	Domain of unknown function (DUF4283)						DUF4283
NODE_8897_length_343_cov_0.526316_1	E	Ribonuclease H protein			ko:K12598	ko03018,map03018	M00393	RVT_1
NODE_8913_length_342_cov_0.962264_1	S	Zein-binding		GO:0003674,GO:0005488,GO:0005515,GO:0005575,GO:0005622,GO:0005623,GO:0005737,GO:0008092,GO:0012505,GO:0016020,GO:0016021,GO:0017022,GO:0030133,GO:0031224,GO:0031410,GO:0031982,GO:0043226,GO:0043227,GO:0043229,GO:0044424,GO:0044425,GO:0044444,GO:0044464,GO:0097708				Zein-binding
NODE_8969_length_341_cov_1.106061_1	S	Protein of unknown function (DUF295)						DUF295,F-box
NODE_8979_length_341_cov_0.973485_1	S	F-Box protein						DUF295,F-box,F-box-like
NODE_9018_length_340_cov_1.110266_1	L	Uncharacterized protein K02A2.6-like		GO:0000943,GO:0003674,GO:0003676,GO:0003723,GO:0003824,GO:0003887,GO:0003964,GO:0004518,GO:0004540,GO:0005488,GO:0005575,GO:0005622,GO:0005623,GO:0005634,GO:0006139,GO:0006259,GO:0006278,GO:0006508,GO:0006725,GO:0006807,GO:0008150,GO:0008152,GO:0008233,GO:0009058,GO:0009059,GO:0009987,GO:0016070,GO:0016740,GO:0016772,GO:0016779,GO:0016787,GO:0016788,GO:0018130,GO:0019438,GO:0019538,GO:0032196,GO:0032197,GO:0034061,GO:0034641,GO:0034645,GO:0034654,GO:0043170,GO:0043226,GO:0043227,GO:0043229,GO:0043231,GO:0044237,GO:0044238,GO:0044249,GO:0044260,GO:0044271,GO:0044422,GO:0044424,GO:0044428,GO:0044446,GO:0044464,GO:0046483,GO:0071704,GO:0071897,GO:0090304,GO:0090305,GO:0090501,GO:0097159,GO:0140096,GO:0140097,GO:0140098,GO:1901360,GO:1901362,GO:1901363,GO:1901564,GO:1901576				RVT_1,RVT_3,rve
NODE_9071_length_339_cov_1.145038_1	E	Uncharacterized protein K02A2.6-like		GO:0000943,GO:0003674,GO:0003676,GO:0003723,GO:0003824,GO:0003887,GO:0003964,GO:0004518,GO:0004540,GO:0005488,GO:0005575,GO:0005622,GO:0005623,GO:0005634,GO:0006139,GO:0006259,GO:0006278,GO:0006508,GO:0006725,GO:0006807,GO:0008150,GO:0008152,GO:0008233,GO:0009058,GO:0009059,GO:0009987,GO:0016070,GO:0016740,GO:0016772,GO:0016779,GO:0016787,GO:0016788,GO:0018130,GO:0019438,GO:0019538,GO:0032196,GO:0032197,GO:0034061,GO:0034641,GO:0034645,GO:0034654,GO:0043170,GO:0043226,GO:0043227,GO:0043229,GO:0043231,GO:0044237,GO:0044238,GO:0044249,GO:0044260,GO:0044271,GO:0044422,GO:0044424,GO:0044428,GO:0044446,GO:0044464,GO:0046483,GO:0071704,GO:0071897,GO:0090304,GO:0090305,GO:0090501,GO:0097159,GO:0140096,GO:0140097,GO:0140098,GO:1901360,GO:1901362,GO:1901363,GO:1901564,GO:1901576				RVT_1,RVT_3,Retrotrans_gag,rve
NODE_9085_length_339_cov_1.007634_1	S	Reverse transcriptase (RNA-dependent DNA polymerase)						DUF4283,RVT_1,RVT_3,zf-RVT
NODE_9110_length_339_cov_0.759542_1	O	Endoplasmic reticulum metallopeptidase						Peptidase_M28
NODE_9124_length_339_cov_0.629771_2	G	Histidine phosphatase superfamily (branch 1)						His_Phos_1
NODE_9202_length_338_cov_0.432950_1	D	Belongs to the helicase family			ko:K15255			Helitron_like_N,Herpes_Helicase,PIF1
NODE_9250_length_337_cov_0.650000_1	L	G-quadruplex DNA unwinding			ko:K07466,ko:K15255	ko03030,ko03420,ko03430,ko03440,ko03460,map03030,map03420,map03430,map03440,map03460	M00288	Helitron_like_N,Herpes_Helicase,PIF1,UvrD_C_2
NODE_9267_length_337_cov_0.519231_1	A	ATP-dependent RNA helicase		GO:0000976,GO:0000977,GO:0000978,GO:0000987,GO:0001012,GO:0001047,GO:0001067,GO:0001503,GO:0001817,GO:0001819,GO:0002151,GO:0002791,GO:0002793,GO:0003674,GO:0003676,GO:0003677,GO:0003690,GO:0003697,GO:0003723,GO:0003724,GO:0003725,GO:0003824,GO:0004004,GO:0004386,GO:0005488,GO:0005515,GO:0005575,GO:0005622,GO:0005623,GO:0005634,GO:0005737,GO:0005829,GO:0006139,GO:0006355,GO:0006357,GO:0006396,GO:0006725,GO:0006807,GO:0008026,GO:0008094,GO:0008150,GO:0008152,GO:0008186,GO:0009605,GO:0009607,GO:0009615,GO:0009889,GO:0009891,GO:0009892,GO:0009893,GO:0009894,GO:0009895,GO:0009987,GO:0010033,GO:0010467,GO:0010468,GO:0010501,GO:0010556,GO:0010557,GO:0010604,GO:0010605,GO:0010608,GO:0010628,GO:0010638,GO:0014070,GO:0016070,GO:0016462,GO:0016787,GO:0016817,GO:0016818,GO:0016887,GO:0017111,GO:0019219,GO:0019222,GO:0019899,GO:0031323,GO:0031324,GO:0031325,GO:0031326,GO:0031328,GO:0031329,GO:0031330,GO:0032204,GO:0032206,GO:0032479,GO:0032481,GO:0032501,GO:0032647,GO:0032727,GO:0032879,GO:0032880,GO:0033043,GO:0033044,GO:0034641,GO:0042221,GO:0042623,GO:0042826,GO:0043170,GO:0043207,GO:0043226,GO:0043227,GO:0043229,GO:0043231,GO:0043330,GO:0043331,GO:0043487,GO:0043489,GO:0043565,GO:0044212,GO:0044237,GO:0044238,GO:0044424,GO:0044444,GO:0044464,GO:0045893,GO:0045934,GO:0045935,GO:0045944,GO:0046483,GO:0048518,GO:0048519,GO:0048522,GO:0048523,GO:0050707,GO:0050708,GO:0050714,GO:0050715,GO:0050789,GO:0050794,GO:0050896,GO:0051046,GO:0051047,GO:0051049,GO:0051050,GO:0051052,GO:0051054,GO:0051128,GO:0051130,GO:0051171,GO:0051172,GO:0051173,GO:0051222,GO:0051223,GO:0051239,GO:0051240,GO:0051252,GO:0051253,GO:0051254,GO:0051704,GO:0051707,GO:0051880,GO:0060255,GO:0065007,GO:0065008,GO:0070034,GO:0070035,GO:0070201,GO:0071704,GO:0080090,GO:0090087,GO:0090304,GO:0090669,GO:0097159,GO:0140098,GO:1901360,GO:1901363,GO:1901698,GO:1902369,GO:1902680,GO:1902739,GO:1902741,GO:1903506,GO:1903508,GO:1903530,GO:1903532,GO:1904951,GO:1990837,GO:2000112,GO:2001141,GO:2001252	ko:K14442	ko03018,map03018		DEAD,HA2,Helicase_C,OB_NTP_bind,dsrm
NODE_9289_length_337_cov_0.938224_1	KLT	protein kinase activity						Asp_protease_2,RVT_1,Retrotrans_gag,rve
NODE_9323_length_335_cov_1.131783_1	G	transposition, RNA-mediated						RVT_2,gag_pre-integrs,rve
NODE_9345_length_335_cov_0.910853_1	L	Zinc finger BED domain-containing protein			ko:K01179	ko00500,ko01100,map00500,map01100		DUF4413,Dimer_Tnp_hAT,zf-BED
NODE_9373_length_335_cov_0.620155_1	S	Kinase interacting (KIP1-like) family protein		GO:0003674,GO:0003779,GO:0005488,GO:0005515,GO:0005575,GO:0005622,GO:0005623,GO:0005634,GO:0005886,GO:0005911,GO:0008092,GO:0009506,GO:0016020,GO:0030054,GO:0043226,GO:0043227,GO:0043229,GO:0043231,GO:0044424,GO:0044464,GO:0044877,GO:0051015,GO:0055044,GO:0071944	ko:K20478			KIP1
NODE_9374_length_335_cov_0.604651_1	S	Reverse transcriptase-like						RVT_3,zf-RVT
NODE_9377_length_335_cov_0.596899_1	L	nuclease activity						
NODE_9391_length_334_cov_1.194553_1	S	Protein FAR1-RELATED SEQUENCE 5-like						FAR1,MULE,SWIM
NODE_9511_length_333_cov_0.632812_1	L	ribonuclease H protein						DUF4283,RVT_1,RVT_3,zf-CCHC_4,zf-RVT
NODE_9564_length_332_cov_0.847059_1	L	Uncharacterized protein K02A2.6-like						RVT_1,RVT_3,rve
NODE_9596_length_332_cov_0.431373_1	U	TB2/DP1, HVA22 family						RVT_3,TB2_DP1_HVA22,zf-met
NODE_9650_length_331_cov_0.673228_1	E	Ribonuclease H protein						RVT_3,zf-CCCH
NODE_9666_length_330_cov_1.430830_1	O	Protein SDE2 homolog						Telomere_Sde2,Telomere_Sde2_2
NODE_9768_length_329_cov_0.694444_1	L	Zinc finger BED domain-containing protein						DUF4413,Dimer_Tnp_hAT,zf-BED
NODE_9781_length_329_cov_0.579365_1	S	BEST Arabidopsis thaliana protein match is			ko:K14487,ko:K18195	ko04075,map04075		DUF4283,RVT_1,zf-CCHC_4,zf-RVT
NODE_9943_length_326_cov_0.895582_1	L	ribonuclease H protein						RVT_1,RVT_3,zf-RVT
NODE_9966_length_326_cov_0.827309_1	S	F-Box protein						F-box,F-box-like,FBA_1,FBA_3
NODE_9989_length_326_cov_0.618474_1	S	VIN3-like protein 1		GO:0001666,GO:0005575,GO:0005622,GO:0005623,GO:0005634,GO:0005654,GO:0005677,GO:0006950,GO:0008150,GO:0009266,GO:0009409,GO:0009628,GO:0009892,GO:0009893,GO:0009987,GO:0010048,GO:0010468,GO:0010604,GO:0010605,GO:0010629,GO:0010638,GO:0016604,GO:0016607,GO:0017053,GO:0019222,GO:0031056,GO:0031058,GO:0031060,GO:0031062,GO:0031323,GO:0031325,GO:0031399,GO:0031401,GO:0031974,GO:0031981,GO:0032268,GO:0032270,GO:0032991,GO:0033043,GO:0033044,GO:0033554,GO:0036293,GO:0040029,GO:0043226,GO:0043227,GO:0043229,GO:0043231,GO:0043233,GO:0044422,GO:0044424,GO:0044428,GO:0044446,GO:0044451,GO:0044464,GO:0045814,GO:0048518,GO:0048519,GO:0048522,GO:0050789,GO:0050794,GO:0050896,GO:0051128,GO:0051130,GO:0051171,GO:0051173,GO:0051246,GO:0051247,GO:0051569,GO:0051571,GO:0051716,GO:0060255,GO:0061085,GO:0061087,GO:0065007,GO:0070013,GO:0070417,GO:0070482,GO:0080090,GO:0090568,GO:1902275,GO:1905269,GO:2001252				PHD_Oberon,fn3
NODE_10041_length_325_cov_0.741935_1	L	transposition, RNA-mediated						RVT_1,RVT_3,Retrotrans_gag,rve
NODE_10079_length_324_cov_1.028340_1	S	Domain of unknown function (DUF4283)						DUF4283,RVT_1,zf-CCHC_4
NODE_10204_length_322_cov_1.179592_1	L	gag-polypeptide of LTR copia-type						Retrotran_gag_2,Retrotran_gag_3,zf-CCHC_6
NODE_10252_length_321_cov_1.762295_1	L	hAT family C-terminal dimerisation region						DUF4413,Dimer_Tnp_hAT
NODE_10355_length_320_cov_0.851852_1	S	Pentatricopeptide repeat-containing protein		GO:0003674,GO:0003676,GO:0003723,GO:0003824,GO:0004518,GO:0004519,GO:0005488,GO:0005575,GO:0005622,GO:0005623,GO:0006139,GO:0006725,GO:0006807,GO:0008150,GO:0008152,GO:0009451,GO:0009987,GO:0016070,GO:0016787,GO:0016788,GO:0034641,GO:0043170,GO:0043226,GO:0043227,GO:0043229,GO:0043231,GO:0043412,GO:0044237,GO:0044238,GO:0044424,GO:0044464,GO:0046483,GO:0071704,GO:0090304,GO:0090305,GO:0097159,GO:1901360,GO:1901363				PPR,PPR_1,PPR_2,PPR_3
NODE_10457_length_319_cov_0.537190_1	T	Belongs to the protein kinase superfamily. Ser Thr protein kinase family		GO:0000003,GO:0000278,GO:0000281,GO:0000910,GO:0003006,GO:0003674,GO:0003824,GO:0004672,GO:0004674,GO:0005575,GO:0005618,GO:0005622,GO:0005623,GO:0005737,GO:0005886,GO:0006464,GO:0006468,GO:0006793,GO:0006796,GO:0006807,GO:0007049,GO:0007275,GO:0008150,GO:0008152,GO:0008356,GO:0009505,GO:0009507,GO:0009532,GO:0009536,GO:0009570,GO:0009790,GO:0009791,GO:0009793,GO:0009987,GO:0010069,GO:0010070,GO:0010154,GO:0016020,GO:0016301,GO:0016310,GO:0016740,GO:0016772,GO:0016773,GO:0019538,GO:0022402,GO:0022414,GO:0030312,GO:0032501,GO:0032502,GO:0036211,GO:0042995,GO:0043170,GO:0043226,GO:0043227,GO:0043229,GO:0043231,GO:0043412,GO:0044237,GO:0044238,GO:0044260,GO:0044267,GO:0044422,GO:0044424,GO:0044434,GO:0044435,GO:0044444,GO:0044446,GO:0044464,GO:0046777,GO:0048316,GO:0048608,GO:0048731,GO:0048856,GO:0051301,GO:0061458,GO:0061640,GO:0071704,GO:0071944,GO:0090406,GO:0120025,GO:0140096,GO:1901564,GO:1903047				LRRNT_2,LRR_1,LRR_8,Pkinase,Pkinase_Tyr
NODE_10497_length_318_cov_0.813278_1	S	Transposase family tnp2						Transposase_21
NODE_10669_length_315_cov_2.361345_1	S	Leucine-rich repeat resistance protein						Transposase_24
NODE_10808_length_313_cov_1.182203_1	O	Mitochondrial metalloendopeptidase OMA1						Peptidase_M48
NODE_10881_length_312_cov_0.927660_1	S	transposon protein						DUF4216,DUF4218,Transpos_assoc,Transposase_21
NODE_11010_length_310_cov_0.935622_1	O	Ankyrin repeats (many copies)						Ank_2,Ank_3,Ank_4,Ank_5,DUF1685,TPR_17,TPR_8
NODE_11047_length_310_cov_0.579399_1	S	F-Box protein						DUF295,F-box,F-box-like
NODE_11090_length_309_cov_0.814655_1	L	Uncharacterized protein K02A2.6-like						RVT_1,RVT_3,rve
NODE_11255_length_307_cov_0.795652_1	S	transposon protein						DUF4216,DUF4218,Transpos_assoc,Transposase_21
NODE_11388_length_305_cov_0.960526_1	S	A Receptor for Ubiquitination Targets						F-box,FBA_1,FBA_3
NODE_11402_length_305_cov_0.833333_1	S	Armadillo beta-catenin repeat family protein						Arm
