S1	E1	S2	E2	Reference	Contig	IDY	Ambiguous	Best_group
606	842	707	471	lcl_CM027384.1_cds_KAF9594804.1_33782	NODE_1_length_85347_cov_16.578410	98.31		True
unknown
313	605	1120	828	lcl_CM027384.1_cds_KAF9594804.1_33782	NODE_1_length_85347_cov_16.578410	97.95		True
unknown
1	312	1531	1219	lcl_CM027384.1_cds_KAF9594804.1_33782	NODE_1_length_85347_cov_16.578410	98.08		True
unknown
285	1008	10696	9973	lcl_CM027379.1_cds_KAF9617320.1_9862	NODE_1_length_85347_cov_16.578410	97.1		True
unknown
20	240	11477	11257	lcl_CM027379.1_cds_KAF9617320.1_9862	NODE_1_length_85347_cov_16.578410	98.64		True
unknown
1	328	15944	15617	lcl_CM027382.1_cds_KAF9600735.1_25138	NODE_1_length_85347_cov_16.578410	99.7		True
unknown
264	621	19811	19454	lcl_CM027378.1_cds_KAF9619707.1_4823	NODE_1_length_85347_cov_16.578410	96.93		True
unknown
1	598	21862	21265	lcl_CM027382.1_cds_KAF9603054.1_25442	NODE_1_length_85347_cov_16.578410	96.82		True
unknown
167	339	23864	23692	lcl_CM027378.1_cds_KAF9619706.1_4822	NODE_1_length_85347_cov_16.578410	98.27		True
unknown
1	166	24119	23954	lcl_CM027378.1_cds_KAF9619706.1_4822	NODE_1_length_85347_cov_16.578410	95.78		True
unknown
1	639	24927	24270	lcl_CM027380.1_cds_KAF9611661.1_16490	NODE_1_length_85347_cov_16.578410	95.45		True
unknown
2	395	25508	25115	lcl_CM027382.1_cds_KAF9603053.1_25441	NODE_1_length_85347_cov_16.578410	96.45		True
unknown
1	669	26586	25918	lcl_CM027380.1_cds_KAF9611283.1_16928	NODE_1_length_85347_cov_16.578410	98.21		True
unknown
108	941	33877	34710	lcl_CM027382.1_cds_KAF9603051.1_25440	NODE_1_length_85347_cov_16.578410	96.52		True
unknown
942	1157	34817	35032	lcl_CM027382.1_cds_KAF9603051.1_25440	NODE_1_length_85347_cov_16.578410	95.83		True
unknown
1326	2028	35468	36170	lcl_CM027382.1_cds_KAF9603051.1_25440	NODE_1_length_85347_cov_16.578410	97.01		True
unknown
1164	2041	39341	38464	lcl_CM027381.1_cds_KAF9606950.1_20466	NODE_1_length_85347_cov_16.578410	97.38		True
unknown
1	374	40477	40106	lcl_CM027382.1_cds_KAF9602744.1_25642	NODE_1_length_85347_cov_16.578410	96.26		True
unknown
1346	1926	41086	40503	lcl_CM027382.1_cds_KAF9602742.1_25643	NODE_1_length_85347_cov_16.578410	96.58		True
unknown
1	1143	42755	41613	lcl_CM027382.1_cds_KAF9602742.1_25643	NODE_1_length_85347_cov_16.578410	97.2		True
unknown
259	729	50428	49958	lcl_CM027377.1_cds_KAF9626417.1_3067	NODE_1_length_85347_cov_16.578410	99.58		True
unknown
1	253	51093	50841	lcl_CM027377.1_cds_KAF9626417.1_3067	NODE_1_length_85347_cov_16.578410	100.0		True
unknown
164	441	51595	51318	lcl_CM027385.1_cds_KAF9589200.1_38632	NODE_1_length_85347_cov_16.578410	98.92		True
unknown
445	795	54361	54011	lcl_CM027378.1_cds_KAF9619775.1_5570	NODE_1_length_85347_cov_16.578410	98.86		True
unknown
308	807	54911	54409	lcl_CM027381.1_cds_KAF9605963.1_22013	NODE_1_length_85347_cov_16.578410	98.21		True
unknown
1	307	55359	55054	lcl_CM027381.1_cds_KAF9605963.1_22013	NODE_1_length_85347_cov_16.578410	96.09		True
unknown
1	652	56564	57221	lcl_CM027378.1_cds_KAF9619780.1_5571	NODE_1_length_85347_cov_16.578410	95.49		True
unknown
265	663	57615	58012	lcl_CM027384.1_cds_KAF9594347.1_32695	NODE_1_length_85347_cov_16.578410	95.79		True
unknown
1	586	59428	60013	lcl_CM027378.1_cds_KAF9619781.1_5573	NODE_1_length_85347_cov_16.578410	98.12		True
unknown
586	726	60716	60856	lcl_CM027378.1_cds_KAF9619781.1_5573	NODE_1_length_85347_cov_16.578410	100.0		True
unknown
1	353	70906	70554	lcl_CM027378.1_cds_KAF9623203.1_5069	NODE_1_length_85347_cov_16.578410	100.0		True
unknown
1	876	72984	73860	lcl_CM027378.1_cds_KAF9623197.1_5070	NODE_1_length_85347_cov_16.578410	99.54		True
unknown
1	531	73971	74501	lcl_CM027378.1_cds_KAF9623199.1_5071	NODE_1_length_85347_cov_16.578410	98.68		True
unknown
530	816	75052	75338	lcl_CM027378.1_cds_KAF9623199.1_5071	NODE_1_length_85347_cov_16.578410	98.26		True
unknown
CONTIG	NODE_1_length_85347_cov_16.578410	85347	mis_unaligned
342	693	722	371	lcl_CM027383.1_cds_KAF9599033.1_29027	NODE_2_length_26201_cov_35.941625	98.3		True
unknown
352	648	11793	12087	lcl_CM027379.1_cds_KAF9613446.1_11222	NODE_2_length_26201_cov_35.941625	96.67		True
unknown
59	339	12086	12366	lcl_CM027383.1_cds_KAF9599170.1_27840	NODE_2_length_26201_cov_35.941625	100.0		True
unknown
1	435	14110	14545	lcl_CM027383.1_cds_KAF9599168.1_27841	NODE_2_length_26201_cov_35.941625	99.77		True
unknown
224	513	14823	15110	lcl_JADFTS010000110.1_cds_KAF9586785.1_39904	NODE_2_length_26201_cov_35.941625	95.92		True
unknown
170	585	18217	17805	lcl_CM027383.1_cds_KAF9597319.1_27833	NODE_2_length_26201_cov_35.941625	97.6		True
unknown
1	166	18704	18539	lcl_CM027383.1_cds_KAF9597319.1_27833	NODE_2_length_26201_cov_35.941625	98.8		True
unknown
374	651	19579	19302	lcl_CM027378.1_cds_KAF9621401.1_5092	NODE_2_length_26201_cov_35.941625	100.0		True
unknown
1	669	20585	19924	lcl_CM027379.1_cds_KAF9613625.1_11380	NODE_2_length_26201_cov_35.941625	95.82		True
unknown
CONTIG	NODE_2_length_26201_cov_35.941625	26201	mis_unaligned
1	774	4991	5765	lcl_CM027383.1_cds_KAF9599175.1_27835	NODE_3_length_17292_cov_16.853993	99.61		True
unknown
58	318	6480	6740	lcl_CM027384.1_cds_KAF9594852.1_33732	NODE_3_length_17292_cov_16.853993	96.55		True
unknown
1	354	11598	11951	lcl_CM027379.1_cds_KAF9613624.1_11377	NODE_3_length_17292_cov_16.853993	99.72		True
unknown
CONTIG	NODE_3_length_17292_cov_16.853993	17292	mis_unaligned
CONTIG	NODE_4_length_10523_cov_3.619854	10523	unaligned
1	352	9636	9989	lcl_CM027384.1_cds_KAF9591315.1_33262	NODE_5_length_10358_cov_3.958082	97.75		True
CONTIG	NODE_5_length_10358_cov_3.958082	10358	correct_unaligned
636	1083	1676	1227	lcl_CM027383.1_cds_KAF9597490.1_31107	NODE_6_length_9445_cov_1.904787	97.11		True
unknown
2	717	2953	2238	lcl_CM027381.1_cds_KAF9605438.1_21011	NODE_6_length_9445_cov_1.904787	97.35		True
unknown
852	1036	4202	4018	lcl_CM027379.1_cds_KAF9615785.1_11059	NODE_6_length_9445_cov_1.904787	99.46		True
unknown
323	408	5317	5232	lcl_CM027379.1_cds_KAF9615785.1_11059	NODE_6_length_9445_cov_1.904787	96.51		True
unknown
96	283	5505	5318	lcl_CM027379.1_cds_KAF9615785.1_11059	NODE_6_length_9445_cov_1.904787	95.74		True
unknown
CONTIG	NODE_6_length_9445_cov_1.904787	9445	mis_unaligned
566	714	6892	6746	lcl_CM027378.1_cds_KAF9623194.1_5204	NODE_7_length_9282_cov_1.796632	95.97		True
CONTIG	NODE_7_length_9282_cov_1.796632	9282	correct_unaligned
7	580	5877	6450	lcl_CM027380.1_cds_KAF9609251.1_17232	NODE_8_length_8928_cov_2.791441	95.48		True
CONTIG	NODE_8_length_8928_cov_2.791441	8928	correct_unaligned
CONTIG	NODE_9_length_7780_cov_5.665844	7780	unaligned
CONTIG	NODE_10_length_7674_cov_2.564697	7674	unaligned
CONTIG	NODE_11_length_7056_cov_4.863754	7056	unaligned
190	398	269	61	lcl_JADFTS010000091.1_cds_KAF9586819.1_39497	NODE_12_length_6914_cov_1.931110	100.0		True
unknown
52	189	508	371	lcl_JADFTS010000091.1_cds_KAF9586819.1_39497	NODE_12_length_6914_cov_1.931110	100.0		True
unknown
9	494	1520	2008	lcl_CM027378.1_cds_KAF9618544.1_6544	NODE_12_length_6914_cov_1.931110	95.74		True
unknown
1	201	5592	5797	lcl_JADFTS010000091.1_cds_KAF9586817.1_39500	NODE_12_length_6914_cov_1.931110	96.6		True
unknown
202	319	5866	5983	lcl_JADFTS010000091.1_cds_KAF9586817.1_39500	NODE_12_length_6914_cov_1.931110	100.0		True
unknown
318	490	6281	6453	lcl_JADFTS010000091.1_cds_KAF9586817.1_39500	NODE_12_length_6914_cov_1.931110	100.0		True
unknown
489	556	6847	6914	lcl_JADFTS010000091.1_cds_KAF9586817.1_39500	NODE_12_length_6914_cov_1.931110	100.0		True
unknown
CONTIG	NODE_12_length_6914_cov_1.931110	6914	mis_unaligned
CONTIG	NODE_13_length_6876_cov_4.414473	6876	unaligned
CONTIG	NODE_14_length_6779_cov_6.132309	6779	unaligned
CONTIG	NODE_15_length_6718_cov_2.778196	6718	unaligned
CONTIG	NODE_16_length_6675_cov_2.181873	6675	unaligned
CONTIG	NODE_17_length_6508_cov_2.965978	6508	unaligned
CONTIG	NODE_18_length_6485_cov_1.284020	6485	unaligned
CONTIG	NODE_19_length_6440_cov_0.938865	6440	unaligned
CONTIG	NODE_20_length_6363_cov_2.084102	6363	unaligned
CONTIG	NODE_21_length_6299_cov_2.878252	6299	unaligned
CONTIG	NODE_22_length_6250_cov_1.308078	6250	unaligned
CONTIG	NODE_23_length_5963_cov_3.121732	5963	unaligned
CONTIG	NODE_24_length_5828_cov_13.786808	5828	unaligned
396	648	2680	2428	lcl_CM027377.1_cds_KAF9626713.1_1900	NODE_25_length_5773_cov_1.666081	97.63		True
CONTIG	NODE_25_length_5773_cov_1.666081	5773	correct_unaligned
CONTIG	NODE_26_length_5733_cov_1.095474	5733	unaligned
1	173	4890	5062	lcl_CM027379.1_cds_KAF9614045.1_12594	NODE_27_length_5563_cov_1.154575	98.27		True
CONTIG	NODE_27_length_5563_cov_1.154575	5563	correct_unaligned
CONTIG	NODE_28_length_5368_cov_3.143073	5368	unaligned
CONTIG	NODE_29_length_5254_cov_1.432960	5254	unaligned
CONTIG	NODE_30_length_5058_cov_4.664863	5058	unaligned
869	1024	1892	1737	lcl_CM027385.1_cds_KAF9589424.1_38830	NODE_31_length_4915_cov_2.078752	96.15		True
CONTIG	NODE_31_length_4915_cov_2.078752	4915	correct_unaligned
CONTIG	NODE_32_length_4886_cov_0.993145	4886	unaligned
582	774	4873	4681	lcl_CM027380.1_cds_KAF9608219.1_15328	NODE_33_length_4873_cov_2.370803	100.0		True
CONTIG	NODE_33_length_4873_cov_2.370803	4873	correct_unaligned
CONTIG	NODE_34_length_4839_cov_2.183746	4839	unaligned
CONTIG	NODE_35_length_4801_cov_1.576630	4801	unaligned
18	313	2550	2845	lcl_CM027385.1_cds_KAF9588106.1_37609	NODE_36_length_4678_cov_1.314932	96.3		True
unknown
163	489	3661	3987	lcl_CM027381.1_cds_KAF9606285.1_19811	NODE_36_length_4678_cov_1.314932	96.02		True
unknown
CONTIG	NODE_36_length_4678_cov_1.314932	4678	mis_unaligned
CONTIG	NODE_37_length_4591_cov_1.403154	4591	unaligned
CONTIG	NODE_38_length_4552_cov_8.644325	4552	unaligned
CONTIG	NODE_39_length_4454_cov_9.649007	4454	unaligned
406	603	215	18	lcl_CM027380.1_cds_KAF9609466.1_17906	NODE_40_length_4430_cov_4.451309	98.99		True
CONTIG	NODE_40_length_4430_cov_4.451309	4430	correct_unaligned
CONTIG	NODE_41_length_4429_cov_1.946014	4429	unaligned
CONTIG	NODE_42_length_4425_cov_4.887764	4425	unaligned
CONTIG	NODE_43_length_4375_cov_1.597070	4375	unaligned
CONTIG	NODE_44_length_4368_cov_3.771382	4368	unaligned
1	812	579	1390	lcl_CM027379.1_cds_KAF9613387.1_11577	NODE_45_length_4356_cov_2.722092	98.52		True
CONTIG	NODE_45_length_4356_cov_2.722092	4356	correct_unaligned
893	973	4226	4306	lcl_CM027381.1_cds_KAF9607034.1_21893	NODE_46_length_4354_cov_4.661995	100.0		True
CONTIG	NODE_46_length_4354_cov_4.661995	4354	correct_unaligned
CONTIG	NODE_47_length_4226_cov_7.874518	4226	unaligned
CONTIG	NODE_48_length_4215_cov_1.599565	4215	unaligned
CONTIG	NODE_49_length_4150_cov_8.079057	4150	unaligned
CONTIG	NODE_50_length_4137_cov_1.424138	4137	unaligned
CONTIG	NODE_51_length_4133_cov_1.845661	4133	unaligned
286	673	1623	2010	lcl_CM027379.1_cds_KAF9617892.1_10634	NODE_52_length_4099_cov_1.170144	96.91		True
unknown
733	839	2625	2731	lcl_CM027379.1_cds_KAF9617892.1_10634	NODE_52_length_4099_cov_1.170144	99.07		True
unknown
943	1177	3335	3570	lcl_CM027379.1_cds_KAF9617892.1_10634	NODE_52_length_4099_cov_1.170144	96.19		True
unknown
CONTIG	NODE_52_length_4099_cov_1.170144	4099	mis_unaligned
386	624	3287	3530	lcl_CM027378.1_cds_KAF9619750.1_4651	NODE_53_length_4008_cov_1.789112	97.54		True
CONTIG	NODE_53_length_4008_cov_1.789112	4008	correct_unaligned
CONTIG	NODE_54_length_3996_cov_20.093902	3996	unaligned
1365	1585	1	221	lcl_CM027381.1_cds_KAF9605437.1_21013	NODE_55_length_3976_cov_6.156586	97.29		True
CONTIG	NODE_55_length_3976_cov_6.156586	3976	correct_unaligned
CONTIG	NODE_56_length_3967_cov_1.704884	3967	unaligned
CONTIG	NODE_57_length_3936_cov_4.871728	3936	unaligned
115	322	5	211	lcl_CM027379.1_cds_KAF9616512.1_11208	NODE_58_length_3903_cov_1.302119	96.63		True
unknown
1747	1989	3439	3683	lcl_CM027380.1_cds_KAF9608118.1_18066	NODE_58_length_3903_cov_1.302119	98.78		True
unknown
CONTIG	NODE_58_length_3903_cov_1.302119	3903	mis_unaligned
CONTIG	NODE_59_length_3899_cov_7.147043	3899	unaligned
CONTIG	NODE_60_length_3880_cov_4.835613	3880	unaligned
CONTIG	NODE_61_length_3852_cov_1.401272	3852	unaligned
296	724	203	632	lcl_CM027378.1_cds_KAF9621606.1_7663	NODE_62_length_3847_cov_0.898701	95.35		True
CONTIG	NODE_62_length_3847_cov_0.898701	3847	correct_unaligned
1	71	71	1	lcl_CM027385.1_cds_KAF9590212.1_38702	NODE_63_length_3827_cov_0.480810	100.0		True
CONTIG	NODE_63_length_3827_cov_0.480810	3827	correct_unaligned
CONTIG	NODE_64_length_3810_cov_1.418586	3810	unaligned
844	947	3602	3705	lcl_CM027382.1_cds_KAF9601089.1_24136	NODE_65_length_3779_cov_1.620205	98.08		True
CONTIG	NODE_65_length_3779_cov_1.620205	3779	correct_unaligned
CONTIG	NODE_66_length_3775_cov_3.176089	3775	unaligned
CONTIG	NODE_67_length_3722_cov_1.305266	3722	unaligned
CONTIG	NODE_68_length_3704_cov_0.932451	3704	unaligned
CONTIG	NODE_69_length_3652_cov_6.657343	3652	unaligned
CONTIG	NODE_70_length_3596_cov_1.878943	3596	unaligned
CONTIG	NODE_71_length_3578_cov_1.067680	3578	unaligned
365	695	1712	1382	lcl_CM027379.1_cds_KAF9612774.1_12218	NODE_72_length_3555_cov_1.289738	97.58		True
unknown
5	367	2596	2237	lcl_CM027379.1_cds_KAF9612774.1_12218	NODE_72_length_3555_cov_1.289738	96.97		True
unknown
CONTIG	NODE_72_length_3555_cov_1.289738	3555	mis_unaligned
209	651	3072	2628	lcl_CM027379.1_cds_KAF9614738.1_9659	NODE_73_length_3534_cov_1.471796	96.63		True
CONTIG	NODE_73_length_3534_cov_1.471796	3534	correct_unaligned
208	789	723	1304	lcl_CM027379.1_cds_KAF9614899.1_9588	NODE_74_length_3533_cov_1.281829	97.77		True
CONTIG	NODE_74_length_3533_cov_1.281829	3533	correct_unaligned
CONTIG	NODE_75_length_3518_cov_1.955246	3518	unaligned
CONTIG	NODE_76_length_3518_cov_1.575705	3518	unaligned
753	897	970	827	lcl_CM027383.1_cds_KAF9595901.1_28219	NODE_77_length_3507_cov_1.904373	95.24		True
unknown
660	754	1426	1332	lcl_CM027383.1_cds_KAF9595901.1_28219	NODE_77_length_3507_cov_1.904373	98.95		True
unknown
CONTIG	NODE_77_length_3507_cov_1.904373	3507	mis_unaligned
CONTIG	NODE_78_length_3495_cov_1.835869	3495	unaligned
129	264	2763	2628	lcl_CM027381.1_cds_KAF9606037.1_22573	NODE_79_length_3472_cov_2.512775	98.53		True
unknown
1	128	2971	2844	lcl_CM027381.1_cds_KAF9606037.1_22573	NODE_79_length_3472_cov_2.512775	98.44		True
unknown
CONTIG	NODE_79_length_3472_cov_2.512775	3472	mis_unaligned
CONTIG	NODE_80_length_3404_cov_8.779147	3404	unaligned
CONTIG	NODE_81_length_3382_cov_1.618154	3382	unaligned
CONTIG	NODE_82_length_3356_cov_2.117145	3356	unaligned
476	549	3209	3282	lcl_CM027381.1_cds_KAF9607569.1_19080	NODE_83_length_3332_cov_68.468510	100.0		True
CONTIG	NODE_83_length_3332_cov_68.468510	3332	correct_unaligned
CONTIG	NODE_84_length_3289_cov_1.478518	3289	unaligned
1	396	1381	986	lcl_CM027384.1_cds_KAF9590938.1_33597	NODE_85_length_3283_cov_1.267645	98.48		True
CONTIG	NODE_85_length_3283_cov_1.267645	3283	correct_unaligned
1	325	1612	1936	lcl_CM027379.1_cds_KAF9615640.1_11002	NODE_86_length_3244_cov_1.563941	98.77		True
unknown
326	545	2017	2236	lcl_CM027379.1_cds_KAF9615640.1_11002	NODE_86_length_3244_cov_1.563941	99.55		True
unknown
CONTIG	NODE_86_length_3244_cov_1.563941	3244	mis_unaligned
CONTIG	NODE_87_length_3243_cov_3.012950	3243	unaligned
CONTIG	NODE_88_length_3230_cov_2.492074	3230	unaligned
CONTIG	NODE_89_length_3223_cov_18.829307	3223	unaligned
CONTIG	NODE_90_length_3213_cov_7.953459	3213	unaligned
CONTIG	NODE_91_length_3163_cov_3.858393	3163	unaligned
499	683	2217	2033	lcl_CM027384.1_cds_KAF9592573.1_35390	NODE_92_length_3128_cov_1.150115	97.84		True
unknown
276	498	2662	2440	lcl_CM027384.1_cds_KAF9592573.1_35390	NODE_92_length_3128_cov_1.150115	99.1		True
unknown
CONTIG	NODE_92_length_3128_cov_1.150115	3128	mis_unaligned
CONTIG	NODE_93_length_3100_cov_1.281508	3100	unaligned
CONTIG	NODE_94_length_3078_cov_1.034310	3078	unaligned
CONTIG	NODE_95_length_3061_cov_1.579759	3061	unaligned
CONTIG	NODE_96_length_3059_cov_3.320590	3059	unaligned
895	1405	2528	3038	lcl_CM027379.1_cds_KAF9612539.1_11450	NODE_97_length_3038_cov_3.296859	96.28		True
CONTIG	NODE_97_length_3038_cov_3.296859	3038	correct_unaligned
1	392	2783	2392	lcl_CM027385.1_cds_KAF9589333.1_38102	NODE_98_length_3028_cov_1.141986	98.21		True
CONTIG	NODE_98_length_3028_cov_1.141986	3028	correct_unaligned
CONTIG	NODE_99_length_3023_cov_2.039036	3023	unaligned
1	230	1833	2062	lcl_CM027383.1_cds_KAF9595897.1_28226	NODE_100_length_3013_cov_1.351158	98.7		True
CONTIG	NODE_100_length_3013_cov_1.351158	3013	correct_unaligned
CONTIG	NODE_101_length_2993_cov_3.793553	2993	unaligned
CONTIG	NODE_102_length_2984_cov_2.384933	2984	unaligned
CONTIG	NODE_103_length_2978_cov_1.866598	2978	unaligned
CONTIG	NODE_104_length_2968_cov_4.316845	2968	unaligned
CONTIG	NODE_105_length_2948_cov_2.281445	2948	unaligned
CONTIG	NODE_106_length_2943_cov_0.968925	2943	unaligned
CONTIG	NODE_107_length_2928_cov_0.868697	2928	unaligned
1269	1557	637	925	lcl_CM027384.1_cds_KAF9593690.1_32114	NODE_108_length_2898_cov_0.705424	97.92		True
CONTIG	NODE_108_length_2898_cov_0.705424	2898	correct_unaligned
1	444	2221	2664	lcl_JADFTS010000091.1_cds_KAF9586816.1_39499	NODE_109_length_2896_cov_1.753104	100.0		True
CONTIG	NODE_109_length_2896_cov_1.753104	2896	correct_unaligned
CONTIG	NODE_110_length_2889_cov_60.603841	2889	unaligned
CONTIG	NODE_111_length_2880_cov_1.178737	2880	unaligned
CONTIG	NODE_112_length_2876_cov_1.584137	2876	unaligned
CONTIG	NODE_113_length_2857_cov_2.027668	2857	unaligned
CONTIG	NODE_114_length_2845_cov_0.738439	2845	unaligned
1470	1570	1658	1558	lcl_CM027379.1_cds_KAF9612647.1_11407	NODE_115_length_2839_cov_1.571480	98.02		True
unknown
1331	1469	1865	1727	lcl_CM027379.1_cds_KAF9612647.1_11407	NODE_115_length_2839_cov_1.571480	97.84		True
unknown
919	1036	2360	2241	lcl_CM027381.1_cds_KAF9607284.1_20231	NODE_115_length_2839_cov_1.571480	96.67		True
unknown
724	918	2678	2484	lcl_CM027381.1_cds_KAF9607284.1_20231	NODE_115_length_2839_cov_1.571480	99.49		True
unknown
CONTIG	NODE_115_length_2839_cov_1.571480	2839	mis_unaligned
2634	3206	2802	2230	lcl_CM027383.1_cds_KAF9595688.1_29459	NODE_116_length_2806_cov_0.730769	96.34		True
CONTIG	NODE_116_length_2806_cov_0.730769	2806	correct_unaligned
CONTIG	NODE_117_length_2784_cov_3.180207	2784	unaligned
CONTIG	NODE_118_length_2784_cov_0.827115	2784	unaligned
CONTIG	NODE_119_length_2773_cov_1.433976	2773	unaligned
CONTIG	NODE_120_length_2745_cov_0.663796	2745	unaligned
CONTIG	NODE_121_length_2743_cov_7.746812	2743	unaligned
294	413	596	477	lcl_CM027383.1_cds_KAF9598041.1_29413	NODE_122_length_2738_cov_1.455844	99.17		True
unknown
1	293	955	663	lcl_CM027383.1_cds_KAF9598041.1_29413	NODE_122_length_2738_cov_1.455844	99.32		True
unknown
305	460	2040	1885	lcl_CM027383.1_cds_KAF9599098.1_30167	NODE_122_length_2738_cov_1.455844	96.79		True
unknown
CONTIG	NODE_122_length_2738_cov_1.455844	2738	mis_unaligned
502	589	586	499	lcl_CM027385.1_cds_KAF9587821.1_37317	NODE_123_length_2732_cov_0.783886	96.59		True
CONTIG	NODE_123_length_2732_cov_0.783886	2732	correct_unaligned
CONTIG	NODE_124_length_2728_cov_2.090430	2728	unaligned
CONTIG	NODE_125_length_2683_cov_1.769939	2683	unaligned
CONTIG	NODE_126_length_2679_cov_12.388547	2679	unaligned
299	396	1736	1833	lcl_CM027381.1_cds_KAF9606330.1_22360	NODE_127_length_2664_cov_5.872398	98.98		True
CONTIG	NODE_127_length_2664_cov_5.872398	2664	correct_unaligned
CONTIG	NODE_128_length_2663_cov_0.766048	2663	unaligned
CONTIG	NODE_129_length_2662_cov_1.272304	2662	unaligned
494	757	479	216	lcl_CM027384.1_cds_KAF9595261.1_35893	NODE_130_length_2628_cov_1.437304	97.35		True
unknown
373	493	738	618	lcl_CM027384.1_cds_KAF9595261.1_35893	NODE_130_length_2628_cov_1.437304	97.52		True
unknown
1	372	1205	834	lcl_CM027384.1_cds_KAF9595261.1_35893	NODE_130_length_2628_cov_1.437304	98.12		True
unknown
770	893	1957	1834	lcl_CM027377.1_cds_KAF9626778.1_3564	NODE_130_length_2628_cov_1.437304	96.77		True
unknown
678	769	2112	2021	lcl_CM027377.1_cds_KAF9626778.1_3564	NODE_130_length_2628_cov_1.437304	98.91		True
unknown
CONTIG	NODE_130_length_2628_cov_1.437304	2628	mis_unaligned
CONTIG	NODE_131_length_2629_cov_1.153605	2629	unaligned
222	369	2559	2412	lcl_CM027379.1_cds_KAF9612470.1_10535	NODE_132_length_2626_cov_0.841114	95.27		True
CONTIG	NODE_132_length_2626_cov_0.841114	2626	correct_unaligned
CONTIG	NODE_133_length_2592_cov_1.254473	2592	unaligned
CONTIG	NODE_134_length_2585_cov_2.341707	2585	unaligned
CONTIG	NODE_135_length_2555_cov_1.001211	2555	unaligned
CONTIG	NODE_136_length_2550_cov_1.000000	2550	unaligned
819	885	511	577	lcl_CM027385.1_cds_KAF9589135.1_36162	NODE_137_length_2542_cov_1.376723	100.0		True
CONTIG	NODE_137_length_2542_cov_1.376723	2542	correct_unaligned
CONTIG	NODE_138_length_2538_cov_8.352296	2538	unaligned
CONTIG	NODE_139_length_2531_cov_4.635845	2531	unaligned
CONTIG	NODE_140_length_2532_cov_2.007739	2532	unaligned
CONTIG	NODE_141_length_2526_cov_0.599673	2526	unaligned
CONTIG	NODE_142_length_2517_cov_1.492226	2517	unaligned
1	170	962	1131	lcl_CM027385.1_cds_KAF9587535.1_37354	NODE_143_length_2517_cov_1.588934	100.0		True
CONTIG	NODE_143_length_2517_cov_1.588934	2517	correct_unaligned
CONTIG	NODE_144_length_2501_cov_1.403053	2501	unaligned
CONTIG	NODE_145_length_2478_cov_2.250208	2478	unaligned
1	861	797	1658	lcl_CM027381.1_cds_KAF9605525.1_21593	NODE_146_length_2459_cov_1.064232	97.56		True
unknown
862	1218	1756	2107	lcl_CM027381.1_cds_KAF9605525.1_21593	NODE_146_length_2459_cov_1.064232	96.64		True
unknown
CONTIG	NODE_146_length_2459_cov_1.064232	2459	mis_unaligned
CONTIG	NODE_147_length_2442_cov_1.594080	2442	unaligned
1155	1570	232	645	lcl_CM027378.1_cds_KAF9619795.1_5556	NODE_148_length_2440_cov_1.249683	97.6		True
unknown
276	564	1496	1784	lcl_CM027380.1_cds_KAF9611168.1_18249	NODE_148_length_2440_cov_1.249683	96.89		True
unknown
CONTIG	NODE_148_length_2440_cov_1.249683	2440	mis_unaligned
479	577	2361	2263	lcl_CM027380.1_cds_KAF9608752.1_17839	NODE_149_length_2434_cov_1.869750	97.98		True
CONTIG	NODE_149_length_2434_cov_1.869750	2434	correct_unaligned
CONTIG	NODE_150_length_2433_cov_2.396010	2433	unaligned
1	150	364	513	lcl_CM027379.1_cds_KAF9615862.1_12087	NODE_151_length_2416_cov_1.149637	99.33		True
CONTIG	NODE_151_length_2416_cov_1.149637	2416	correct_unaligned
167	332	1	166	lcl_CM027383.1_cds_KAF9595836.1_31415	NODE_152_length_2410_cov_1.330047	100.0		True
unknown
331	513	598	775	lcl_CM027383.1_cds_KAF9595836.1_31415	NODE_152_length_2410_cov_1.330047	97.27		True
unknown
CONTIG	NODE_152_length_2410_cov_1.330047	2410	mis_unaligned
CONTIG	NODE_153_length_2398_cov_0.686342	2398	unaligned
CONTIG	NODE_154_length_2382_cov_0.727983	2382	unaligned
CONTIG	NODE_155_length_2380_cov_0.732523	2380	unaligned
CONTIG	NODE_156_length_2372_cov_0.918519	2372	unaligned
CONTIG	NODE_157_length_2368_cov_12.540375	2368	unaligned
133	197	1762	1698	lcl_CM027382.1_cds_KAF9600504.1_25951	NODE_158_length_2361_cov_1.587128	100.0		True
CONTIG	NODE_158_length_2361_cov_1.587128	2361	correct_unaligned
1	184	900	1083	lcl_CM027380.1_cds_KAF9611293.1_16722	NODE_159_length_2348_cov_2.007045	96.74		True
CONTIG	NODE_159_length_2348_cov_2.007045	2348	correct_unaligned
2004	2477	1	474	lcl_CM027379.1_cds_KAF9615441.1_10048	NODE_160_length_2345_cov_0.621252	95.15		True
CONTIG	NODE_160_length_2345_cov_0.621252	2345	correct_unaligned
CONTIG	NODE_161_length_2339_cov_1.304156	2339	unaligned
CONTIG	NODE_162_length_2334_cov_1.561808	2334	unaligned
CONTIG	NODE_163_length_2327_cov_2.484444	2327	unaligned
CONTIG	NODE_164_length_2317_cov_15.322178	2317	unaligned
CONTIG	NODE_165_length_2311_cov_1.318711	2311	unaligned
CONTIG	NODE_166_length_2287_cov_2.201357	2287	unaligned
CONTIG	NODE_167_length_2287_cov_1.825792	2287	unaligned
CONTIG	NODE_168_length_2266_cov_6.221106	2266	unaligned
CONTIG	NODE_169_length_2266_cov_3.895843	2266	unaligned
CONTIG	NODE_170_length_2240_cov_1.962090	2240	unaligned
677	776	949	1048	lcl_CM027380.1_cds_KAF9610880.1_18507	NODE_171_length_2227_cov_1.244651	97.0		True
CONTIG	NODE_171_length_2227_cov_1.244651	2227	correct_unaligned
CONTIG	NODE_172_length_2218_cov_0.986922	2218	unaligned
258	453	1	194	lcl_CM027384.1_cds_KAF9594971.1_34482	NODE_173_length_2197_cov_1.447902	95.41		True
CONTIG	NODE_173_length_2197_cov_1.447902	2197	correct_unaligned
CONTIG	NODE_174_length_2196_cov_1.440302	2196	unaligned
170	474	954	647	lcl_CM027378.1_cds_KAF9619098.1_6728	NODE_175_length_2193_cov_1.205577	95.18		True
unknown
677	814	1177	1040	lcl_CM027378.1_cds_KAF9621617.1_7669	NODE_175_length_2193_cov_1.205577	99.28		True
unknown
1430	1565	2003	1868	lcl_CM027384.1_cds_KAF9595202.1_33083	NODE_175_length_2193_cov_1.205577	99.26		True
unknown
CONTIG	NODE_175_length_2193_cov_1.205577	2193	mis_unaligned
CONTIG	NODE_176_length_2187_cov_1.502605	2187	unaligned
519	642	1037	1161	lcl_CM027378.1_cds_KAF9619055.1_4950	NODE_177_length_2182_cov_0.923040	97.6		True
CONTIG	NODE_177_length_2182_cov_0.923040	2182	correct_unaligned
150	578	2090	1663	lcl_CM027383.1_cds_KAF9597934.1_28469	NODE_178_length_2175_cov_0.840552	96.27		True
CONTIG	NODE_178_length_2175_cov_0.840552	2175	correct_unaligned
CONTIG	NODE_179_length_2167_cov_1.980898	2167	unaligned
CONTIG	NODE_180_length_2158_cov_4.832773	2158	unaligned
810	1089	364	85	lcl_CM027382.1_cds_KAF9599591.1_24742	NODE_181_length_2142_cov_1.142857	97.86		True
unknown
738	809	511	440	lcl_CM027382.1_cds_KAF9599591.1_24742	NODE_181_length_2142_cov_1.142857	100.0		True
unknown
542	737	793	598	lcl_CM027382.1_cds_KAF9599591.1_24742	NODE_181_length_2142_cov_1.142857	98.98		True
unknown
67	541	1342	862	lcl_CM027382.1_cds_KAF9599591.1_24742	NODE_181_length_2142_cov_1.142857	96.26		True
unknown
CONTIG	NODE_181_length_2142_cov_1.142857	2142	mis_unaligned
394	465	216	145	lcl_CM027378.1_cds_KAF9618659.1_6660	NODE_182_length_2136_cov_1.682856	100.0		True
CONTIG	NODE_182_length_2136_cov_1.682856	2136	correct_unaligned
517	1167	1849	1199	lcl_CM027378.1_cds_KAF9622895.1_4758	NODE_183_length_2134_cov_0.957240	96.62		True
CONTIG	NODE_183_length_2134_cov_0.957240	2134	correct_unaligned
CONTIG	NODE_184_length_2127_cov_2.847317	2127	unaligned
CONTIG	NODE_185_length_2127_cov_0.647317	2127	unaligned
CONTIG	NODE_186_length_2097_cov_0.413947	2097	unaligned
CONTIG	NODE_187_length_2084_cov_0.929746	2084	unaligned
CONTIG	NODE_188_length_2083_cov_1.706381	2083	unaligned
612	909	676	973	lcl_CM027383.1_cds_KAF9596531.1_31014	NODE_189_length_2082_cov_0.769576	95.3		True
unknown
215	885	1966	1296	lcl_CM027379.1_cds_KAF9617256.1_11784	NODE_189_length_2082_cov_0.769576	98.06		True
unknown
CONTIG	NODE_189_length_2082_cov_0.769576	2082	mis_unaligned
CONTIG	NODE_190_length_2081_cov_1.170160	2081	unaligned
CONTIG	NODE_191_length_2078_cov_1.514243	2078	unaligned
CONTIG	NODE_192_length_2071_cov_0.986480	2071	unaligned
CONTIG	NODE_193_length_2066_cov_0.862242	2066	unaligned
CONTIG	NODE_194_length_2060_cov_1.951084	2060	unaligned
CONTIG	NODE_195_length_2060_cov_1.773575	2060	unaligned
CONTIG	NODE_196_length_2056_cov_7.371025	2056	unaligned
CONTIG	NODE_197_length_2058_cov_1.691570	2058	unaligned
CONTIG	NODE_198_length_2057_cov_1.606061	2057	unaligned
142	301	1841	2000	lcl_CM027380.1_cds_KAF9610554.1_16886	NODE_199_length_2056_cov_0.756443	100.0		True
CONTIG	NODE_199_length_2056_cov_0.756443	2056	correct_unaligned
CONTIG	NODE_200_length_2038_cov_0.682790	2038	unaligned
116	364	478	726	lcl_CM027380.1_cds_KAF9608886.1_14869	NODE_201_length_2039_cov_1.468400	98.8		True
CONTIG	NODE_201_length_2039_cov_1.468400	2039	correct_unaligned
CONTIG	NODE_202_length_2039_cov_0.435780	2039	unaligned
CONTIG	NODE_203_length_2033_cov_1.147600	2033	unaligned
CONTIG	NODE_204_length_2034_cov_1.525294	2034	unaligned
CONTIG	NODE_205_length_2030_cov_1.795187	2030	unaligned
CONTIG	NODE_206_length_2015_cov_0.933437	2015	unaligned
13	375	238	598	lcl_CM027380.1_cds_KAF9608256.1_15136	NODE_207_length_2009_cov_1.554348	95.36		True
CONTIG	NODE_207_length_2009_cov_1.554348	2009	correct_unaligned
CONTIG	NODE_208_length_2002_cov_5.321391	2002	unaligned
CONTIG	NODE_209_length_2003_cov_1.625649	2003	unaligned
CONTIG	NODE_210_length_2001_cov_2.836798	2001	unaligned
1042	1212	235	65	lcl_CM027383.1_cds_KAF9599569.1_29862	NODE_211_length_2000_cov_1.144566	95.32		True
indel: indel (> 5bp)
275	1041	1079	313	lcl_CM027383.1_cds_KAF9599569.1_29862	NODE_211_length_2000_cov_1.144566	99.09		True
indel: indel (> 5bp)
1	274	1426	1153	lcl_CM027383.1_cds_KAF9599569.1_29862	NODE_211_length_2000_cov_1.144566	98.91		True
translocation
1	279	1999	1721	lcl_CM027384.1_cds_KAF9591160.1_34214	NODE_211_length_2000_cov_1.144566	98.21		True
CONTIG	NODE_211_length_2000_cov_1.144566	2000	misassembled
CONTIG	NODE_212_length_1996_cov_1.447629	1996	unaligned
CONTIG	NODE_213_length_1992_cov_0.732637	1992	unaligned
207	675	221	690	lcl_CM027379.1_cds_KAF9617684.1_11952	NODE_214_length_1982_cov_1.373753	95.96		True
unknown
1357	1555	836	1033	lcl_CM027380.1_cds_KAF9609635.1_18273	NODE_214_length_1982_cov_1.373753	95.98		True
unknown
CONTIG	NODE_214_length_1982_cov_1.373753	1982	mis_unaligned
CONTIG	NODE_215_length_1981_cov_1.814601	1981	unaligned
CONTIG	NODE_216_length_1979_cov_1.113971	1979	unaligned
873	1106	1947	1713	lcl_CM027380.1_cds_KAF9611728.1_19009	NODE_217_length_1975_cov_1.278188	98.72		True
CONTIG	NODE_217_length_1975_cov_1.278188	1975	correct_unaligned
CONTIG	NODE_218_length_1971_cov_0.957761	1971	unaligned
CONTIG	NODE_219_length_1959_cov_1.223698	1959	unaligned
1710	2036	379	53	lcl_CM027384.1_cds_KAF9594812.1_33766	NODE_220_length_1956_cov_2.603191	97.25		True
unknown
205	370	1662	1497	lcl_CM027385.1_cds_KAF9590479.1_36928	NODE_220_length_1956_cov_2.603191	99.4		True
unknown
3	204	1951	1748	lcl_CM027385.1_cds_KAF9590479.1_36928	NODE_220_length_1956_cov_2.603191	95.1		True
unknown
CONTIG	NODE_220_length_1956_cov_2.603191	1956	mis_unaligned
CONTIG	NODE_221_length_1954_cov_7.223761	1954	unaligned
CONTIG	NODE_222_length_1954_cov_1.216835	1954	unaligned
CONTIG	NODE_223_length_1946_cov_18.317817	1946	unaligned
CONTIG	NODE_224_length_1945_cov_0.563704	1945	unaligned
1563	1770	1186	979	lcl_CM027379.1_cds_KAF9614079.1_11879	NODE_225_length_1939_cov_1.472893	98.56		True
unknown
629	789	1694	1534	lcl_CM027379.1_cds_KAF9615664.1_11970	NODE_225_length_1939_cov_1.472893	97.52		True
unknown
CONTIG	NODE_225_length_1939_cov_1.472893	1939	mis_unaligned
CONTIG	NODE_226_length_1939_cov_1.930183	1939	unaligned
CONTIG	NODE_227_length_1931_cov_0.736643	1931	unaligned
CONTIG	NODE_228_length_1924_cov_1.486735	1924	unaligned
CONTIG	NODE_229_length_1911_cov_1.537077	1911	unaligned
CONTIG	NODE_230_length_1908_cov_0.795194	1908	unaligned
CONTIG	NODE_231_length_1900_cov_1.985189	1900	unaligned
CONTIG	NODE_232_length_1892_cov_1.205510	1892	unaligned
CONTIG	NODE_233_length_1882_cov_2.880332	1882	unaligned
668	897	1633	1862	lcl_CM027379.1_cds_KAF9612539.1_11450	NODE_234_length_1880_cov_0.886855	97.39		True
CONTIG	NODE_234_length_1880_cov_0.886855	1880	correct_unaligned
565	799	1644	1878	lcl_CM027378.1_cds_KAF9621997.1_8439	NODE_235_length_1878_cov_1.406996	95.74		True
CONTIG	NODE_235_length_1878_cov_1.406996	1878	correct_unaligned
CONTIG	NODE_236_length_1868_cov_1.093645	1868	unaligned
CONTIG	NODE_237_length_1870_cov_1.668154	1870	unaligned
CONTIG	NODE_238_length_1869_cov_3.876674	1869	unaligned
CONTIG	NODE_239_length_1866_cov_15.060369	1866	unaligned
CONTIG	NODE_240_length_1866_cov_0.891560	1866	unaligned
CONTIG	NODE_241_length_1865_cov_1.261186	1865	unaligned
1	621	588	1204	lcl_CM027382.1_cds_KAF9600507.1_25957	NODE_242_length_1863_cov_1.249441	96.0		True
CONTIG	NODE_242_length_1863_cov_1.249441	1863	correct_unaligned
424	531	1316	1423	lcl_CM027379.1_cds_KAF9617242.1_11764	NODE_243_length_1864_cov_0.819250	99.07		True
CONTIG	NODE_243_length_1864_cov_0.819250	1864	correct_unaligned
CONTIG	NODE_244_length_1858_cov_1.398091	1858	unaligned
CONTIG	NODE_245_length_1857_cov_1.348315	1857	unaligned
CONTIG	NODE_246_length_1852_cov_1.141812	1852	unaligned
CONTIG	NODE_247_length_1849_cov_11.603837	1849	unaligned
533	697	1621	1785	lcl_CM027377.1_cds_KAF9626202.1_1239	NODE_248_length_1849_cov_0.886005	95.76		True
CONTIG	NODE_248_length_1849_cov_0.886005	1849	correct_unaligned
CONTIG	NODE_249_length_1846_cov_0.390175	1846	unaligned
CONTIG	NODE_250_length_1845_cov_0.603166	1845	unaligned
498	648	464	314	lcl_CM027383.1_cds_KAF9598000.1_29933	NODE_251_length_1845_cov_1.138575	98.68		True
unknown
360	516	703	547	lcl_CM027381.1_cds_KAF9605762.1_20720	NODE_251_length_1845_cov_1.138575	98.09		True
unknown
278	359	881	800	lcl_CM027381.1_cds_KAF9605762.1_20720	NODE_251_length_1845_cov_1.138575	97.56		True
unknown
178	277	1065	966	lcl_CM027381.1_cds_KAF9605762.1_20720	NODE_251_length_1845_cov_1.138575	98.0		True
unknown
CONTIG	NODE_251_length_1845_cov_1.138575	1845	mis_unaligned
107	281	1223	1050	lcl_CM027380.1_cds_KAF9611929.1_17952	NODE_252_length_1841_cov_1.329932	98.3		True
CONTIG	NODE_252_length_1841_cov_1.329932	1841	correct_unaligned
CONTIG	NODE_253_length_1829_cov_0.534778	1829	unaligned
CONTIG	NODE_254_length_1829_cov_0.533105	1829	unaligned
CONTIG	NODE_255_length_1824_cov_0.942857	1824	unaligned
CONTIG	NODE_256_length_1826_cov_1.995998	1826	unaligned
122	274	315	163	lcl_CM027380.1_cds_KAF9607850.1_17090	NODE_257_length_1826_cov_1.520297	96.1		True
unknown
1	295	925	623	lcl_CM027384.1_cds_KAF9592256.1_35604	NODE_257_length_1826_cov_1.520297	95.05		True
unknown
CONTIG	NODE_257_length_1826_cov_1.520297	1826	mis_unaligned
CONTIG	NODE_258_length_1822_cov_0.785100	1822	unaligned
CONTIG	NODE_259_length_1818_cov_4.910448	1818	unaligned
552	836	109	397	lcl_CM027381.1_cds_KAF9606508.1_20264	NODE_260_length_1802_cov_0.993623	96.19		True
unknown
837	987	474	624	lcl_CM027381.1_cds_KAF9606508.1_20264	NODE_260_length_1802_cov_0.993623	98.01		True
unknown
988	1233	649	894	lcl_CM027381.1_cds_KAF9606508.1_20264	NODE_260_length_1802_cov_0.993623	97.15		True
unknown
CONTIG	NODE_260_length_1802_cov_0.993623	1802	mis_unaligned
CONTIG	NODE_261_length_1798_cov_1.289948	1798	unaligned
CONTIG	NODE_262_length_1797_cov_1.729070	1797	unaligned
106	177	294	223	lcl_CM027385.1_cds_KAF9590385.1_36471	NODE_263_length_1781_cov_1.570423	100.0		True
CONTIG	NODE_263_length_1781_cov_1.570423	1781	correct_unaligned
CONTIG	NODE_264_length_1775_cov_1.395171	1775	unaligned
1	75	497	423	lcl_CM027377.1_cds_KAF9626729.1_1884	NODE_265_length_1775_cov_0.987618	98.67		True
CONTIG	NODE_265_length_1775_cov_0.987618	1775	correct_unaligned
CONTIG	NODE_266_length_1770_cov_1.841701	1770	unaligned
398	486	1768	1680	lcl_CM027383.1_cds_KAF9598236.1_28315	NODE_267_length_1768_cov_1.484329	98.88		True
CONTIG	NODE_267_length_1768_cov_1.484329	1768	correct_unaligned
39	463	238	662	lcl_CM027381.1_cds_KAF9604257.1_20632	NODE_268_length_1766_cov_2.142096	96.71		True
CONTIG	NODE_268_length_1766_cov_2.142096	1766	correct_unaligned
CONTIG	NODE_269_length_1764_cov_1.200118	1764	unaligned
CONTIG	NODE_270_length_1765_cov_1.832938	1765	unaligned
CONTIG	NODE_271_length_1760_cov_17.881165	1760	unaligned
CONTIG	NODE_272_length_1759_cov_0.708680	1759	unaligned
CONTIG	NODE_273_length_1756_cov_1.119714	1756	unaligned
CONTIG	NODE_274_length_1753_cov_26.219570	1753	unaligned
CONTIG	NODE_275_length_1752_cov_1.771940	1752	unaligned
1048	1514	56	522	lcl_CM027377.1_cds_KAF9626488.1_1012	NODE_276_length_1749_cov_1.656100	97.86		True
translocation
835	978	718	861	lcl_CM027377.1_cds_KAF9624869.1_2416	NODE_276_length_1749_cov_1.656100	97.22		True
translocation
544	1058	1404	890	lcl_CM027378.1_cds_KAF9622143.1_5635	NODE_276_length_1749_cov_1.656100	99.81		True
translocation
177	276	1601	1502	lcl_CM027380.1_cds_KAF9609593.1_16020	NODE_276_length_1749_cov_1.656100	97.0		True
CONTIG	NODE_276_length_1749_cov_1.656100	1749	misassembled
CONTIG	NODE_277_length_1748_cov_1.715141	1748	unaligned
CONTIG	NODE_278_length_1746_cov_1.137807	1746	unaligned
CONTIG	NODE_279_length_1741_cov_3.346339	1741	unaligned
CONTIG	NODE_280_length_1735_cov_2.065742	1735	unaligned
218	408	194	3	lcl_CM027385.1_cds_KAF9590672.1_39050	NODE_281_length_1733_cov_1.262077	97.92		True
CONTIG	NODE_281_length_1733_cov_1.262077	1733	correct_unaligned
988	1381	423	30	lcl_CM027381.1_cds_KAF9604649.1_20183	NODE_282_length_1732_cov_1.265861	95.7		True
CONTIG	NODE_282_length_1732_cov_1.265861	1732	correct_unaligned
289	589	1341	1639	lcl_CM027378.1_cds_KAF9620012.1_5619	NODE_283_length_1729_cov_0.608459	96.35		True
CONTIG	NODE_283_length_1729_cov_0.608459	1729	correct_unaligned
CONTIG	NODE_284_length_1728_cov_0.703390	1728	unaligned
CONTIG	NODE_285_length_1726_cov_9.935758	1726	unaligned
CONTIG	NODE_286_length_1726_cov_2.776228	1726	unaligned
CONTIG	NODE_287_length_1724_cov_0.527019	1724	unaligned
CONTIG	NODE_288_length_1722_cov_1.912462	1722	unaligned
73	157	1262	1346	lcl_CM027382.1_cds_KAF9600030.1_26217	NODE_289_length_1721_cov_0.786018	98.82		True
CONTIG	NODE_289_length_1721_cov_0.786018	1721	correct_unaligned
109	365	284	28	lcl_CM027381.1_cds_KAF9604362.1_19977	NODE_290_length_1718_cov_1.189519	97.28		True
CONTIG	NODE_290_length_1718_cov_1.189519	1718	correct_unaligned
1	251	251	1	lcl_CM027380.1_cds_KAF9612247.1_15664	NODE_291_length_1712_cov_2.278287	100.0		True
CONTIG	NODE_291_length_1712_cov_2.278287	1712	correct_unaligned
CONTIG	NODE_292_length_1707_cov_0.711043	1707	unaligned
CONTIG	NODE_293_length_1705_cov_1.676904	1705	unaligned
CONTIG	NODE_294_length_1704_cov_0.816953	1704	unaligned
CONTIG	NODE_295_length_1705_cov_0.506757	1705	unaligned
CONTIG	NODE_296_length_1703_cov_9.124155	1703	unaligned
CONTIG	NODE_297_length_1703_cov_0.742312	1703	unaligned
1	150	1180	1331	lcl_CM027377.1_cds_KAF9625843.1_3176	NODE_298_length_1702_cov_0.955077	95.42		True
CONTIG	NODE_298_length_1702_cov_0.955077	1702	correct_unaligned
4477	4734	841	1098	lcl_CM027383.1_cds_KAF9599000.1_29065	NODE_299_length_1691_cov_0.698765	95.74		True
CONTIG	NODE_299_length_1691_cov_0.698765	1691	correct_unaligned
223	340	696	579	lcl_CM027381.1_cds_KAF9604374.1_19988	NODE_300_length_1690_cov_0.833850	96.61		True
CONTIG	NODE_300_length_1690_cov_0.833850	1690	correct_unaligned
890	989	259	358	lcl_CM027378.1_cds_KAF9621202.1_8613	NODE_301_length_1683_cov_1.768991	99.0		True
unknown
1	195	1151	957	lcl_CM027381.1_cds_KAF9607728.1_20162	NODE_301_length_1683_cov_1.768991	98.97		True
unknown
53	270	1372	1589	lcl_CM027379.1_cds_KAF9612616.1_12762	NODE_301_length_1683_cov_1.768991	97.25		True
unknown
CONTIG	NODE_301_length_1683_cov_1.768991	1683	mis_unaligned
CONTIG	NODE_302_length_1681_cov_1.613466	1681	unaligned
CONTIG	NODE_303_length_1681_cov_1.286160	1681	unaligned
706	960	361	107	lcl_CM027382.1_cds_KAF9603237.1_25552	NODE_304_length_1676_cov_7.293125	96.47		True
CONTIG	NODE_304_length_1676_cov_7.293125	1676	correct_unaligned
39	408	682	1047	lcl_CM027378.1_cds_KAF9622938.1_8018	NODE_305_length_1676_cov_1.243902	98.11		True
CONTIG	NODE_305_length_1676_cov_1.243902	1676	correct_unaligned
1	139	855	993	lcl_CM027382.1_cds_KAF9601110.1_26834	NODE_306_length_1676_cov_1.186366	99.28		True
CONTIG	NODE_306_length_1676_cov_1.186366	1676	correct_unaligned
1142	1224	759	841	lcl_CM027378.1_cds_KAF9621778.1_8088	NODE_307_length_1677_cov_0.763454	100.0		True
CONTIG	NODE_307_length_1677_cov_0.763454	1677	correct_unaligned
CONTIG	NODE_308_length_1675_cov_0.660200	1675	unaligned
CONTIG	NODE_309_length_1672_cov_1.050784	1672	unaligned
CONTIG	NODE_310_length_1672_cov_0.677116	1672	unaligned
1	122	1445	1566	lcl_CM027379.1_cds_KAF9614193.1_12713	NODE_311_length_1669_cov_1.123116	99.18		True
CONTIG	NODE_311_length_1669_cov_1.123116	1669	correct_unaligned
1	213	907	1119	lcl_CM027383.1_cds_KAF9596121.1_29664	NODE_312_length_1665_cov_0.658690	96.24		True
CONTIG	NODE_312_length_1665_cov_0.658690	1665	correct_unaligned
CONTIG	NODE_313_length_1664_cov_1.251418	1664	unaligned
CONTIG	NODE_314_length_1661_cov_1.811869	1661	unaligned
CONTIG	NODE_315_length_1659_cov_0.771465	1659	unaligned
CONTIG	NODE_316_length_1659_cov_2.924779	1659	unaligned
CONTIG	NODE_317_length_1659_cov_0.609987	1659	unaligned
CONTIG	NODE_318_length_1656_cov_1.769133	1656	unaligned
667	792	3	127	lcl_CM027383.1_cds_KAF9598585.1_29634	NODE_319_length_1648_cov_1.010787	96.83		True
unknown
945	1029	255	339	lcl_CM027379.1_cds_KAF9616612.1_10679	NODE_319_length_1648_cov_1.010787	100.0		True
unknown
CONTIG	NODE_319_length_1648_cov_1.010787	1648	mis_unaligned
CONTIG	NODE_320_length_1652_cov_1.316190	1652	unaligned
CONTIG	NODE_321_length_1651_cov_1.264295	1651	unaligned
1324	1545	1	222	lcl_CM027384.1_cds_KAF9592576.1_35393	NODE_322_length_1651_cov_0.844981	98.2		True
CONTIG	NODE_322_length_1651_cov_0.844981	1651	correct_unaligned
CONTIG	NODE_323_length_1643_cov_3.763208	1643	unaligned
1	315	548	234	lcl_CM027381.1_cds_KAF9607095.1_19294	NODE_324_length_1646_cov_0.500956	95.87		True
CONTIG	NODE_324_length_1646_cov_0.500956	1646	correct_unaligned
CONTIG	NODE_325_length_1645_cov_1.718750	1645	unaligned
CONTIG	NODE_326_length_1643_cov_7.262452	1643	unaligned
CONTIG	NODE_327_length_1641_cov_0.898338	1641	unaligned
CONTIG	NODE_328_length_1629_cov_1.892397	1629	unaligned
190	703	514	1	lcl_JADFTS010000058.1_cds_KAF9587007.1_39876	NODE_329_length_1628_cov_0.863402	96.5		True
CONTIG	NODE_329_length_1628_cov_0.863402	1628	correct_unaligned
61	200	579	439	lcl_CM027380.1_cds_KAF9610701.1_17918	NODE_330_length_1628_cov_1.606061	95.74		True
CONTIG	NODE_330_length_1628_cov_1.606061	1628	correct_unaligned
CONTIG	NODE_331_length_1628_cov_0.717602	1628	unaligned
CONTIG	NODE_332_length_1624_cov_0.952165	1624	unaligned
CONTIG	NODE_333_length_1617_cov_0.642718	1617	unaligned
CONTIG	NODE_334_length_1619_cov_10.199611	1619	unaligned
1	249	547	299	lcl_CM027381.1_cds_KAF9605937.1_20721	NODE_335_length_1618_cov_0.810513	99.2		True
unknown
1	154	1204	1051	lcl_CM027380.1_cds_KAF9611506.1_17280	NODE_335_length_1618_cov_0.810513	97.4		True
unknown
CONTIG	NODE_335_length_1618_cov_0.810513	1618	mis_unaligned
CONTIG	NODE_336_length_1610_cov_0.527723	1610	unaligned
CONTIG	NODE_337_length_1606_cov_0.919060	1606	unaligned
CONTIG	NODE_338_length_1602_cov_1.679344	1602	unaligned
CONTIG	NODE_339_length_1598_cov_0.651346	1598	unaligned
CONTIG	NODE_340_length_1597_cov_2.046711	1597	unaligned
1279	1385	546	436	lcl_CM027379.1_cds_KAF9614046.1_12599	NODE_341_length_1597_cov_1.499342	95.5		True
CONTIG	NODE_341_length_1597_cov_1.499342	1597	correct_unaligned
CONTIG	NODE_342_length_1587_cov_2.258940	1587	unaligned
CONTIG	NODE_343_length_1583_cov_2.222444	1583	unaligned
1	284	1280	1563	lcl_CM027379.1_cds_KAF9613925.1_12490	NODE_344_length_1582_cov_0.926910	97.18		True
CONTIG	NODE_344_length_1582_cov_0.926910	1582	correct_unaligned
191	285	330	236	lcl_CM027378.1_cds_KAF9619337.1_4254	NODE_345_length_1581_cov_1.359043	96.84		True
unknown
101	194	683	590	lcl_CM027378.1_cds_KAF9619337.1_4254	NODE_345_length_1581_cov_1.359043	98.94		True
unknown
CONTIG	NODE_345_length_1581_cov_1.359043	1581	mis_unaligned
196	444	148	396	lcl_CM027381.1_cds_KAF9604121.1_19559	NODE_346_length_1580_cov_1.143713	95.58		True
unknown
102	224	697	819	lcl_CM027381.1_cds_KAF9604233.1_20657	NODE_346_length_1580_cov_1.143713	95.93		True
unknown
689	875	854	1040	lcl_CM027378.1_cds_KAF9620241.1_3844	NODE_346_length_1580_cov_1.143713	96.79		True
unknown
CONTIG	NODE_346_length_1580_cov_1.143713	1580	mis_unaligned
71	312	1176	1417	lcl_CM027381.1_cds_KAF9606674.1_19738	NODE_347_length_1577_cov_0.550233	96.69		True
CONTIG	NODE_347_length_1577_cov_0.550233	1577	correct_unaligned
CONTIG	NODE_348_length_1577_cov_0.582000	1577	unaligned
CONTIG	NODE_349_length_1571_cov_8.262350	1571	unaligned
CONTIG	NODE_350_length_1573_cov_1.223930	1573	unaligned
CONTIG	NODE_351_length_1571_cov_1.301205	1571	unaligned
CONTIG	NODE_352_length_1570_cov_1.127261	1570	unaligned
CONTIG	NODE_353_length_1566_cov_14.428954	1566	unaligned
1174	1245	718	789	lcl_CM027380.1_cds_KAF9608762.1_17849	NODE_354_length_1568_cov_0.886653	98.61		True
CONTIG	NODE_354_length_1568_cov_0.886653	1568	correct_unaligned
CONTIG	NODE_355_length_1567_cov_1.985235	1567	unaligned
CONTIG	NODE_356_length_1566_cov_0.818792	1566	unaligned
CONTIG	NODE_357_length_1561_cov_1.564690	1561	unaligned
CONTIG	NODE_358_length_1558_cov_1.204178	1558	unaligned
241	311	624	694	lcl_CM027380.1_cds_KAF9608639.1_15045	NODE_359_length_1560_cov_1.597438	100.0		True
CONTIG	NODE_359_length_1560_cov_1.597438	1560	correct_unaligned
CONTIG	NODE_360_length_1556_cov_1.587559	1556	unaligned
245	618	406	779	lcl_CM027380.1_cds_KAF9608899.1_18055	NODE_361_length_1554_cov_0.966102	99.47		True
unknown
625	735	1157	1267	lcl_CM027385.1_cds_KAF9589701.1_38382	NODE_361_length_1554_cov_0.966102	99.1		True
unknown
613	866	1301	1554	lcl_CM027379.1_cds_KAF9616622.1_10692	NODE_361_length_1554_cov_0.966102	98.82		True
unknown
CONTIG	NODE_361_length_1554_cov_0.966102	1554	mis_unaligned
611	748	595	458	lcl_CM027383.1_cds_KAF9597302.1_28940	NODE_362_length_1551_cov_1.202171	96.38		True
unknown
332	610	1462	1184	lcl_CM027377.1_cds_KAF9626133.1_1311	NODE_362_length_1551_cov_1.202171	99.64		True
unknown
CONTIG	NODE_362_length_1551_cov_1.202171	1551	mis_unaligned
CONTIG	NODE_363_length_1550_cov_1.437203	1550	unaligned
CONTIG	NODE_364_length_1550_cov_1.190767	1550	unaligned
63	547	763	1247	lcl_CM027382.1_cds_KAF9601178.1_24988	NODE_365_length_1549_cov_1.461957	98.97		True
CONTIG	NODE_365_length_1549_cov_1.461957	1549	correct_unaligned
53	442	313	702	lcl_CM027379.1_cds_KAF9615847.1_12095	NODE_366_length_1544_cov_1.068848	98.72		True
unknown
296	386	1190	1100	lcl_CM027379.1_cds_KAF9614371.1_12096	NODE_366_length_1544_cov_1.068848	97.8		True
unknown
173	327	1390	1544	lcl_CM027377.1_cds_KAF9626133.1_1311	NODE_366_length_1544_cov_1.068848	98.71		True
unknown
CONTIG	NODE_366_length_1544_cov_1.068848	1544	mis_unaligned
CONTIG	NODE_367_length_1543_cov_1.652797	1543	unaligned
CONTIG	NODE_368_length_1532_cov_0.567531	1532	unaligned
CONTIG	NODE_369_length_1537_cov_1.620548	1537	unaligned
694	817	723	846	lcl_CM027378.1_cds_KAF9622939.1_8019	NODE_370_length_1534_cov_1.343857	95.97		True
CONTIG	NODE_370_length_1534_cov_1.343857	1534	correct_unaligned
CONTIG	NODE_371_length_1533_cov_1.282280	1533	unaligned
CONTIG	NODE_372_length_1532_cov_2.207560	1532	unaligned
CONTIG	NODE_373_length_1531_cov_1.127923	1531	unaligned
168	283	2	117	lcl_CM027385.1_cds_KAF9590339.1_37980	NODE_374_length_1530_cov_1.810048	97.41		True
CONTIG	NODE_374_length_1530_cov_1.810048	1530	correct_unaligned
CONTIG	NODE_375_length_1530_cov_1.688231	1530	unaligned
CONTIG	NODE_376_length_1528_cov_0.696490	1528	unaligned
CONTIG	NODE_377_length_1524_cov_1.717346	1524	unaligned
CONTIG	NODE_378_length_1519_cov_1.316955	1519	unaligned
CONTIG	NODE_379_length_1521_cov_1.784626	1521	unaligned
CONTIG	NODE_380_length_1521_cov_1.395429	1521	unaligned
785	911	848	974	lcl_CM027385.1_cds_KAF9590712.1_37176	NODE_381_length_1520_cov_1.758836	97.64		True
CONTIG	NODE_381_length_1520_cov_1.758836	1520	correct_unaligned
CONTIG	NODE_382_length_1520_cov_1.678448	1520	unaligned
CONTIG	NODE_383_length_1520_cov_1.446985	1520	unaligned
730	1083	677	324	lcl_CM027377.1_cds_KAF9624909.1_3504	NODE_384_length_1515_cov_1.148995	97.18		True
indel: indel (> 5bp)
621	729	866	758	lcl_CM027377.1_cds_KAF9624909.1_3504	NODE_384_length_1515_cov_1.148995	98.17		True
translocation
530	623	1050	957	lcl_CM027380.1_cds_KAF9611902.1_17151	NODE_384_length_1515_cov_1.148995	96.81		True
indel: indel (> 5bp)
321	529	1406	1198	lcl_CM027380.1_cds_KAF9611902.1_17151	NODE_384_length_1515_cov_1.148995	98.56		True
CONTIG	NODE_384_length_1515_cov_1.148995	1515	misassembled
64	170	1129	1235	lcl_CM027378.1_cds_KAF9620169.1_3776	NODE_385_length_1520_cov_0.927235	95.33		True
CONTIG	NODE_385_length_1520_cov_0.927235	1520	correct_unaligned
CONTIG	NODE_386_length_1520_cov_0.641026	1520	unaligned
CONTIG	NODE_387_length_1519_cov_1.201110	1519	unaligned
CONTIG	NODE_388_length_1518_cov_1.374046	1518	unaligned
CONTIG	NODE_389_length_1515_cov_1.429764	1515	unaligned
CONTIG	NODE_390_length_1513_cov_1.029248	1513	unaligned
CONTIG	NODE_391_length_1509_cov_14.214385	1509	unaligned
761	1053	1509	1217	lcl_CM027382.1_cds_KAF9599590.1_24745	NODE_392_length_1509_cov_1.576117	97.27		True
CONTIG	NODE_392_length_1509_cov_1.576117	1509	correct_unaligned
CONTIG	NODE_393_length_1508_cov_1.255765	1508	unaligned
CONTIG	NODE_394_length_1506_cov_0.518544	1506	unaligned
CONTIG	NODE_395_length_1505_cov_13.084034	1505	unaligned
CONTIG	NODE_396_length_1505_cov_1.678571	1505	unaligned
CONTIG	NODE_397_length_1501_cov_1.146359	1501	unaligned
CONTIG	NODE_398_length_1505_cov_0.891457	1505	unaligned
CONTIG	NODE_399_length_1499_cov_3.304775	1499	unaligned
CONTIG	NODE_400_length_1493_cov_0.961322	1493	unaligned
CONTIG	NODE_401_length_1498_cov_0.740324	1498	unaligned
CONTIG	NODE_402_length_1496_cov_2.467230	1496	unaligned
CONTIG	NODE_403_length_1496_cov_0.591261	1496	unaligned
CONTIG	NODE_404_length_1490_cov_0.753879	1490	unaligned
1	633	374	1006	lcl_CM027385.1_cds_KAF9589556.1_38124	NODE_405_length_1490_cov_1.775972	98.26		True
translocation
1	120	1243	1361	lcl_CM027381.1_cds_KAF9607337.1_19341	NODE_405_length_1490_cov_1.775972	96.69		True
CONTIG	NODE_405_length_1490_cov_1.775972	1490	misassembled
1	237	238	1	lcl_CM027384.1_cds_KAF9590946.1_33589	NODE_406_length_1492_cov_1.001413	97.06		True
CONTIG	NODE_406_length_1492_cov_1.001413	1492	correct_unaligned
470	554	332	416	lcl_CM027383.1_cds_KAF9597061.1_28854	NODE_407_length_1491_cov_1.409477	100.0		True
unknown
627	748	626	747	lcl_CM027384.1_cds_KAF9594875.1_33668	NODE_407_length_1491_cov_1.409477	100.0		True
unknown
749	904	845	1000	lcl_CM027384.1_cds_KAF9594875.1_33668	NODE_407_length_1491_cov_1.409477	99.36		True
unknown
35	110	1416	1491	lcl_CM027382.1_cds_KAF9600491.1_25941	NODE_407_length_1491_cov_1.409477	100.0		True
unknown
CONTIG	NODE_407_length_1491_cov_1.409477	1491	mis_unaligned
CONTIG	NODE_408_length_1489_cov_0.847025	1489	unaligned
CONTIG	NODE_409_length_1488_cov_0.602410	1488	unaligned
1018	1220	455	253	lcl_CM027382.1_cds_KAF9602366.1_25068	NODE_410_length_1482_cov_1.222064	96.08		True
CONTIG	NODE_410_length_1482_cov_1.222064	1482	correct_unaligned
CONTIG	NODE_411_length_1482_cov_0.558007	1482	unaligned
CONTIG	NODE_412_length_1480_cov_1.722737	1480	unaligned
CONTIG	NODE_413_length_1480_cov_1.228083	1480	unaligned
CONTIG	NODE_414_length_1479_cov_2.001427	1479	unaligned
CONTIG	NODE_415_length_1479_cov_1.384451	1479	unaligned
CONTIG	NODE_416_length_1479_cov_0.630528	1479	unaligned
CONTIG	NODE_417_length_1466_cov_0.884120	1466	unaligned
638	812	994	1168	lcl_CM027378.1_cds_KAF9618331.1_6197	NODE_418_length_1473_cov_1.283668	100.0		True
CONTIG	NODE_418_length_1473_cov_1.283668	1473	correct_unaligned
1	109	1425	1317	lcl_CM027377.1_cds_KAF9623251.1_1630	NODE_419_length_1473_cov_1.153295	99.08		True
CONTIG	NODE_419_length_1473_cov_1.153295	1473	correct_unaligned
CONTIG	NODE_420_length_1471_cov_1.238881	1471	unaligned
CONTIG	NODE_421_length_1470_cov_1.868629	1470	unaligned
722	834	960	1072	lcl_CM027385.1_cds_KAF9590039.1_37264	NODE_422_length_1469_cov_1.599856	99.12		True
CONTIG	NODE_422_length_1469_cov_1.599856	1469	correct_unaligned
1094	1182	1232	1320	lcl_CM027384.1_cds_KAF9594443.1_34332	NODE_423_length_1466_cov_0.599712	100.0		True
CONTIG	NODE_423_length_1466_cov_0.599712	1466	correct_unaligned
700	852	1206	1358	lcl_CM027384.1_cds_KAF9594805.1_33783	NODE_424_length_1464_cov_1.707282	98.69		True
CONTIG	NODE_424_length_1464_cov_1.707282	1464	correct_unaligned
CONTIG	NODE_425_length_1463_cov_1.310967	1463	unaligned
CONTIG	NODE_426_length_1463_cov_1.172439	1463	unaligned
1016	1272	365	109	lcl_CM027382.1_cds_KAF9602028.1_23619	NODE_427_length_1462_cov_1.078700	98.05		True
CONTIG	NODE_427_length_1462_cov_1.078700	1462	correct_unaligned
CONTIG	NODE_428_length_1459_cov_0.785818	1459	unaligned
CONTIG	NODE_429_length_1458_cov_1.393193	1458	unaligned
CONTIG	NODE_430_length_1457_cov_1.526812	1457	unaligned
CONTIG	NODE_431_length_1456_cov_1.323423	1456	unaligned
CONTIG	NODE_432_length_1456_cov_0.702683	1456	unaligned
CONTIG	NODE_433_length_1455_cov_0.461538	1455	unaligned
1522	1669	1051	904	lcl_CM027379.1_cds_KAF9615140.1_11841	NODE_434_length_1453_cov_0.538517	95.27		True
CONTIG	NODE_434_length_1453_cov_0.538517	1453	correct_unaligned
CONTIG	NODE_435_length_1452_cov_0.855273	1452	unaligned
CONTIG	NODE_436_length_1451_cov_3.465066	1451	unaligned
CONTIG	NODE_437_length_1451_cov_1.852984	1451	unaligned
CONTIG	NODE_438_length_1445_cov_4.247633	1445	unaligned
CONTIG	NODE_439_length_1450_cov_2.217043	1450	unaligned
CONTIG	NODE_440_length_1450_cov_1.723234	1450	unaligned
CONTIG	NODE_441_length_1450_cov_1.701384	1450	unaligned
CONTIG	NODE_442_length_1449_cov_1.346210	1449	unaligned
CONTIG	NODE_443_length_1448_cov_1.703136	1448	unaligned
CONTIG	NODE_444_length_1448_cov_1.265500	1448	unaligned
1	86	133	218	lcl_CM027385.1_cds_KAF9589587.1_38417	NODE_445_length_1437_cov_2.432847	98.84		True
CONTIG	NODE_445_length_1437_cov_2.432847	1437	correct_unaligned
CONTIG	NODE_446_length_1446_cov_1.917458	1446	unaligned
CONTIG	NODE_447_length_1446_cov_0.637692	1446	unaligned
CONTIG	NODE_448_length_1442_cov_21.501099	1442	unaligned
CONTIG	NODE_449_length_1441_cov_0.867302	1441	unaligned
CONTIG	NODE_450_length_1440_cov_1.506236	1440	unaligned
29	103	820	746	lcl_CM027382.1_cds_KAF9601086.1_24135	NODE_451_length_1435_cov_0.730007	98.67		True
CONTIG	NODE_451_length_1435_cov_0.730007	1435	correct_unaligned
134	224	91	1	lcl_CM027379.1_cds_KAF9614996.1_10068	NODE_452_length_1438_cov_1.096253	100.0		True
unknown
1	137	499	363	lcl_CM027379.1_cds_KAF9614996.1_10068	NODE_452_length_1438_cov_1.096253	99.27		True
unknown
356	464	691	583	lcl_CM027379.1_cds_KAF9613099.1_13342	NODE_452_length_1438_cov_1.096253	100.0		True
unknown
1	365	1074	1438	lcl_CM027378.1_cds_KAF9620820.1_8284	NODE_452_length_1438_cov_1.096253	99.73		True
unknown
CONTIG	NODE_452_length_1438_cov_1.096253	1438	mis_unaligned
CONTIG	NODE_453_length_1437_cov_1.608088	1437	unaligned
CONTIG	NODE_454_length_1433_cov_1.274336	1433	unaligned
CONTIG	NODE_455_length_1433_cov_0.955015	1433	unaligned
CONTIG	NODE_456_length_1432_cov_0.846494	1432	unaligned
856	933	871	949	lcl_CM027380.1_cds_KAF9608084.1_18103	NODE_457_length_1428_cov_1.381939	97.47		True
CONTIG	NODE_457_length_1428_cov_1.381939	1428	correct_unaligned
CONTIG	NODE_458_length_1426_cov_1.639733	1426	unaligned
284	748	551	87	lcl_CM027384.1_cds_KAF9592111.1_33613	NODE_459_length_1419_cov_0.757238	99.14		True
local misassembly
1	281	1046	766	lcl_CM027384.1_cds_KAF9592111.1_33613	NODE_459_length_1419_cov_0.757238	97.86		True
CONTIG	NODE_459_length_1419_cov_0.757238	1419	correct
CONTIG	NODE_460_length_1423_cov_1.202080	1423	unaligned
CONTIG	NODE_461_length_1423_cov_0.537147	1423	unaligned
CONTIG	NODE_462_length_1416_cov_1.358476	1416	unaligned
CONTIG	NODE_463_length_1416_cov_1.082898	1416	unaligned
CONTIG	NODE_464_length_1414_cov_1.314884	1414	unaligned
CONTIG	NODE_465_length_1410_cov_0.562641	1410	unaligned
CONTIG	NODE_466_length_1406_cov_1.087284	1406	unaligned
CONTIG	NODE_467_length_1405_cov_17.298193	1405	unaligned
CONTIG	NODE_468_length_1404_cov_0.875000	1404	unaligned
CONTIG	NODE_469_length_1404_cov_0.552374	1404	unaligned
4	183	180	1	lcl_CM027379.1_cds_KAF9613811.1_9530	NODE_470_length_1403_cov_1.412519	99.44		True
CONTIG	NODE_470_length_1403_cov_1.412519	1403	correct_unaligned
CONTIG	NODE_471_length_1403_cov_0.609351	1403	unaligned
CONTIG	NODE_472_length_1395_cov_1.487528	1395	unaligned
CONTIG	NODE_473_length_1400_cov_0.761905	1400	unaligned
CONTIG	NODE_474_length_1399_cov_1.037821	1399	unaligned
CONTIG	NODE_475_length_1391_cov_1.364536	1391	unaligned
CONTIG	NODE_476_length_1386_cov_1.013720	1386	unaligned
CONTIG	NODE_477_length_1388_cov_0.967201	1388	unaligned
CONTIG	NODE_478_length_1385_cov_0.639969	1385	unaligned
CONTIG	NODE_479_length_1387_cov_7.654962	1387	unaligned
CONTIG	NODE_480_length_1388_cov_4.745802	1388	unaligned
CONTIG	NODE_481_length_1387_cov_1.308397	1387	unaligned
CONTIG	NODE_482_length_1387_cov_0.672519	1387	unaligned
CONTIG	NODE_483_length_1385_cov_2.048930	1385	unaligned
477	597	87	207	lcl_CM027381.1_cds_KAF9606408.1_21673	NODE_484_length_1385_cov_1.988532	98.35		True
unknown
555	750	988	1183	lcl_JADFTS010000091.1_cds_KAF9586818.1_39498	NODE_484_length_1385_cov_1.988532	100.0		True
unknown
CONTIG	NODE_484_length_1385_cov_1.988532	1385	mis_unaligned
CONTIG	NODE_485_length_1383_cov_0.771057	1383	unaligned
CONTIG	NODE_486_length_1381_cov_1.610429	1381	unaligned
CONTIG	NODE_487_length_1380_cov_0.722393	1380	unaligned
CONTIG	NODE_488_length_1380_cov_1.381427	1380	unaligned
163	307	432	288	lcl_CM027379.1_cds_KAF9613456.1_11236	NODE_489_length_1380_cov_0.866462	97.93		True
CONTIG	NODE_489_length_1380_cov_0.866462	1380	correct_unaligned
CONTIG	NODE_490_length_1377_cov_5.619523	1377	unaligned
CONTIG	NODE_491_length_1377_cov_1.508462	1377	unaligned
1325	1566	121	362	lcl_CM027382.1_cds_KAF9600499.1_25948	NODE_492_length_1371_cov_0.523846	95.04		True
translocation
622	1138	720	1236	lcl_CM027381.1_cds_KAF9604044.1_20979	NODE_492_length_1371_cov_0.523846	95.94		True
CONTIG	NODE_492_length_1371_cov_0.523846	1371	misassembled
CONTIG	NODE_493_length_1371_cov_1.087259	1371	unaligned
CONTIG	NODE_494_length_1365_cov_10.445131	1365	unaligned
CONTIG	NODE_495_length_1371_cov_1.020093	1371	unaligned
CONTIG	NODE_496_length_1371_cov_1.006182	1371	unaligned
CONTIG	NODE_497_length_1370_cov_1.508121	1370	unaligned
CONTIG	NODE_498_length_1368_cov_0.818745	1368	unaligned
CONTIG	NODE_499_length_1372_cov_0.651938	1372	unaligned
CONTIG	NODE_500_length_1366_cov_37.458495	1366	unaligned
CONTIG	NODE_501_length_1361_cov_3.031032	1361	unaligned
838	972	164	30	lcl_CM027382.1_cds_KAF9602768.1_24275	NODE_502_length_1366_cov_1.280062	96.3		True
CONTIG	NODE_502_length_1366_cov_1.280062	1366	correct_unaligned
CONTIG	NODE_503_length_1365_cov_1.211957	1365	unaligned
CONTIG	NODE_504_length_1365_cov_0.854814	1365	unaligned
CONTIG	NODE_505_length_1359_cov_3.563326	1359	unaligned
CONTIG	NODE_506_length_1362_cov_1.211673	1362	unaligned
CONTIG	NODE_507_length_1359_cov_2.227769	1359	unaligned
CONTIG	NODE_508_length_1359_cov_1.652106	1359	unaligned
CONTIG	NODE_509_length_1358_cov_1.037471	1358	unaligned
CONTIG	NODE_510_length_1355_cov_1.952344	1355	unaligned
289	408	349	468	lcl_CM027378.1_cds_KAF9621568.1_4876	NODE_511_length_1356_cov_0.810642	97.5		True
CONTIG	NODE_511_length_1356_cov_0.810642	1356	correct_unaligned
CONTIG	NODE_512_length_1354_cov_1.133125	1354	unaligned
CONTIG	NODE_513_length_1353_cov_1.554859	1353	unaligned
1116	1284	714	882	lcl_CM027383.1_cds_KAF9596293.1_30223	NODE_514_length_1345_cov_1.479528	95.27		True
CONTIG	NODE_514_length_1345_cov_1.479528	1345	correct_unaligned
CONTIG	NODE_515_length_1345_cov_1.928233	1345	unaligned
CONTIG	NODE_516_length_1345_cov_1.365931	1345	unaligned
CONTIG	NODE_517_length_1344_cov_1.385951	1344	unaligned
CONTIG	NODE_518_length_1343_cov_1.095577	1343	unaligned
CONTIG	NODE_519_length_1342_cov_1.007905	1342	unaligned
CONTIG	NODE_520_length_1339_cov_6.339144	1339	unaligned
CONTIG	NODE_521_length_1333_cov_8.842982	1333	unaligned
CONTIG	NODE_522_length_1337_cov_1.380952	1337	unaligned
CONTIG	NODE_523_length_1337_cov_0.633333	1337	unaligned
CONTIG	NODE_524_length_1334_cov_0.959459	1334	unaligned
CONTIG	NODE_525_length_1333_cov_0.800159	1333	unaligned
CONTIG	NODE_526_length_1331_cov_1.263955	1331	unaligned
CONTIG	NODE_527_length_1331_cov_0.567783	1331	unaligned
CONTIG	NODE_528_length_1330_cov_1.397446	1330	unaligned
CONTIG	NODE_529_length_1329_cov_0.851438	1329	unaligned
CONTIG	NODE_530_length_1328_cov_0.718625	1328	unaligned
CONTIG	NODE_531_length_1328_cov_0.363709	1328	unaligned
CONTIG	NODE_532_length_1331_cov_0.756800	1331	unaligned
CONTIG	NODE_533_length_1326_cov_11.270616	1326	unaligned
CONTIG	NODE_534_length_1326_cov_2.052042	1326	unaligned
CONTIG	NODE_535_length_1326_cov_1.146517	1326	unaligned
CONTIG	NODE_536_length_1324_cov_4.708099	1324	unaligned
CONTIG	NODE_537_length_1323_cov_0.938202	1323	unaligned
CONTIG	NODE_538_length_1321_cov_2.245981	1321	unaligned
CONTIG	NODE_539_length_1321_cov_1.365756	1321	unaligned
CONTIG	NODE_540_length_1319_cov_1.652979	1319	unaligned
CONTIG	NODE_541_length_1319_cov_0.710145	1319	unaligned
CONTIG	NODE_542_length_1318_cov_1.639001	1318	unaligned
CONTIG	NODE_543_length_1316_cov_14.899112	1316	unaligned
CONTIG	NODE_544_length_1313_cov_0.764326	1313	unaligned
CONTIG	NODE_545_length_1316_cov_0.508475	1316	unaligned
428	741	1315	999	lcl_CM027381.1_cds_KAF9604273.1_20616	NODE_546_length_1315_cov_1.075929	95.9		True
CONTIG	NODE_546_length_1315_cov_1.075929	1315	correct_unaligned
CONTIG	NODE_547_length_1314_cov_1.705740	1314	unaligned
805	1006	961	760	lcl_CM027379.1_cds_KAF9614713.1_12398	NODE_548_length_1313_cov_1.448220	96.53		True
CONTIG	NODE_548_length_1313_cov_1.448220	1313	correct_unaligned
CONTIG	NODE_549_length_1313_cov_1.123786	1313	unaligned
CONTIG	NODE_550_length_1311_cov_0.696356	1311	unaligned
247	362	1310	1192	lcl_CM027385.1_cds_KAF9590385.1_36471	NODE_551_length_1310_cov_1.343066	96.64		True
CONTIG	NODE_551_length_1310_cov_1.343066	1310	correct_unaligned
CONTIG	NODE_552_length_1309_cov_1.303571	1309	unaligned
CONTIG	NODE_553_length_1309_cov_1.133117	1309	unaligned
334	605	38	312	lcl_CM027383.1_cds_KAF9597862.1_27727	NODE_554_length_1307_cov_0.832520	95.64		True
unknown
1	162	1143	1304	lcl_CM027379.1_cds_KAF9617256.1_11784	NODE_554_length_1307_cov_0.832520	97.53		True
unknown
CONTIG	NODE_554_length_1307_cov_0.832520	1307	mis_unaligned
CONTIG	NODE_555_length_1301_cov_0.827642	1301	unaligned
19	645	231	857	lcl_CM027382.1_cds_KAF9602071.1_26695	NODE_556_length_1306_cov_0.695688	95.23		True
CONTIG	NODE_556_length_1306_cov_0.695688	1306	correct
CONTIG	NODE_557_length_1305_cov_0.759772	1305	unaligned
CONTIG	NODE_558_length_1304_cov_1.039935	1304	unaligned
CONTIG	NODE_559_length_1302_cov_1.358367	1302	unaligned
1	482	126	607	lcl_CM027382.1_cds_KAF9601195.1_25183	NODE_560_length_1301_cov_1.041667	98.76		True
translocation
483	678	608	803	lcl_CM027378.1_cds_KAF9621027.1_5836	NODE_560_length_1301_cov_1.041667	97.72		True
CONTIG	NODE_560_length_1301_cov_1.041667	1301	misassembled
CONTIG	NODE_561_length_1301_cov_0.698529	1301	unaligned
CONTIG	NODE_562_length_1300_cov_1.044971	1300	unaligned
CONTIG	NODE_563_length_1298_cov_0.572363	1298	unaligned
CONTIG	NODE_564_length_1300_cov_0.537204	1300	unaligned
1	97	467	563	lcl_CM027382.1_cds_KAF9601275.1_22881	NODE_565_length_1298_cov_1.746110	100.0		True
unknown
3673	3741	861	929	lcl_CM027382.1_cds_KAF9601577.1_24407	NODE_565_length_1298_cov_1.746110	100.0		True
unknown
CONTIG	NODE_565_length_1298_cov_1.746110	1298	mis_unaligned
CONTIG	NODE_566_length_1298_cov_1.683047	1298	unaligned
CONTIG	NODE_567_length_1293_cov_1.380757	1293	unaligned
1	142	555	696	lcl_CM027378.1_cds_KAF9618104.1_5180	NODE_568_length_1292_cov_1.102058	98.59		True
CONTIG	NODE_568_length_1292_cov_1.102058	1292	correct_unaligned
CONTIG	NODE_569_length_1293_cov_0.757202	1293	unaligned
1	394	1166	773	lcl_CM027380.1_cds_KAF9610892.1_16818	NODE_570_length_1290_cov_1.862325	100.0		True
CONTIG	NODE_570_length_1290_cov_1.862325	1290	correct_unaligned
285	620	240	573	lcl_CM027380.1_cds_KAF9611330.1_16386	NODE_571_length_1289_cov_0.497115	95.24		True
unknown
1	169	643	811	lcl_CM027380.1_cds_KAF9609482.1_16101	NODE_571_length_1289_cov_0.497115	95.27		True
unknown
CONTIG	NODE_571_length_1289_cov_0.497115	1289	mis_unaligned
CONTIG	NODE_572_length_1287_cov_0.638843	1287	unaligned
CONTIG	NODE_573_length_1287_cov_0.619008	1287	unaligned
CONTIG	NODE_574_length_1286_cov_1.205128	1286	unaligned
CONTIG	NODE_575_length_1286_cov_0.579818	1286	unaligned
CONTIG	NODE_576_length_1286_cov_0.551696	1286	unaligned
CONTIG	NODE_577_length_1285_cov_2.347682	1285	unaligned
CONTIG	NODE_578_length_1284_cov_1.465232	1284	unaligned
CONTIG	NODE_579_length_1285_cov_1.033113	1285	unaligned
1	99	435	533	lcl_CM027380.1_cds_KAF9608886.1_14869	NODE_580_length_1284_cov_1.752278	97.98		True
CONTIG	NODE_580_length_1284_cov_1.752278	1284	correct_unaligned
CONTIG	NODE_581_length_1283_cov_0.893952	1283	unaligned
CONTIG	NODE_582_length_1282_cov_0.725311	1282	unaligned
749	983	1040	1271	lcl_CM027378.1_cds_KAF9622699.1_5353	NODE_583_length_1281_cov_0.669435	98.72		True
CONTIG	NODE_583_length_1281_cov_0.669435	1281	correct_unaligned
CONTIG	NODE_584_length_1277_cov_0.883527	1277	unaligned
CONTIG	NODE_585_length_1278_cov_0.742714	1278	unaligned
CONTIG	NODE_586_length_1277_cov_0.610325	1277	unaligned
CONTIG	NODE_587_length_1278_cov_0.512073	1278	unaligned
CONTIG	NODE_588_length_1274_cov_0.920635	1274	unaligned
93	294	261	60	lcl_CM027378.1_cds_KAF9619720.1_4673	NODE_589_length_1270_cov_1.159262	96.04		True
CONTIG	NODE_589_length_1270_cov_1.159262	1270	correct_unaligned
CONTIG	NODE_590_length_1270_cov_1.007544	1270	unaligned
CONTIG	NODE_591_length_1268_cov_1.589421	1268	unaligned
CONTIG	NODE_592_length_1266_cov_0.755257	1266	unaligned
CONTIG	NODE_593_length_1264_cov_0.501264	1264	unaligned
CONTIG	NODE_594_length_1262_cov_0.624473	1262	unaligned
CONTIG	NODE_595_length_1262_cov_0.456540	1262	unaligned
CONTIG	NODE_596_length_1261_cov_1.607264	1261	unaligned
256	476	183	403	lcl_CM027377.1_cds_KAF9625717.1_1763	NODE_597_length_1261_cov_1.024493	98.64		True
CONTIG	NODE_597_length_1261_cov_1.024493	1261	correct_unaligned
CONTIG	NODE_598_length_1260_cov_0.903635	1260	unaligned
CONTIG	NODE_599_length_1260_cov_0.801352	1260	unaligned
1453	1583	151	21	lcl_CM027384.1_cds_KAF9592246.1_35605	NODE_600_length_1259_cov_1.522843	100.0		True
unknown
1311	1452	1259	1119	lcl_CM027384.1_cds_KAF9592246.1_35605	NODE_600_length_1259_cov_1.522843	99.3		True
unknown
CONTIG	NODE_600_length_1259_cov_1.522843	1259	mis_unaligned
CONTIG	NODE_601_length_1255_cov_2.020356	1255	unaligned
1136	1232	662	566	lcl_CM027379.1_cds_KAF9613729.1_9996	NODE_602_length_1256_cov_1.418151	100.0		True
CONTIG	NODE_602_length_1256_cov_1.418151	1256	correct_unaligned
CONTIG	NODE_603_length_1256_cov_1.339271	1256	unaligned
419	513	575	481	lcl_CM027383.1_cds_KAF9597110.1_30366	NODE_604_length_1256_cov_0.776081	96.84		True
unknown
55	345	1209	919	lcl_CM027377.1_cds_KAF9624300.1_2213	NODE_604_length_1256_cov_0.776081	98.63		True
unknown
CONTIG	NODE_604_length_1256_cov_0.776081	1256	mis_unaligned
CONTIG	NODE_605_length_1252_cov_1.051064	1252	unaligned
98	235	420	283	lcl_CM027380.1_cds_KAF9609707.1_16727	NODE_606_length_1252_cov_0.806809	97.1		True
unknown
1	99	924	826	lcl_CM027384.1_cds_KAF9594740.1_33844	NODE_606_length_1252_cov_0.806809	97.98		True
unknown
CONTIG	NODE_606_length_1252_cov_0.806809	1252	mis_unaligned
CONTIG	NODE_607_length_1251_cov_1.453152	1251	unaligned
CONTIG	NODE_608_length_1251_cov_0.835605	1251	unaligned
CONTIG	NODE_609_length_1246_cov_1.288150	1246	unaligned
CONTIG	NODE_610_length_1250_cov_0.761945	1250	unaligned
CONTIG	NODE_611_length_1248_cov_2.096499	1248	unaligned
557	753	352	155	lcl_CM027382.1_cds_KAF9601179.1_24985	NODE_612_length_1247_cov_1.782051	95.96		True
indel: indel (> 5bp)
82	556	898	424	lcl_CM027382.1_cds_KAF9601179.1_24985	NODE_612_length_1247_cov_1.782051	96.63		True
CONTIG	NODE_612_length_1247_cov_1.782051	1247	correct
CONTIG	NODE_613_length_1247_cov_1.109402	1247	unaligned
618	810	618	427	lcl_CM027378.1_cds_KAF9620279.1_3888	NODE_614_length_1246_cov_0.687179	99.48		True
CONTIG	NODE_614_length_1246_cov_0.687179	1246	correct_unaligned
CONTIG	NODE_615_length_1246_cov_1.810950	1246	unaligned
1	197	247	443	lcl_CM027381.1_cds_KAF9605854.1_20119	NODE_616_length_1245_cov_1.171942	97.46		True
indel: indel (> 5bp)
276	409	444	577	lcl_CM027381.1_cds_KAF9605854.1_20119	NODE_616_length_1245_cov_1.171942	100.0		True
translocation
1	358	878	1235	lcl_CM027378.1_cds_KAF9622419.1_4498	NODE_616_length_1245_cov_1.171942	99.44		True
CONTIG	NODE_616_length_1245_cov_1.171942	1245	misassembled
CONTIG	NODE_617_length_1244_cov_1.566410	1244	unaligned
CONTIG	NODE_618_length_1243_cov_1.966552	1243	unaligned
CONTIG	NODE_619_length_1243_cov_0.684391	1243	unaligned
1	201	200	2	lcl_CM027382.1_cds_KAF9602190.1_26779	NODE_620_length_1243_cov_0.679245	95.52		True
CONTIG	NODE_620_length_1243_cov_0.679245	1243	correct_unaligned
491	587	816	720	lcl_CM027382.1_cds_KAF9601089.1_24136	NODE_621_length_1241_cov_1.258591	97.94		True
CONTIG	NODE_621_length_1241_cov_1.258591	1241	correct_unaligned
CONTIG	NODE_622_length_1241_cov_0.614261	1241	unaligned
576	701	366	241	lcl_CM027384.1_cds_KAF9592113.1_33609	NODE_623_length_1238_cov_0.937123	97.62		True
unknown
447	575	570	442	lcl_CM027384.1_cds_KAF9592113.1_33609	NODE_623_length_1238_cov_0.937123	99.22		True
unknown
CONTIG	NODE_623_length_1238_cov_0.937123	1238	mis_unaligned
CONTIG	NODE_624_length_1234_cov_0.772884	1234	unaligned
CONTIG	NODE_625_length_1234_cov_1.015557	1234	unaligned
CONTIG	NODE_626_length_1232_cov_6.097835	1232	unaligned
CONTIG	NODE_627_length_1231_cov_1.554593	1231	unaligned
CONTIG	NODE_628_length_1231_cov_1.551127	1231	unaligned
CONTIG	NODE_629_length_1228_cov_0.712305	1228	unaligned
568	815	917	670	lcl_CM027384.1_cds_KAF9592354.1_31575	NODE_630_length_1228_cov_0.547350	95.16		True
CONTIG	NODE_630_length_1228_cov_0.547350	1228	correct_unaligned
3	189	881	1068	lcl_CM027384.1_cds_KAF9591483.1_32219	NODE_631_length_1225_cov_1.330139	99.47		True
CONTIG	NODE_631_length_1225_cov_1.330139	1225	correct_unaligned
CONTIG	NODE_632_length_1225_cov_1.306620	1225	unaligned
CONTIG	NODE_633_length_1224_cov_1.617262	1224	unaligned
431	525	471	377	lcl_CM027378.1_cds_KAF9619933.1_5014	NODE_634_length_1224_cov_0.657367	100.0		True
unknown
460	585	1224	1100	lcl_JADFTS010000045.1_cds_KAF9587133.1_39843	NODE_634_length_1224_cov_0.657367	96.83		True
unknown
CONTIG	NODE_634_length_1224_cov_0.657367	1224	mis_unaligned
611	767	157	1	lcl_CM027385.1_cds_KAF9587814.1_37313	NODE_635_length_1222_cov_1.834061	99.36		True
indel: indel (> 5bp)
328	610	520	238	lcl_CM027385.1_cds_KAF9587814.1_37313	NODE_635_length_1222_cov_1.834061	95.41		True
indel: indel (> 5bp)
225	327	725	623	lcl_CM027385.1_cds_KAF9587814.1_37313	NODE_635_length_1222_cov_1.834061	98.06		True
indel: indel (> 5bp)
12	224	1006	798	lcl_CM027385.1_cds_KAF9587814.1_37313	NODE_635_length_1222_cov_1.834061	95.31		True
CONTIG	NODE_635_length_1222_cov_1.834061	1222	correct
CONTIG	NODE_636_length_1219_cov_0.885289	1219	unaligned
CONTIG	NODE_637_length_1219_cov_0.873905	1219	unaligned
CONTIG	NODE_638_length_1218_cov_2.899211	1218	unaligned
CONTIG	NODE_639_length_1218_cov_1.762489	1218	unaligned
CONTIG	NODE_640_length_1218_cov_1.456617	1218	unaligned
409	507	5	103	lcl_CM027379.1_cds_KAF9616070.1_12955	NODE_641_length_1215_cov_1.258348	97.98		True
unknown
1146	1223	1003	1080	lcl_CM027378.1_cds_KAF9621666.1_7994	NODE_641_length_1215_cov_1.258348	98.72		True
unknown
CONTIG	NODE_641_length_1215_cov_1.258348	1215	mis_unaligned
CONTIG	NODE_642_length_1209_cov_0.516271	1209	unaligned
CONTIG	NODE_643_length_1213_cov_1.333627	1213	unaligned
CONTIG	NODE_644_length_1213_cov_1.142606	1213	unaligned
252	399	1	148	lcl_CM027381.1_cds_KAF9604030.1_20965	NODE_645_length_1213_cov_0.953345	99.32		True
unknown
398	598	471	671	lcl_CM027381.1_cds_KAF9604030.1_20965	NODE_645_length_1213_cov_0.953345	100.0		True
unknown
CONTIG	NODE_645_length_1213_cov_0.953345	1213	mis_unaligned
334	453	1213	1094	lcl_CM027379.1_cds_KAF9616796.1_10733	NODE_646_length_1213_cov_0.810739	100.0		True
CONTIG	NODE_646_length_1213_cov_0.810739	1213	correct_unaligned
CONTIG	NODE_647_length_1204_cov_0.845815	1204	unaligned
483	585	17	119	lcl_CM027385.1_cds_KAF9589593.1_38409	NODE_648_length_1212_cov_0.723348	96.12		True
CONTIG	NODE_648_length_1212_cov_0.723348	1212	correct_unaligned
CONTIG	NODE_649_length_1210_cov_0.561233	1210	unaligned
CONTIG	NODE_650_length_1212_cov_0.534802	1212	unaligned
CONTIG	NODE_651_length_1211_cov_2.341270	1211	unaligned
CONTIG	NODE_652_length_1210_cov_0.811121	1210	unaligned
CONTIG	NODE_653_length_1208_cov_25.913351	1208	unaligned
CONTIG	NODE_654_length_1208_cov_6.481874	1208	unaligned
CONTIG	NODE_655_length_1208_cov_0.480990	1208	unaligned
CONTIG	NODE_656_length_1207_cov_1.082301	1207	unaligned
CONTIG	NODE_657_length_1198_cov_0.903540	1198	unaligned
CONTIG	NODE_658_length_1205_cov_1.423759	1205	unaligned
153	348	206	401	lcl_CM027383.1_cds_KAF9595509.1_28725	NODE_659_length_1206_cov_0.740248	96.43		True
unknown
1	128	631	758	lcl_CM027380.1_cds_KAF9609304.1_18163	NODE_659_length_1206_cov_0.740248	97.66		True
unknown
CONTIG	NODE_659_length_1206_cov_0.740248	1206	mis_unaligned
CONTIG	NODE_660_length_1205_cov_0.716312	1205	unaligned
CONTIG	NODE_661_length_1195_cov_0.839111	1195	unaligned
CONTIG	NODE_662_length_1202_cov_0.558222	1202	unaligned
CONTIG	NODE_663_length_1200_cov_2.517364	1200	unaligned
CONTIG	NODE_664_length_1200_cov_1.010686	1200	unaligned
CONTIG	NODE_665_length_1196_cov_0.624221	1196	unaligned
CONTIG	NODE_666_length_1199_cov_0.840463	1199	unaligned
CONTIG	NODE_667_length_1197_cov_0.799107	1197	unaligned
5	534	1176	644	lcl_CM027385.1_cds_KAF9589943.1_36007	NODE_668_length_1196_cov_1.282395	95.52		True
CONTIG	NODE_668_length_1196_cov_1.282395	1196	correct_unaligned
CONTIG	NODE_669_length_1194_cov_0.575649	1194	unaligned
CONTIG	NODE_670_length_1193_cov_0.555556	1193	unaligned
CONTIG	NODE_671_length_1192_cov_2.031390	1192	unaligned
36	236	1192	992	lcl_CM027384.1_cds_KAF9593235.1_33313	NODE_672_length_1192_cov_1.643049	99.0		True
CONTIG	NODE_672_length_1192_cov_1.643049	1192	correct_unaligned
CONTIG	NODE_673_length_1191_cov_0.830493	1191	unaligned
CONTIG	NODE_674_length_1191_cov_1.238779	1191	unaligned
CONTIG	NODE_675_length_1189_cov_3.408273	1189	unaligned
CONTIG	NODE_676_length_1188_cov_0.613861	1188	unaligned
CONTIG	NODE_677_length_1186_cov_16.206306	1186	unaligned
CONTIG	NODE_678_length_1186_cov_14.706943	1186	unaligned
CONTIG	NODE_679_length_1185_cov_1.127256	1185	unaligned
529	601	712	640	lcl_CM027381.1_cds_KAF9606642.1_20215	NODE_680_length_1184_cov_0.700361	100.0		True
unknown
389	528	926	787	lcl_CM027381.1_cds_KAF9606642.1_20215	NODE_680_length_1184_cov_0.700361	98.57		True
unknown
CONTIG	NODE_680_length_1184_cov_0.700361	1184	mis_unaligned
CONTIG	NODE_681_length_1184_cov_0.994580	1184	unaligned
77	452	374	749	lcl_CM027378.1_cds_KAF9623118.1_8308	NODE_682_length_1184_cov_0.945799	97.07		True
CONTIG	NODE_682_length_1184_cov_0.945799	1184	correct
1	137	381	517	lcl_JADFTS010000083.1_cds_KAF9586849.1_39658	NODE_683_length_1182_cov_1.782805	99.27		True
unknown
665	770	701	806	lcl_CM027381.1_cds_KAF9605086.1_21829	NODE_683_length_1182_cov_1.782805	96.23		True
unknown
CONTIG	NODE_683_length_1182_cov_1.782805	1182	mis_unaligned
CONTIG	NODE_684_length_1182_cov_1.514932	1182	unaligned
1164	1338	761	588	lcl_CM027378.1_cds_KAF9622798.1_7894	NODE_685_length_1182_cov_1.101357	96.0		True
CONTIG	NODE_685_length_1182_cov_1.101357	1182	correct_unaligned
804	1185	1	382	lcl_CM027380.1_cds_KAF9611623.1_15117	NODE_686_length_1183_cov_0.775566	98.95		True
CONTIG	NODE_686_length_1183_cov_0.775566	1183	correct_unaligned
CONTIG	NODE_687_length_1182_cov_0.715837	1182	unaligned
CONTIG	NODE_688_length_1178_cov_10.331822	1178	unaligned
CONTIG	NODE_689_length_1179_cov_1.587114	1179	unaligned
CONTIG	NODE_690_length_1178_cov_2.321526	1178	unaligned
CONTIG	NODE_691_length_1177_cov_1.924545	1177	unaligned
CONTIG	NODE_692_length_1175_cov_3.364299	1175	unaligned
CONTIG	NODE_693_length_1175_cov_1.396175	1175	unaligned
1035	1262	1162	936	lcl_CM027379.1_cds_KAF9616386.1_14192	NODE_694_length_1175_cov_0.641166	96.05		True
CONTIG	NODE_694_length_1175_cov_0.641166	1175	correct_unaligned
CONTIG	NODE_695_length_1174_cov_1.654512	1174	unaligned
CONTIG	NODE_696_length_1172_cov_1.414234	1172	unaligned
1	377	155	531	lcl_CM027384.1_cds_KAF9592433.1_31470	NODE_697_length_1173_cov_0.763686	96.02		True
CONTIG	NODE_697_length_1173_cov_0.763686	1173	correct_unaligned
620	737	1093	976	lcl_CM027377.1_cds_KAF9623242.1_1621	NODE_698_length_1171_cov_1.260512	99.15		True
CONTIG	NODE_698_length_1171_cov_1.260512	1171	correct_unaligned
1061	1143	1170	1088	lcl_CM027383.1_cds_KAF9596280.1_28976	NODE_699_length_1170_cov_1.637694	100.0		True
CONTIG	NODE_699_length_1170_cov_1.637694	1170	correct_unaligned
CONTIG	NODE_700_length_1170_cov_1.379689	1170	unaligned
CONTIG	NODE_701_length_1170_cov_1.150046	1170	unaligned
CONTIG	NODE_702_length_1170_cov_0.743824	1170	unaligned
CONTIG	NODE_703_length_1170_cov_0.547118	1170	unaligned
CONTIG	NODE_704_length_1168_cov_1.548121	1168	unaligned
538	626	276	364	lcl_CM027381.1_cds_KAF9605449.1_20999	NODE_705_length_1168_cov_1.412466	97.75		True
unknown
330	405	667	592	lcl_JADFTS010000091.1_cds_KAF9586818.1_39498	NODE_705_length_1168_cov_1.412466	100.0		True
unknown
CONTIG	NODE_705_length_1168_cov_1.412466	1168	mis_unaligned
CONTIG	NODE_706_length_1166_cov_1.931129	1166	unaligned
CONTIG	NODE_707_length_1165_cov_1.710478	1165	unaligned
144	1087	79	1023	lcl_CM027379.1_cds_KAF9614985.1_10077	NODE_708_length_1165_cov_0.549632	95.03		True
translocation
864	1005	1024	1165	lcl_CM027383.1_cds_KAF9597307.1_28949	NODE_708_length_1165_cov_0.549632	95.0		True
CONTIG	NODE_708_length_1165_cov_0.549632	1165	misassembled
477	559	160	78	lcl_CM027385.1_cds_KAF9589321.1_36038	NODE_709_length_1163_cov_1.009200	97.59		True
unknown
501	601	1128	1026	lcl_CM027379.1_cds_KAF9615850.1_12094	NODE_709_length_1163_cov_1.009200	98.06		True
unknown
CONTIG	NODE_709_length_1163_cov_1.009200	1163	mis_unaligned
CONTIG	NODE_710_length_1164_cov_1.001840	1164	unaligned
CONTIG	NODE_711_length_1161_cov_0.677122	1161	unaligned
CONTIG	NODE_712_length_1160_cov_0.867959	1160	unaligned
CONTIG	NODE_713_length_1159_cov_61.836414	1159	unaligned
CONTIG	NODE_714_length_1159_cov_0.715342	1159	unaligned
140	424	544	260	lcl_CM027379.1_cds_KAF9617802.1_13531	NODE_715_length_1159_cov_0.652495	97.54		True
unknown
190	406	844	628	lcl_CM027380.1_cds_KAF9607963.1_16289	NODE_715_length_1159_cov_0.652495	96.31		True
unknown
CONTIG	NODE_715_length_1159_cov_0.652495	1159	mis_unaligned
149	237	246	334	lcl_CM027380.1_cds_KAF9611506.1_17280	NODE_716_length_1157_cov_1.564292	98.88		True
CONTIG	NODE_716_length_1157_cov_1.564292	1157	correct_unaligned
409	707	319	617	lcl_CM027379.1_cds_KAF9616808.1_9256	NODE_717_length_1158_cov_0.678076	96.99		True
translocation
159	564	714	1119	lcl_CM027382.1_cds_KAF9601889.1_27177	NODE_717_length_1158_cov_0.678076	95.59		True
CONTIG	NODE_717_length_1158_cov_0.678076	1158	misassembled
CONTIG	NODE_718_length_1158_cov_0.670675	1158	unaligned
CONTIG	NODE_719_length_1156_cov_1.106580	1156	unaligned
CONTIG	NODE_720_length_1155_cov_12.758813	1155	unaligned
CONTIG	NODE_721_length_1154_cov_0.519481	1154	unaligned
75	155	993	1073	lcl_CM027385.1_cds_KAF9588696.1_37683	NODE_722_length_1154_cov_1.756732	100.0		True
CONTIG	NODE_722_length_1154_cov_1.756732	1154	correct_unaligned
CONTIG	NODE_723_length_1153_cov_0.584572	1153	unaligned
CONTIG	NODE_724_length_1152_cov_1.414884	1152	unaligned
CONTIG	NODE_725_length_1151_cov_1.291434	1151	unaligned
CONTIG	NODE_726_length_1149_cov_1.198694	1149	unaligned
CONTIG	NODE_727_length_1149_cov_0.918843	1149	unaligned
CONTIG	NODE_728_length_1149_cov_0.805037	1149	unaligned
CONTIG	NODE_729_length_1146_cov_12.700280	1146	unaligned
CONTIG	NODE_730_length_1148_cov_0.836601	1148	unaligned
CONTIG	NODE_731_length_1147_cov_1.388785	1147	unaligned
CONTIG	NODE_732_length_1147_cov_1.337383	1147	unaligned
CONTIG	NODE_733_length_1147_cov_1.244860	1147	unaligned
CONTIG	NODE_734_length_1147_cov_1.181308	1147	unaligned
906	1000	676	770	lcl_CM027385.1_cds_KAF9589289.1_36091	NODE_735_length_1147_cov_0.728972	100.0		True
CONTIG	NODE_735_length_1147_cov_0.728972	1147	correct_unaligned
CONTIG	NODE_736_length_1146_cov_0.938260	1146	unaligned
CONTIG	NODE_737_length_1146_cov_0.659495	1146	unaligned
CONTIG	NODE_738_length_1145_cov_15.819288	1145	unaligned
CONTIG	NODE_739_length_1145_cov_1.941948	1145	unaligned
CONTIG	NODE_740_length_1144_cov_1.323336	1144	unaligned
CONTIG	NODE_741_length_1144_cov_1.283037	1144	unaligned
1	107	79	185	lcl_CM027379.1_cds_KAF9612773.1_12217	NODE_742_length_1143_cov_1.437148	100.0		True
unknown
106	253	757	904	lcl_CM027379.1_cds_KAF9612773.1_12217	NODE_742_length_1143_cov_1.437148	96.62		True
unknown
CONTIG	NODE_742_length_1143_cov_1.437148	1143	mis_unaligned
553	817	584	849	lcl_CM027382.1_cds_KAF9602500.1_26870	NODE_743_length_1143_cov_1.216698	98.12		True
CONTIG	NODE_743_length_1143_cov_1.216698	1143	correct_unaligned
CONTIG	NODE_744_length_1142_cov_0.469043	1142	unaligned
CONTIG	NODE_745_length_1142_cov_1.094836	1142	unaligned
CONTIG	NODE_746_length_1141_cov_0.525822	1141	unaligned
CONTIG	NODE_747_length_1141_cov_1.644737	1141	unaligned
CONTIG	NODE_748_length_1141_cov_0.748120	1141	unaligned
CONTIG	NODE_749_length_1140_cov_1.730009	1140	unaligned
177	378	152	353	lcl_JADFTS010000024.1_cds_KAF9587224.1_39611	NODE_750_length_1140_cov_1.374412	100.0		True
unknown
461	649	868	1056	lcl_JADFTS010000052.1_cds_KAF9587101.1_39678	NODE_750_length_1140_cov_1.374412	100.0		True
unknown
CONTIG	NODE_750_length_1140_cov_1.374412	1140	mis_unaligned
CONTIG	NODE_751_length_1139_cov_0.580038	1139	unaligned
1130	1222	661	753	lcl_CM027382.1_cds_KAF9601722.1_23547	NODE_752_length_1138_cov_0.685203	97.85		True
CONTIG	NODE_752_length_1138_cov_0.685203	1138	correct_unaligned
CONTIG	NODE_753_length_1135_cov_1.341210	1135	unaligned
282	682	991	594	lcl_CM027385.1_cds_KAF9587470.1_37940	NODE_754_length_1135_cov_0.771267	96.77		True
unknown
401	762	1127	766	lcl_CM027380.1_cds_KAF9608475.1_14443	NODE_754_length_1135_cov_0.771267	97.51		True
unknown
CONTIG	NODE_754_length_1135_cov_0.771267	1135	mis_unaligned
CONTIG	NODE_755_length_1135_cov_0.598299	1135	unaligned
CONTIG	NODE_756_length_1132_cov_6.978220	1132	unaligned
470	801	477	147	lcl_CM027381.1_cds_KAF9607088.1_19300	NODE_757_length_1133_cov_1.012311	97.0		True
translocation
504	631	605	478	lcl_CM027385.1_cds_KAF9587385.1_37802	NODE_757_length_1133_cov_1.012311	96.82		True
indel: indel (> 5bp)
368	503	827	692	lcl_CM027385.1_cds_KAF9587385.1_37802	NODE_757_length_1133_cov_1.012311	97.79		True
indel: indel (> 5bp)
141	367	1130	904	lcl_CM027385.1_cds_KAF9587385.1_37802	NODE_757_length_1133_cov_1.012311	99.56		True
CONTIG	NODE_757_length_1133_cov_1.012311	1133	misassembled
156	640	303	786	lcl_CM027377.1_cds_KAF9623806.1_1465	NODE_758_length_1133_cov_0.843750	96.09		True
CONTIG	NODE_758_length_1133_cov_0.843750	1133	correct
CONTIG	NODE_759_length_1127_cov_0.567235	1127	unaligned
CONTIG	NODE_760_length_1133_cov_0.553030	1133	unaligned
CONTIG	NODE_761_length_1132_cov_1.282464	1132	unaligned
CONTIG	NODE_762_length_1132_cov_0.823697	1132	unaligned
CONTIG	NODE_763_length_1131_cov_1.222960	1131	unaligned
CONTIG	NODE_764_length_1129_cov_0.980038	1129	unaligned
CONTIG	NODE_765_length_1128_cov_0.651760	1128	unaligned
CONTIG	NODE_766_length_1127_cov_1.793333	1127	unaligned
45	218	175	2	lcl_CM027377.1_cds_KAF9623765.1_2500	NODE_767_length_1120_cov_0.696190	98.28		True
CONTIG	NODE_767_length_1120_cov_0.696190	1120	correct_unaligned
CONTIG	NODE_768_length_1127_cov_0.543810	1127	unaligned
CONTIG	NODE_769_length_1127_cov_0.496190	1127	unaligned
CONTIG	NODE_770_length_1122_cov_0.493333	1122	unaligned
151	311	484	644	lcl_CM027382.1_cds_KAF9601639.1_24557	NODE_771_length_1126_cov_0.942803	96.89		True
CONTIG	NODE_771_length_1126_cov_0.942803	1126	correct
CONTIG	NODE_772_length_1126_cov_0.887512	1126	unaligned
CONTIG	NODE_773_length_1123_cov_4.260994	1123	unaligned
744	1013	147	416	lcl_CM027379.1_cds_KAF9617242.1_11764	NODE_774_length_1123_cov_1.411090	98.15		True
unknown
1014	1299	500	785	lcl_CM027379.1_cds_KAF9617242.1_11764	NODE_774_length_1123_cov_1.411090	98.95		True
unknown
CONTIG	NODE_774_length_1123_cov_1.411090	1123	mis_unaligned
317	401	233	317	lcl_CM027382.1_cds_KAF9602372.1_26868	NODE_775_length_1123_cov_1.247610	97.65		True
CONTIG	NODE_775_length_1123_cov_1.247610	1123	correct_unaligned
CONTIG	NODE_776_length_1120_cov_2.157239	1120	unaligned
1131	1248	1003	1120	lcl_CM027380.1_cds_KAF9611820.1_17308	NODE_777_length_1120_cov_1.972196	95.76		True
CONTIG	NODE_777_length_1120_cov_1.972196	1120	correct_unaligned
CONTIG	NODE_778_length_1119_cov_0.701536	1119	unaligned
CONTIG	NODE_779_length_1119_cov_0.550864	1119	unaligned
2804	3216	1012	600	lcl_CM027378.1_cds_KAF9622547.1_3702	NODE_780_length_1116_cov_0.523992	96.37		True
CONTIG	NODE_780_length_1116_cov_0.523992	1116	correct_unaligned
CONTIG	NODE_781_length_1117_cov_1.787704	1117	unaligned
1175	1246	242	171	lcl_CM027385.1_cds_KAF9590872.1_36134	NODE_782_length_1118_cov_1.533141	98.61		True
CONTIG	NODE_782_length_1118_cov_1.533141	1118	correct_unaligned
CONTIG	NODE_783_length_1118_cov_1.048031	1118	unaligned
689	802	477	364	lcl_CM027378.1_cds_KAF9620235.1_3839	NODE_784_length_1118_cov_0.698367	97.37		True
CONTIG	NODE_784_length_1118_cov_0.698367	1118	correct_unaligned
153	331	217	395	lcl_CM027385.1_cds_KAF9590080.1_36566	NODE_785_length_1117_cov_1.069231	96.67		True
translocation
508	957	547	996	lcl_CM027385.1_cds_KAF9589257.1_35962	NODE_785_length_1117_cov_1.069231	99.33		True
CONTIG	NODE_785_length_1117_cov_1.069231	1117	misassembled
507	598	21	112	lcl_CM027379.1_cds_KAF9617638.1_13849	NODE_786_length_1117_cov_0.709615	100.0		True
unknown
246	336	272	362	lcl_CM027385.1_cds_KAF9590367.1_38008	NODE_786_length_1117_cov_0.709615	95.6		True
unknown
926	1055	746	875	lcl_CM027383.1_cds_KAF9596592.1_30061	NODE_786_length_1117_cov_0.709615	99.23		True
unknown
CONTIG	NODE_786_length_1117_cov_0.709615	1117	mis_unaligned
CONTIG	NODE_787_length_1116_cov_1.194418	1116	unaligned
228	513	626	911	lcl_CM027383.1_cds_KAF9595897.1_28226	NODE_788_length_1116_cov_0.740135	97.55		True
CONTIG	NODE_788_length_1116_cov_0.740135	1116	correct_unaligned
CONTIG	NODE_789_length_1115_cov_2.088632	1115	unaligned
CONTIG	NODE_790_length_1114_cov_1.338476	1114	unaligned
CONTIG	NODE_791_length_1114_cov_0.982642	1114	unaligned
CONTIG	NODE_792_length_1114_cov_0.664417	1114	unaligned
CONTIG	NODE_793_length_1113_cov_0.904440	1113	unaligned
CONTIG	NODE_794_length_1112_cov_0.735266	1112	unaligned
1053	1396	344	1	lcl_CM027380.1_cds_KAF9611996.1_16670	NODE_795_length_1112_cov_0.668599	98.26		True
translocation
1367	1769	847	445	lcl_CM027382.1_cds_KAF9602388.1_24073	NODE_795_length_1112_cov_0.668599	96.77		True
CONTIG	NODE_795_length_1112_cov_0.668599	1112	misassembled
777	1034	939	682	lcl_CM027382.1_cds_KAF9602526.1_26383	NODE_796_length_1112_cov_0.581643	95.0		True
CONTIG	NODE_796_length_1112_cov_0.581643	1112	correct_unaligned
256	360	425	529	lcl_CM027383.1_cds_KAF9597209.1_29173	NODE_797_length_1106_cov_1.845111	98.1		True
CONTIG	NODE_797_length_1106_cov_1.845111	1106	correct_unaligned
CONTIG	NODE_798_length_1110_cov_0.938045	1110	unaligned
552	713	103	264	lcl_CM027381.1_cds_KAF9604506.1_19254	NODE_799_length_1110_cov_0.801549	99.38		True
CONTIG	NODE_799_length_1110_cov_0.801549	1110	correct_unaligned
CONTIG	NODE_800_length_1103_cov_1.020349	1103	unaligned
CONTIG	NODE_801_length_1108_cov_5.672163	1108	unaligned
CONTIG	NODE_802_length_1108_cov_1.859360	1108	unaligned
CONTIG	NODE_803_length_1108_cov_0.723569	1108	unaligned
CONTIG	NODE_804_length_1107_cov_0.600971	1107	unaligned
1315	1568	347	94	lcl_CM027383.1_cds_KAF9598801.1_30723	NODE_805_length_1106_cov_1.627794	97.64		True
unknown
368	660	955	663	lcl_CM027380.1_cds_KAF9607735.1_16616	NODE_805_length_1106_cov_1.627794	98.63		True
unknown
CONTIG	NODE_805_length_1106_cov_1.627794	1106	mis_unaligned
CONTIG	NODE_806_length_1106_cov_1.008746	1106	unaligned
CONTIG	NODE_807_length_1104_cov_1.541829	1104	unaligned
CONTIG	NODE_808_length_1105_cov_1.341440	1105	unaligned
CONTIG	NODE_809_length_1105_cov_1.245136	1105	unaligned
CONTIG	NODE_810_length_1104_cov_1.703992	1104	unaligned
CONTIG	NODE_811_length_1104_cov_0.702045	1104	unaligned
CONTIG	NODE_812_length_1102_cov_0.803902	1102	unaligned
CONTIG	NODE_813_length_1102_cov_0.763902	1102	unaligned
CONTIG	NODE_814_length_1101_cov_0.739258	1101	unaligned
CONTIG	NODE_815_length_1100_cov_1.545455	1100	unaligned
CONTIG	NODE_816_length_1100_cov_1.352884	1100	unaligned
CONTIG	NODE_817_length_1100_cov_1.065494	1100	unaligned
CONTIG	NODE_818_length_1100_cov_0.902248	1100	unaligned
896	1014	673	795	lcl_CM027381.1_cds_KAF9604353.1_19964	NODE_819_length_1099_cov_1.577299	95.12		True
CONTIG	NODE_819_length_1099_cov_1.577299	1099	correct_unaligned
CONTIG	NODE_820_length_1099_cov_1.534247	1099	unaligned
CONTIG	NODE_821_length_1099_cov_1.325832	1099	unaligned
575	758	404	220	lcl_CM027385.1_cds_KAF9589424.1_38830	NODE_822_length_1099_cov_1.174168	96.22		True
CONTIG	NODE_822_length_1099_cov_1.174168	1099	correct_unaligned
CONTIG	NODE_823_length_1099_cov_1.136986	1099	unaligned
CONTIG	NODE_824_length_1097_cov_1.064579	1097	unaligned
CONTIG	NODE_825_length_1098_cov_1.115573	1098	unaligned
584	910	975	649	lcl_CM027380.1_cds_KAF9608664.1_15019	NODE_826_length_1098_cov_1.003918	98.47		True
CONTIG	NODE_826_length_1098_cov_1.003918	1098	correct_unaligned
860	1160	853	553	lcl_CM027383.1_cds_KAF9597842.1_27752	NODE_827_length_1098_cov_0.899119	99.34		True
CONTIG	NODE_827_length_1098_cov_0.899119	1098	correct_unaligned
CONTIG	NODE_828_length_1098_cov_0.811949	1098	unaligned
251	730	1098	619	lcl_CM027383.1_cds_KAF9596101.1_28558	NODE_829_length_1098_cov_0.617042	96.25		True
CONTIG	NODE_829_length_1098_cov_0.617042	1098	correct_unaligned
1096	1391	551	846	lcl_CM027384.1_cds_KAF9594713.1_33871	NODE_830_length_1097_cov_1.145098	97.64		True
unknown
1392	1498	933	1039	lcl_CM027384.1_cds_KAF9594713.1_33871	NODE_830_length_1097_cov_1.145098	100.0		True
unknown
CONTIG	NODE_830_length_1097_cov_1.145098	1097	mis_unaligned
13	182	172	1	lcl_CM027384.1_cds_KAF9590992.1_33535	NODE_831_length_1096_cov_1.326791	95.35		True
CONTIG	NODE_831_length_1096_cov_1.326791	1096	correct_unaligned
780	893	648	535	lcl_CM027381.1_cds_KAF9604353.1_19964	NODE_832_length_1096_cov_1.157998	98.25		True
CONTIG	NODE_832_length_1096_cov_1.157998	1096	correct_unaligned
CONTIG	NODE_833_length_1096_cov_0.760550	1096	unaligned
CONTIG	NODE_834_length_1091_cov_0.647348	1091	unaligned
CONTIG	NODE_835_length_1086_cov_0.808260	1086	unaligned
191	290	156	258	lcl_CM027378.1_cds_KAF9622686.1_7505	NODE_836_length_1094_cov_0.596853	96.12		True
CONTIG	NODE_836_length_1094_cov_0.596853	1094	correct_unaligned
169	376	1093	882	lcl_CM027385.1_cds_KAF9590869.1_36135	NODE_837_length_1093_cov_1.466535	95.28		True
CONTIG	NODE_837_length_1093_cov_1.466535	1093	correct_unaligned
CONTIG	NODE_838_length_1092_cov_1.998030	1092	unaligned
CONTIG	NODE_839_length_1092_cov_0.714286	1092	unaligned
CONTIG	NODE_840_length_1092_cov_0.525123	1092	unaligned
1010	1125	574	459	lcl_CM027383.1_cds_KAF9598377.1_29866	NODE_841_length_1091_cov_0.811637	97.41		True
CONTIG	NODE_841_length_1091_cov_0.811637	1091	correct_unaligned
CONTIG	NODE_842_length_1090_cov_1.405726	1090	unaligned
381	483	103	1	lcl_CM027378.1_cds_KAF9620411.1_7131	NODE_843_length_1090_cov_0.829220	97.09		True
CONTIG	NODE_843_length_1090_cov_0.829220	1090	correct_unaligned
CONTIG	NODE_844_length_1089_cov_0.954545	1089	unaligned
62	255	41	234	lcl_CM027379.1_cds_KAF9613551.1_12291	NODE_845_length_1089_cov_0.636364	99.48		True
translocation
10	155	319	464	lcl_CM027381.1_cds_KAF9607201.1_20878	NODE_845_length_1089_cov_0.636364	97.95		True
translocation
1002	1401	557	956	lcl_CM027381.1_cds_KAF9607671.1_21271	NODE_845_length_1089_cov_0.636364	96.75		True
CONTIG	NODE_845_length_1089_cov_0.636364	1089	misassembled
CONTIG	NODE_846_length_1088_cov_13.075173	1088	unaligned
CONTIG	NODE_847_length_1088_cov_1.013848	1088	unaligned
CONTIG	NODE_848_length_1087_cov_0.825743	1087	unaligned
CONTIG	NODE_849_length_1086_cov_1.772052	1086	unaligned
CONTIG	NODE_850_length_1085_cov_0.885913	1085	unaligned
CONTIG	NODE_851_length_1085_cov_0.695437	1085	unaligned
CONTIG	NODE_852_length_1084_cov_15.633565	1084	unaligned
CONTIG	NODE_853_length_1084_cov_1.568024	1084	unaligned
CONTIG	NODE_854_length_1084_cov_1.345581	1084	unaligned
CONTIG	NODE_855_length_1083_cov_2.025845	1083	unaligned
CONTIG	NODE_856_length_1082_cov_1.132338	1082	unaligned
43	165	123	1	lcl_CM027384.1_cds_KAF9592121.1_33604	NODE_857_length_1079_cov_0.875498	99.19		True
unknown
1107	1242	540	405	lcl_CM027380.1_cds_KAF9610163.1_16995	NODE_857_length_1079_cov_0.875498	95.59		True
unknown
CONTIG	NODE_857_length_1079_cov_0.875498	1079	mis_unaligned
CONTIG	NODE_858_length_1080_cov_1.718843	1080	unaligned
CONTIG	NODE_859_length_1074_cov_5.379242	1074	unaligned
CONTIG	NODE_860_length_1079_cov_0.574850	1079	unaligned
CONTIG	NODE_861_length_1077_cov_1.480000	1077	unaligned
CONTIG	NODE_862_length_1077_cov_0.649000	1077	unaligned
CONTIG	NODE_863_length_1076_cov_0.895896	1076	unaligned
80	172	98	6	lcl_CM027384.1_cds_KAF9593120.1_32057	NODE_864_length_1076_cov_0.652653	100.0		True
CONTIG	NODE_864_length_1076_cov_0.652653	1076	correct_unaligned
1	134	327	193	lcl_CM027378.1_cds_KAF9618996.1_5868	NODE_865_length_1075_cov_1.996994	95.56		True
unknown
377	513	733	597	lcl_CM027379.1_cds_KAF9615862.1_12087	NODE_865_length_1075_cov_1.996994	100.0		True
unknown
260	376	930	814	lcl_CM027379.1_cds_KAF9615862.1_12087	NODE_865_length_1075_cov_1.996994	98.29		True
unknown
CONTIG	NODE_865_length_1075_cov_1.996994	1075	mis_unaligned
CONTIG	NODE_866_length_1074_cov_0.412826	1074	unaligned
1	365	29	393	lcl_CM027383.1_cds_KAF9595678.1_29469	NODE_867_length_1072_cov_1.479397	96.44		True
indel: indel (> 5bp)
366	672	484	790	lcl_CM027383.1_cds_KAF9595678.1_29469	NODE_867_length_1072_cov_1.479397	97.07		True
CONTIG	NODE_867_length_1072_cov_1.479397	1072	correct
256	522	120	386	lcl_CM027379.1_cds_KAF9613487.1_11267	NODE_868_length_1072_cov_1.259296	99.25		True
unknown
523	621	475	573	lcl_CM027379.1_cds_KAF9613487.1_11267	NODE_868_length_1072_cov_1.259296	98.99		True
unknown
622	748	668	794	lcl_CM027379.1_cds_KAF9613487.1_11267	NODE_868_length_1072_cov_1.259296	100.0		True
unknown
CONTIG	NODE_868_length_1072_cov_1.259296	1072	mis_unaligned
CONTIG	NODE_869_length_1071_cov_1.200201	1071	unaligned
CONTIG	NODE_870_length_1071_cov_0.741449	1071	unaligned
CONTIG	NODE_871_length_1073_cov_0.803427	1073	unaligned
CONTIG	NODE_872_length_1068_cov_0.781250	1068	unaligned
251	359	266	374	lcl_CM027382.1_cds_KAF9602374.1_26864	NODE_873_length_1065_cov_0.668347	96.33		True
unknown
839	1041	620	822	lcl_CM027382.1_cds_KAF9602499.1_26878	NODE_873_length_1065_cov_0.668347	98.52		True
unknown
CONTIG	NODE_873_length_1065_cov_0.668347	1065	mis_unaligned
98	232	1062	928	lcl_CM027379.1_cds_KAF9614029.1_12612	NODE_874_length_1068_cov_0.939455	100.0		True
CONTIG	NODE_874_length_1068_cov_0.939455	1068	correct_unaligned
CONTIG	NODE_875_length_1068_cov_0.870838	1068	unaligned
CONTIG	NODE_876_length_1067_cov_0.869697	1067	unaligned
CONTIG	NODE_877_length_1067_cov_0.815152	1067	unaligned
CONTIG	NODE_878_length_1066_cov_1.124368	1066	unaligned
CONTIG	NODE_879_length_1065_cov_0.547017	1065	unaligned
CONTIG	NODE_880_length_1065_cov_1.327935	1065	unaligned
225	389	99	263	lcl_CM027380.1_cds_KAF9609180.1_17458	NODE_881_length_1065_cov_0.863360	98.79		True
unknown
458	557	887	986	lcl_CM027380.1_cds_KAF9609180.1_17458	NODE_881_length_1065_cov_0.863360	100.0		True
unknown
CONTIG	NODE_881_length_1065_cov_0.863360	1065	mis_unaligned
333	884	570	19	lcl_CM027380.1_cds_KAF9609930.1_15718	NODE_882_length_1065_cov_0.861336	96.03		True
translocation
9	326	888	571	lcl_CM027378.1_cds_KAF9620434.1_3724	NODE_882_length_1065_cov_0.861336	95.03		True
CONTIG	NODE_882_length_1065_cov_0.861336	1065	misassembled
CONTIG	NODE_883_length_1065_cov_0.485830	1065	unaligned
CONTIG	NODE_884_length_1064_cov_2.180344	1064	unaligned
CONTIG	NODE_885_length_1064_cov_0.996960	1064	unaligned
1	560	325	884	lcl_CM027382.1_cds_KAF9603899.1_24995	NODE_886_length_1064_cov_0.890578	97.32		True
CONTIG	NODE_886_length_1064_cov_0.890578	1064	correct
CONTIG	NODE_887_length_1063_cov_15.194726	1063	unaligned
CONTIG	NODE_888_length_1062_cov_1.396954	1062	unaligned
CONTIG	NODE_889_length_1062_cov_0.636548	1062	unaligned
CONTIG	NODE_890_length_1062_cov_0.609137	1062	unaligned
CONTIG	NODE_891_length_1061_cov_1.678862	1061	unaligned
CONTIG	NODE_892_length_1061_cov_1.626016	1061	unaligned
323	791	571	104	lcl_CM027384.1_cds_KAF9591899.1_35000	NODE_893_length_1060_cov_0.891150	96.59		True
indel: indel (> 5bp)
253	322	713	644	lcl_CM027384.1_cds_KAF9591899.1_35000	NODE_893_length_1060_cov_0.891150	100.0		True
indel: indel (> 5bp)
143	252	894	785	lcl_CM027384.1_cds_KAF9591899.1_35000	NODE_893_length_1060_cov_0.891150	99.09		True
CONTIG	NODE_893_length_1060_cov_0.891150	1060	correct
CONTIG	NODE_894_length_1060_cov_0.625636	1060	unaligned
CONTIG	NODE_895_length_1060_cov_0.571719	1060	unaligned
CONTIG	NODE_896_length_1058_cov_1.661570	1058	unaligned
CONTIG	NODE_897_length_1057_cov_0.721429	1057	unaligned
CONTIG	NODE_898_length_1055_cov_0.692543	1055	unaligned
CONTIG	NODE_899_length_1056_cov_0.645557	1056	unaligned
CONTIG	NODE_900_length_1055_cov_21.028630	1055	unaligned
36	113	119	42	lcl_CM027382.1_cds_KAF9600028.1_26221	NODE_901_length_1054_cov_1.061412	100.0		True
unknown
269	548	460	184	lcl_CM027384.1_cds_KAF9594965.1_34485	NODE_901_length_1054_cov_1.061412	96.43		True
unknown
115	268	693	540	lcl_CM027384.1_cds_KAF9594965.1_34485	NODE_901_length_1054_cov_1.061412	97.4		True
unknown
CONTIG	NODE_901_length_1054_cov_1.061412	1054	mis_unaligned
CONTIG	NODE_902_length_1053_cov_1.867828	1053	unaligned
CONTIG	NODE_903_length_1053_cov_0.984631	1053	unaligned
89	375	360	646	lcl_CM027378.1_cds_KAF9618956.1_4605	NODE_904_length_1051_cov_0.960041	95.82		True
translocation
195	561	684	1048	lcl_CM027379.1_cds_KAF9613386.1_11576	NODE_904_length_1051_cov_0.960041	97.55		True
CONTIG	NODE_904_length_1051_cov_0.960041	1051	misassembled
CONTIG	NODE_905_length_1042_cov_0.400615	1042	unaligned
CONTIG	NODE_906_length_1052_cov_1.770256	1052	unaligned
CONTIG	NODE_907_length_1052_cov_0.687179	1052	unaligned
CONTIG	NODE_908_length_1052_cov_0.568205	1052	unaligned
CONTIG	NODE_909_length_1051_cov_27.104723	1051	unaligned
CONTIG	NODE_910_length_1051_cov_0.554415	1051	unaligned
CONTIG	NODE_911_length_1050_cov_0.636177	1050	unaligned
CONTIG	NODE_912_length_1049_cov_1.589506	1049	unaligned
161	749	145	733	lcl_CM027384.1_cds_KAF9593592.1_33481	NODE_913_length_1048_cov_0.722966	95.93		True
CONTIG	NODE_913_length_1048_cov_0.722966	1048	correct
CONTIG	NODE_914_length_1046_cov_3.860825	1046	unaligned
CONTIG	NODE_915_length_1044_cov_1.379524	1044	unaligned
CONTIG	NODE_916_length_1044_cov_1.111686	1044	unaligned
603	672	993	924	lcl_CM027381.1_cds_KAF9605915.1_22079	NODE_917_length_1044_cov_0.750776	100.0		True
CONTIG	NODE_917_length_1044_cov_0.750776	1044	correct_unaligned
214	318	835	731	lcl_CM027381.1_cds_KAF9605914.1_22080	NODE_918_length_1043_cov_1.974120	96.19		True
CONTIG	NODE_918_length_1043_cov_1.974120	1043	correct_unaligned
CONTIG	NODE_919_length_1043_cov_0.672878	1043	unaligned
CONTIG	NODE_920_length_1042_cov_0.455487	1042	unaligned
1176	1291	6	121	lcl_CM027377.1_cds_KAF9623912.1_3414	NODE_921_length_1042_cov_1.528497	99.14		True
CONTIG	NODE_921_length_1042_cov_1.528497	1042	correct_unaligned
CONTIG	NODE_922_length_1042_cov_0.811399	1042	unaligned
CONTIG	NODE_923_length_1040_cov_0.806854	1040	unaligned
CONTIG	NODE_924_length_1037_cov_0.523364	1037	unaligned
341	423	1038	956	lcl_CM027384.1_cds_KAF9593414.1_34266	NODE_925_length_1038_cov_1.771072	98.8		True
CONTIG	NODE_925_length_1038_cov_1.771072	1038	correct_unaligned
CONTIG	NODE_926_length_1038_cov_1.394381	1038	unaligned
699	963	978	714	lcl_CM027384.1_cds_KAF9594908.1_31519	NODE_927_length_1038_cov_1.392300	99.62		True
CONTIG	NODE_927_length_1038_cov_1.392300	1038	correct_unaligned
CONTIG	NODE_928_length_1038_cov_1.375650	1038	unaligned
CONTIG	NODE_929_length_1037_cov_1.062500	1037	unaligned
CONTIG	NODE_930_length_1037_cov_0.806250	1037	unaligned
CONTIG	NODE_931_length_1037_cov_0.779167	1037	unaligned
1	101	171	271	lcl_CM027383.1_cds_KAF9599544.1_29446	NODE_932_length_1036_cov_2.454640	95.05		True
unknown
1	384	458	841	lcl_CM027383.1_cds_KAF9595498.1_28737	NODE_932_length_1036_cov_2.454640	99.48		True
unknown
CONTIG	NODE_932_length_1036_cov_2.454640	1036	mis_unaligned
869	1137	327	595	lcl_CM027382.1_cds_KAF9603419.1_25077	NODE_933_length_1035_cov_0.712944	97.03		True
CONTIG	NODE_933_length_1035_cov_0.712944	1035	correct
CONTIG	NODE_934_length_1034_cov_1.971787	1034	unaligned
CONTIG	NODE_935_length_1034_cov_1.153605	1034	unaligned
CONTIG	NODE_936_length_1036_cov_0.936259	1036	unaligned
CONTIG	NODE_937_length_1032_cov_90.004184	1032	unaligned
CONTIG	NODE_938_length_1032_cov_1.596859	1032	unaligned
CONTIG	NODE_939_length_1032_cov_1.045026	1032	unaligned
CONTIG	NODE_940_length_1032_cov_0.371728	1032	unaligned
1	139	327	193	lcl_CM027380.1_cds_KAF9611285.1_16920	NODE_941_length_1031_cov_1.383648	95.68		True
CONTIG	NODE_941_length_1031_cov_1.383648	1031	correct_unaligned
294	829	536	1	lcl_CM027382.1_cds_KAF9603418.1_25076	NODE_942_length_1031_cov_1.136268	95.52		True
indel: indel (> 5bp)
1	293	913	621	lcl_CM027382.1_cds_KAF9603418.1_25076	NODE_942_length_1031_cov_1.136268	95.9		True
CONTIG	NODE_942_length_1031_cov_1.136268	1031	correct
CONTIG	NODE_943_length_1031_cov_1.076520	1031	unaligned
CONTIG	NODE_944_length_1030_cov_1.495278	1030	unaligned
CONTIG	NODE_945_length_1030_cov_0.933893	1030	unaligned
CONTIG	NODE_946_length_1030_cov_0.805876	1030	unaligned
CONTIG	NODE_947_length_1029_cov_12.412815	1029	unaligned
1	92	669	760	lcl_CM027383.1_cds_KAF9596007.1_27545	NODE_948_length_1029_cov_0.783613	95.65		True
CONTIG	NODE_948_length_1029_cov_0.783613	1029	correct_unaligned
CONTIG	NODE_949_length_1028_cov_7.366982	1028	unaligned
543	648	203	308	lcl_CM027381.1_cds_KAF9604053.1_20197	NODE_950_length_1028_cov_1.855941	98.11		True
translocation
348	421	365	438	lcl_CM027385.1_cds_KAF9587363.1_37777	NODE_950_length_1028_cov_1.855941	98.65		True
translocation
602	695	543	450	lcl_CM027380.1_cds_KAF9610588.1_17647	NODE_950_length_1028_cov_1.855941	100.0		True
translocation
379	588	544	752	lcl_CM027377.1_cds_KAF9624976.1_2549	NODE_950_length_1028_cov_1.855941	95.75		True
translocation
113	278	859	1023	lcl_CM027382.1_cds_KAF9601569.1_24400	NODE_950_length_1028_cov_1.855941	96.43		True
CONTIG	NODE_950_length_1028_cov_1.855941	1028	misassembled
1	98	931	1028	lcl_CM027379.1_cds_KAF9616246.1_10302	NODE_951_length_1028_cov_1.480547	100.0		True
CONTIG	NODE_951_length_1028_cov_1.480547	1028	correct_unaligned
CONTIG	NODE_952_length_1027_cov_0.972632	1027	unaligned
CONTIG	NODE_953_length_1027_cov_0.811579	1027	unaligned
611	726	900	1015	lcl_CM027385.1_cds_KAF9587515.1_36416	NODE_954_length_1027_cov_0.721053	95.69		True
CONTIG	NODE_954_length_1027_cov_0.721053	1027	correct_unaligned
CONTIG	NODE_955_length_1027_cov_0.612632	1027	unaligned
CONTIG	NODE_956_length_1026_cov_0.802950	1026	unaligned
CONTIG	NODE_957_length_1026_cov_0.786091	1026	unaligned
390	526	791	655	lcl_CM027379.1_cds_KAF9613647.1_11401	NODE_958_length_1025_cov_1.605485	97.1		True
CONTIG	NODE_958_length_1025_cov_1.605485	1025	correct_unaligned
129	260	763	893	lcl_CM027384.1_cds_KAF9594796.1_33787	NODE_959_length_1024_cov_0.704329	96.97		True
CONTIG	NODE_959_length_1024_cov_0.704329	1024	correct_unaligned
CONTIG	NODE_960_length_1024_cov_0.596621	1024	unaligned
CONTIG	NODE_961_length_1020_cov_0.560254	1020	unaligned
CONTIG	NODE_962_length_1023_cov_0.511628	1023	unaligned
CONTIG	NODE_963_length_1020_cov_2.255026	1020	unaligned
CONTIG	NODE_964_length_1022_cov_1.313228	1022	unaligned
CONTIG	NODE_965_length_1022_cov_1.130159	1022	unaligned
489	736	203	450	lcl_CM027378.1_cds_KAF9619724.1_4667	NODE_966_length_1022_cov_1.046561	99.6		True
CONTIG	NODE_966_length_1022_cov_1.046561	1022	correct_unaligned
1	78	663	586	lcl_CM027383.1_cds_KAF9599424.1_30870	NODE_967_length_1020_cov_1.644751	98.72		True
CONTIG	NODE_967_length_1020_cov_1.644751	1020	correct_unaligned
CONTIG	NODE_968_length_1018_cov_1.383634	1018	unaligned
492	838	459	113	lcl_CM027381.1_cds_KAF9606337.1_22361	NODE_969_length_1018_cov_1.377258	95.1		True
indel: indel (> 5bp)
101	491	1006	616	lcl_CM027381.1_cds_KAF9606337.1_22361	NODE_969_length_1018_cov_1.377258	98.47		True
CONTIG	NODE_969_length_1018_cov_1.377258	1018	correct
1340	1543	709	506	lcl_CM027378.1_cds_KAF9618905.1_8227	NODE_970_length_1018_cov_1.311371	98.53		True
CONTIG	NODE_970_length_1018_cov_1.311371	1018	correct_unaligned
443	564	179	56	lcl_CM027382.1_cds_KAF9600189.1_23955	NODE_971_length_1017_cov_1.711702	95.16		True
translocation
461	679	466	248	lcl_CM027378.1_cds_KAF9619548.1_4834	NODE_971_length_1017_cov_1.711702	99.09		True
indel: indel (> 5bp)
1	460	1000	541	lcl_CM027378.1_cds_KAF9619548.1_4834	NODE_971_length_1017_cov_1.711702	99.35		True
CONTIG	NODE_971_length_1017_cov_1.711702	1017	misassembled
1119	1667	549	1	lcl_CM027382.1_cds_KAF9602703.1_25687	NODE_972_length_1017_cov_1.042553	98.18		True
indel: indel (> 5bp)
771	1118	1017	670	lcl_CM027382.1_cds_KAF9602703.1_25687	NODE_972_length_1017_cov_1.042553	99.43		True
CONTIG	NODE_972_length_1017_cov_1.042553	1017	correct
CONTIG	NODE_973_length_1017_cov_0.756383	1017	unaligned
CONTIG	NODE_974_length_1016_cov_1.007455	1016	unaligned
CONTIG	NODE_975_length_1015_cov_1.437100	1015	unaligned
CONTIG	NODE_976_length_1013_cov_0.837953	1013	unaligned
CONTIG	NODE_977_length_1015_cov_0.585288	1015	unaligned
CONTIG	NODE_978_length_1014_cov_13.038420	1014	unaligned
CONTIG	NODE_979_length_1004_cov_7.886873	1004	unaligned
CONTIG	NODE_980_length_1014_cov_0.972252	1014	unaligned
CONTIG	NODE_981_length_1013_cov_2.424145	1013	unaligned
CONTIG	NODE_982_length_1012_cov_1.045989	1012	unaligned
CONTIG	NODE_983_length_1010_cov_2.190782	1010	unaligned
CONTIG	NODE_984_length_1010_cov_1.288317	1010	unaligned
CONTIG	NODE_985_length_1010_cov_0.899250	1010	unaligned
CONTIG	NODE_986_length_1009_cov_0.657020	1009	unaligned
187	413	627	401	lcl_CM027381.1_cds_KAF9604662.1_20166	NODE_987_length_1009_cov_0.898069	95.59		True
CONTIG	NODE_987_length_1009_cov_0.898069	1009	correct
CONTIG	NODE_988_length_1009_cov_0.578326	1009	unaligned
CONTIG	NODE_989_length_1008_cov_1.586466	1008	unaligned
CONTIG	NODE_990_length_1008_cov_0.598281	1008	unaligned
CONTIG	NODE_991_length_1009_cov_5.023656	1009	unaligned
CONTIG	NODE_992_length_1006_cov_1.104413	1006	unaligned
135	386	567	818	lcl_JADFTS010000084.1_cds_KAF9586829.1_39603	NODE_993_length_1006_cov_0.807320	96.83		True
CONTIG	NODE_993_length_1006_cov_0.807320	1006	correct_unaligned
CONTIG	NODE_994_length_1006_cov_0.711518	1006	unaligned
453	537	691	607	lcl_CM027381.1_cds_KAF9604550.1_19210	NODE_995_length_1005_cov_1.539871	98.82		True
CONTIG	NODE_995_length_1005_cov_1.539871	1005	correct_unaligned
CONTIG	NODE_996_length_1006_cov_0.775862	1006	unaligned
CONTIG	NODE_997_length_1004_cov_1.159655	1004	unaligned
321	542	668	889	lcl_CM027383.1_cds_KAF9596260.1_27374	NODE_998_length_1003_cov_0.755124	100.0		True
CONTIG	NODE_998_length_1003_cov_0.755124	1003	correct_unaligned
138	684	560	8	lcl_CM027382.1_cds_KAF9600167.1_23929	NODE_999_length_1004_cov_0.707659	95.66		True
translocation
162	324	842	1004	lcl_CM027383.1_cds_KAF9599068.1_30139	NODE_999_length_1004_cov_0.707659	98.77		True
CONTIG	NODE_999_length_1004_cov_0.707659	1004	misassembled
CONTIG	NODE_1000_length_1004_cov_0.566343	1004	unaligned
CONTIG	NODE_1001_length_1003_cov_2.454644	1003	unaligned
CONTIG	NODE_1002_length_1003_cov_1.420086	1003	unaligned
CONTIG	NODE_1003_length_1003_cov_0.744060	1003	unaligned
CONTIG	NODE_1004_length_1003_cov_0.663067	1003	unaligned
1741	2103	1003	641	lcl_CM027382.1_cds_KAF9599754.1_23040	NODE_1005_length_1003_cov_0.613391	98.35		True
CONTIG	NODE_1005_length_1003_cov_0.613391	1003	correct_unaligned
273	388	626	741	lcl_CM027381.1_cds_KAF9604095.1_20687	NODE_1006_length_1002_cov_1.090811	99.14		True
CONTIG	NODE_1006_length_1002_cov_1.090811	1002	correct_unaligned
CONTIG	NODE_1007_length_989_cov_1.192641	989	unaligned
CONTIG	NODE_1008_length_1001_cov_1.006494	1001	unaligned
CONTIG	NODE_1009_length_1000_cov_26.223185	1000	unaligned
CONTIG	NODE_1010_length_1000_cov_0.373781	1000	unaligned
CONTIG	NODE_1011_length_999_cov_1.673536	999	unaligned
CONTIG	NODE_1012_length_999_cov_1.110629	999	unaligned
CONTIG	NODE_1013_length_998_cov_1.877307	998	unaligned
CONTIG	NODE_1014_length_997_cov_1.062975	997	unaligned
1632	1697	281	216	lcl_CM027380.1_cds_KAF9611614.1_16328	NODE_1015_length_998_cov_0.574376	100.0		True
unknown
1	123	498	376	lcl_CM027383.1_cds_KAF9599466.1_31213	NODE_1015_length_998_cov_0.574376	98.37		True
unknown
CONTIG	NODE_1015_length_998_cov_0.574376	998	mis_unaligned
CONTIG	NODE_1016_length_997_cov_4.995652	997	unaligned
CONTIG	NODE_1017_length_997_cov_1.507609	997	unaligned
1	274	146	419	lcl_CM027378.1_cds_KAF9620718.1_7262	NODE_1018_length_997_cov_1.175000	97.08		True
CONTIG	NODE_1018_length_997_cov_1.175000	997	correct_unaligned
CONTIG	NODE_1019_length_997_cov_1.014130	997	unaligned
CONTIG	NODE_1020_length_997_cov_0.552174	997	unaligned
CONTIG	NODE_1021_length_996_cov_1.884657	996	unaligned
CONTIG	NODE_1022_length_996_cov_1.440696	996	unaligned
147	218	206	135	lcl_CM027383.1_cds_KAF9598037.1_29959	NODE_1023_length_995_cov_0.954248	100.0		True
CONTIG	NODE_1023_length_995_cov_0.954248	995	correct_unaligned
785	948	995	832	lcl_CM027379.1_cds_KAF9616839.1_9293	NODE_1024_length_995_cov_0.662309	96.34		True
CONTIG	NODE_1024_length_995_cov_0.662309	995	correct_unaligned
CONTIG	NODE_1025_length_994_cov_2.187568	994	unaligned
CONTIG	NODE_1026_length_994_cov_0.885496	994	unaligned
CONTIG	NODE_1027_length_994_cov_0.784079	994	unaligned
CONTIG	NODE_1028_length_994_cov_0.428571	994	unaligned
CONTIG	NODE_1029_length_992_cov_0.770742	992	unaligned
330	699	1	370	lcl_CM027380.1_cds_KAF9611024.1_18139	NODE_1030_length_985_cov_0.550218	95.95		True
translocation
1379	1544	387	552	lcl_CM027378.1_cds_KAF9619609.1_8486	NODE_1030_length_985_cov_0.550218	98.8		True
CONTIG	NODE_1030_length_985_cov_0.550218	985	misassembled
CONTIG	NODE_1031_length_992_cov_0.770492	992	unaligned
CONTIG	NODE_1032_length_992_cov_0.739891	992	unaligned
CONTIG	NODE_1033_length_991_cov_0.801969	991	unaligned
CONTIG	NODE_1034_length_985_cov_0.623632	985	unaligned
CONTIG	NODE_1035_length_991_cov_0.563457	991	unaligned
CONTIG	NODE_1036_length_991_cov_0.510941	991	unaligned
CONTIG	NODE_1037_length_990_cov_1.716320	990	unaligned
CONTIG	NODE_1038_length_990_cov_1.065717	990	unaligned
CONTIG	NODE_1039_length_988_cov_1.070252	988	unaligned
CONTIG	NODE_1040_length_987_cov_0.787912	987	unaligned
CONTIG	NODE_1041_length_986_cov_1.686469	986	unaligned
CONTIG	NODE_1042_length_986_cov_1.412541	986	unaligned
CONTIG	NODE_1043_length_985_cov_2.795154	985	unaligned
CONTIG	NODE_1044_length_985_cov_1.067181	985	unaligned
CONTIG	NODE_1045_length_985_cov_0.905286	985	unaligned
CONTIG	NODE_1046_length_985_cov_0.779736	985	unaligned
CONTIG	NODE_1047_length_984_cov_1.721058	984	unaligned
CONTIG	NODE_1048_length_984_cov_1.664829	984	unaligned
CONTIG	NODE_1049_length_984_cov_0.743109	984	unaligned
CONTIG	NODE_1050_length_983_cov_17.066225	983	unaligned
CONTIG	NODE_1051_length_982_cov_1.807735	982	unaligned
CONTIG	NODE_1052_length_978_cov_1.102876	978	unaligned
CONTIG	NODE_1053_length_981_cov_0.610619	981	unaligned
CONTIG	NODE_1054_length_981_cov_0.596239	981	unaligned
151	239	248	336	lcl_CM027381.1_cds_KAF9606005.1_22053	NODE_1055_length_977_cov_3.382222	100.0		True
unknown
128	226	333	431	lcl_CM027384.1_cds_KAF9594536.1_34929	NODE_1055_length_977_cov_3.382222	98.99		True
unknown
227	336	513	622	lcl_CM027384.1_cds_KAF9594536.1_34929	NODE_1055_length_977_cov_3.382222	98.18		True
unknown
CONTIG	NODE_1055_length_977_cov_3.382222	977	mis_unaligned
CONTIG	NODE_1056_length_977_cov_1.012222	977	unaligned
CONTIG	NODE_1057_length_975_cov_1.822940	975	unaligned
CONTIG	NODE_1058_length_975_cov_0.749443	975	unaligned
CONTIG	NODE_1059_length_975_cov_0.654788	975	unaligned
CONTIG	NODE_1060_length_974_cov_0.593541	974	unaligned
CONTIG	NODE_1061_length_975_cov_0.510022	975	unaligned
CONTIG	NODE_1062_length_974_cov_0.947603	974	unaligned
CONTIG	NODE_1063_length_973_cov_2.281250	973	unaligned
CONTIG	NODE_1064_length_973_cov_1.636161	973	unaligned
CONTIG	NODE_1065_length_973_cov_1.387277	973	unaligned
CONTIG	NODE_1066_length_964_cov_1.111607	964	unaligned
CONTIG	NODE_1067_length_971_cov_1.286034	971	unaligned
628	941	816	503	lcl_CM027385.1_cds_KAF9589688.1_37407	NODE_1068_length_971_cov_1.259508	97.77		True
CONTIG	NODE_1068_length_971_cov_1.259508	971	correct_unaligned
CONTIG	NODE_1069_length_971_cov_0.677852	971	unaligned
CONTIG	NODE_1070_length_971_cov_0.673378	971	unaligned
CONTIG	NODE_1071_length_971_cov_0.536913	971	unaligned
CONTIG	NODE_1072_length_971_cov_0.432886	971	unaligned
CONTIG	NODE_1073_length_970_cov_5.010078	970	unaligned
CONTIG	NODE_1074_length_970_cov_1.360582	970	unaligned
CONTIG	NODE_1075_length_970_cov_0.436730	970	unaligned
CONTIG	NODE_1076_length_970_cov_0.464126	970	unaligned
839	984	968	823	lcl_CM027380.1_cds_KAF9611107.1_18679	NODE_1077_length_968_cov_0.996633	99.32		True
CONTIG	NODE_1077_length_968_cov_0.996633	968	correct_unaligned
CONTIG	NODE_1078_length_967_cov_1.791011	967	unaligned
CONTIG	NODE_1079_length_967_cov_1.382022	967	unaligned
CONTIG	NODE_1080_length_967_cov_0.924719	967	unaligned
CONTIG	NODE_1081_length_966_cov_3.116985	966	unaligned
CONTIG	NODE_1082_length_966_cov_1.653543	966	unaligned
9	147	1	140	lcl_CM027383.1_cds_KAF9598270.1_29008	NODE_1083_length_966_cov_0.875141	97.14		True
unknown
1	131	143	273	lcl_CM027385.1_cds_KAF9587797.1_38482	NODE_1083_length_966_cov_0.875141	100.0		True
unknown
348	510	471	631	lcl_CM027377.1_cds_KAF9624890.1_2442	NODE_1083_length_966_cov_0.875141	95.71		True
unknown
CONTIG	NODE_1083_length_966_cov_0.875141	966	mis_unaligned
CONTIG	NODE_1084_length_966_cov_0.488189	966	unaligned
CONTIG	NODE_1085_length_965_cov_1.355856	965	unaligned
CONTIG	NODE_1086_length_965_cov_1.322072	965	unaligned
CONTIG	NODE_1087_length_965_cov_0.670045	965	unaligned
CONTIG	NODE_1088_length_964_cov_1.216460	964	unaligned
CONTIG	NODE_1089_length_963_cov_0.618510	963	unaligned
CONTIG	NODE_1090_length_962_cov_1.212429	962	unaligned
CONTIG	NODE_1091_length_962_cov_0.854237	962	unaligned
771	1458	962	278	lcl_CM027381.1_cds_KAF9606841.1_19423	NODE_1092_length_962_cov_0.692655	96.51		True
CONTIG	NODE_1092_length_962_cov_0.692655	962	correct
CONTIG	NODE_1093_length_961_cov_1.739819	961	unaligned
CONTIG	NODE_1094_length_960_cov_1.488109	960	unaligned
CONTIG	NODE_1095_length_960_cov_0.763307	960	unaligned
CONTIG	NODE_1096_length_960_cov_0.605889	960	unaligned
CONTIG	NODE_1097_length_960_cov_0.573046	960	unaligned
1	78	297	374	lcl_CM027383.1_cds_KAF9595836.1_31415	NODE_1098_length_959_cov_1.158730	100.0		True
unknown
77	178	637	738	lcl_CM027383.1_cds_KAF9595836.1_31415	NODE_1098_length_959_cov_1.158730	100.0		True
unknown
CONTIG	NODE_1098_length_959_cov_1.158730	959	mis_unaligned
CONTIG	NODE_1099_length_958_cov_1.955732	958	unaligned
293	437	121	265	lcl_CM027385.1_cds_KAF9588498.1_36516	NODE_1100_length_958_cov_0.753689	97.93		True
unknown
121	213	506	598	lcl_CM027383.1_cds_KAF9596288.1_30231	NODE_1100_length_958_cov_0.753689	98.92		True
unknown
291	442	694	845	lcl_CM027383.1_cds_KAF9595565.1_31231	NODE_1100_length_958_cov_0.753689	98.68		True
unknown
CONTIG	NODE_1100_length_958_cov_0.753689	958	mis_unaligned
730	877	350	203	lcl_CM027382.1_cds_KAF9600392.1_24861	NODE_1101_length_957_cov_0.878409	98.65		True
indel: indel (> 5bp)
610	729	550	431	lcl_CM027382.1_cds_KAF9600392.1_24861	NODE_1101_length_957_cov_0.878409	99.17		True
indel: indel (> 5bp)
447	609	785	623	lcl_CM027382.1_cds_KAF9600392.1_24861	NODE_1101_length_957_cov_0.878409	99.39		True
translocation
386	460	956	882	lcl_CM027384.1_cds_KAF9594341.1_32704	NODE_1101_length_957_cov_0.878409	98.67		True
CONTIG	NODE_1101_length_957_cov_0.878409	957	misassembled
CONTIG	NODE_1102_length_957_cov_0.578409	957	unaligned
CONTIG	NODE_1103_length_956_cov_20.102389	956	unaligned
CONTIG	NODE_1104_length_956_cov_1.808874	956	unaligned
667	765	62	160	lcl_CM027380.1_cds_KAF9612263.1_15657	NODE_1105_length_956_cov_1.327645	100.0		True
CONTIG	NODE_1105_length_956_cov_1.327645	956	correct_unaligned
944	1088	234	90	lcl_CM027380.1_cds_KAF9610191.1_16073	NODE_1106_length_955_cov_1.017084	97.24		True
CONTIG	NODE_1106_length_955_cov_1.017084	955	correct_unaligned
CONTIG	NODE_1107_length_955_cov_0.683371	955	unaligned
CONTIG	NODE_1108_length_955_cov_0.584282	955	unaligned
CONTIG	NODE_1109_length_954_cov_1.581528	954	unaligned
CONTIG	NODE_1110_length_950_cov_1.204105	950	unaligned
CONTIG	NODE_1111_length_954_cov_0.855188	954	unaligned
CONTIG	NODE_1112_length_953_cov_1.458904	953	unaligned
559	732	170	343	lcl_JADFTS010000091.1_cds_KAF9586819.1_39497	NODE_1113_length_953_cov_1.446347	100.0		True
translocation
405	585	640	460	lcl_CM027384.1_cds_KAF9594923.1_31513	NODE_1113_length_953_cov_1.446347	99.45		True
translocation
1269	1394	641	766	lcl_CM027379.1_cds_KAF9613305.1_10443	NODE_1113_length_953_cov_1.446347	99.36		True
CONTIG	NODE_1113_length_953_cov_1.446347	953	misassembled
CONTIG	NODE_1114_length_953_cov_0.946347	953	unaligned
CONTIG	NODE_1115_length_953_cov_0.569635	953	unaligned
484	617	800	933	lcl_CM027380.1_cds_KAF9608081.1_18104	NODE_1116_length_952_cov_1.346286	98.51		True
CONTIG	NODE_1116_length_952_cov_1.346286	952	correct_unaligned
CONTIG	NODE_1117_length_951_cov_1.670481	951	unaligned
57	217	452	292	lcl_CM027384.1_cds_KAF9592124.1_33601	NODE_1118_length_951_cov_0.562929	95.03		True
CONTIG	NODE_1118_length_951_cov_0.562929	951	correct
33	130	211	308	lcl_CM027382.1_cds_KAF9600919.1_27080	NODE_1119_length_950_cov_0.980527	98.98		True
unknown
1068	1303	364	599	lcl_CM027379.1_cds_KAF9614079.1_11879	NODE_1119_length_950_cov_0.980527	99.15		True
unknown
264	347	798	881	lcl_CM027377.1_cds_KAF9626763.1_3238	NODE_1119_length_950_cov_0.980527	100.0		True
unknown
CONTIG	NODE_1119_length_950_cov_0.980527	950	mis_unaligned
174	557	441	58	lcl_CM027380.1_cds_KAF9608118.1_18066	NODE_1120_length_949_cov_0.883028	96.35		True
CONTIG	NODE_1120_length_949_cov_0.883028	949	correct_unaligned
CONTIG	NODE_1121_length_948_cov_0.597015	948	unaligned
CONTIG	NODE_1122_length_947_cov_0.763218	947	unaligned
CONTIG	NODE_1123_length_943_cov_0.671264	943	unaligned
CONTIG	NODE_1124_length_945_cov_1.060990	945	unaligned
CONTIG	NODE_1125_length_946_cov_1.018412	946	unaligned
CONTIG	NODE_1126_length_946_cov_0.659379	946	unaligned
CONTIG	NODE_1127_length_946_cov_0.532796	946	unaligned
CONTIG	NODE_1128_length_945_cov_2.142857	945	unaligned
CONTIG	NODE_1129_length_945_cov_0.697005	945	unaligned
CONTIG	NODE_1130_length_943_cov_0.696305	943	unaligned
CONTIG	NODE_1131_length_942_cov_0.516166	942	unaligned
252	548	707	411	lcl_CM027383.1_cds_KAF9598781.1_30743	NODE_1132_length_942_cov_0.669364	97.64		True
unknown
103	251	937	789	lcl_CM027383.1_cds_KAF9598781.1_30743	NODE_1132_length_942_cov_0.669364	97.99		True
unknown
CONTIG	NODE_1132_length_942_cov_0.669364	942	mis_unaligned
CONTIG	NODE_1133_length_942_cov_0.660116	942	unaligned
CONTIG	NODE_1134_length_942_cov_0.635838	942	unaligned
CONTIG	NODE_1135_length_942_cov_0.634682	942	unaligned
CONTIG	NODE_1136_length_941_cov_3.575231	941	unaligned
CONTIG	NODE_1137_length_941_cov_0.982639	941	unaligned
3508	3609	847	746	lcl_CM027377.1_cds_KAF9623252.1_1633	NODE_1138_length_941_cov_0.769676	99.02		True
CONTIG	NODE_1138_length_941_cov_0.769676	941	correct_unaligned
CONTIG	NODE_1139_length_940_cov_1.612978	940	unaligned
CONTIG	NODE_1140_length_940_cov_1.047509	940	unaligned
1	135	788	922	lcl_CM027377.1_cds_KAF9626616.1_3559	NODE_1141_length_939_cov_2.634571	100.0		True
CONTIG	NODE_1141_length_939_cov_2.634571	939	correct_unaligned
CONTIG	NODE_1142_length_936_cov_0.670534	936	unaligned
CONTIG	NODE_1143_length_938_cov_20.569106	938	unaligned
CONTIG	NODE_1144_length_938_cov_2.797909	938	unaligned
CONTIG	NODE_1145_length_938_cov_0.631823	938	unaligned
CONTIG	NODE_1146_length_938_cov_0.558653	938	unaligned
CONTIG	NODE_1147_length_937_cov_1.301163	937	unaligned
4538	4829	836	545	lcl_CM027378.1_cds_KAF9620722.1_7490	NODE_1148_length_937_cov_1.120930	96.23		True
unknown
4114	4214	937	837	lcl_CM027378.1_cds_KAF9620722.1_7490	NODE_1148_length_937_cov_1.120930	99.01		True
unknown
CONTIG	NODE_1148_length_937_cov_1.120930	937	mis_unaligned
333	537	602	397	lcl_CM027378.1_cds_KAF9619957.1_5392	NODE_1149_length_934_cov_2.062864	96.6		True
CONTIG	NODE_1149_length_934_cov_2.062864	934	correct
CONTIG	NODE_1150_length_936_cov_1.775320	936	unaligned
216	570	659	306	lcl_CM027385.1_cds_KAF9587499.1_36432	NODE_1151_length_936_cov_1.207218	97.18		True
translocation
1577	1747	936	766	lcl_CM027379.1_cds_KAF9617795.1_11436	NODE_1151_length_936_cov_1.207218	98.83		True
CONTIG	NODE_1151_length_936_cov_1.207218	936	misassembled
CONTIG	NODE_1152_length_934_cov_0.830035	934	unaligned
CONTIG	NODE_1153_length_936_cov_0.719441	936	unaligned
CONTIG	NODE_1154_length_934_cov_1.390898	934	unaligned
CONTIG	NODE_1155_length_932_cov_5.971930	932	unaligned
CONTIG	NODE_1156_length_932_cov_1.253801	932	unaligned
CONTIG	NODE_1157_length_932_cov_0.768421	932	unaligned
CONTIG	NODE_1158_length_932_cov_0.686550	932	unaligned
CONTIG	NODE_1159_length_931_cov_1.365340	931	unaligned
13	699	770	84	lcl_CM027385.1_cds_KAF9587968.1_36867	NODE_1160_length_931_cov_0.700234	95.63		True
translocation
1279	1434	926	771	lcl_CM027383.1_cds_KAF9598803.1_30721	NODE_1160_length_931_cov_0.700234	96.27		True
CONTIG	NODE_1160_length_931_cov_0.700234	931	misassembled
CONTIG	NODE_1161_length_931_cov_0.539813	931	unaligned
CONTIG	NODE_1162_length_931_cov_0.515222	931	unaligned
CONTIG	NODE_1163_length_930_cov_0.874560	930	unaligned
635	795	1	161	lcl_CM027382.1_cds_KAF9600358.1_25040	NODE_1164_length_925_cov_1.258216	98.14		True
unknown
620	735	387	502	lcl_CM027379.1_cds_KAF9615781.1_11057	NODE_1164_length_925_cov_1.258216	98.28		True
unknown
CONTIG	NODE_1164_length_925_cov_1.258216	925	mis_unaligned
CONTIG	NODE_1165_length_929_cov_0.913146	929	unaligned
CONTIG	NODE_1166_length_928_cov_0.802817	928	unaligned
CONTIG	NODE_1167_length_928_cov_0.736780	928	unaligned
CONTIG	NODE_1168_length_926_cov_0.987044	926	unaligned
868	1017	23	172	lcl_CM027380.1_cds_KAF9608194.1_15589	NODE_1169_length_925_cov_1.625000	96.0		True
CONTIG	NODE_1169_length_925_cov_1.625000	925	correct_unaligned
707	813	138	244	lcl_CM027385.1_cds_KAF9587572.1_36662	NODE_1170_length_925_cov_1.119104	98.13		True
unknown
5	211	343	549	lcl_CM027378.1_cds_KAF9619316.1_4274	NODE_1170_length_925_cov_1.119104	97.1		True
unknown
CONTIG	NODE_1170_length_925_cov_1.119104	925	mis_unaligned
CONTIG	NODE_1171_length_925_cov_0.502358	925	unaligned
88	199	321	208	lcl_CM027378.1_cds_KAF9622939.1_8019	NODE_1172_length_924_cov_1.430933	97.37		True
CONTIG	NODE_1172_length_924_cov_1.430933	924	correct_unaligned
CONTIG	NODE_1173_length_924_cov_0.610390	924	unaligned
CONTIG	NODE_1174_length_923_cov_1.250591	923	unaligned
CONTIG	NODE_1175_length_923_cov_0.434988	923	unaligned
418	498	468	387	lcl_CM027379.1_cds_KAF9615481.1_10644	NODE_1176_length_921_cov_0.739336	97.56		True
CONTIG	NODE_1176_length_921_cov_0.739336	921	correct
CONTIG	NODE_1177_length_921_cov_0.566351	921	unaligned
1	320	795	476	lcl_CM027377.1_cds_KAF9624338.1_2684	NODE_1178_length_920_cov_0.736655	95.62		True
CONTIG	NODE_1178_length_920_cov_0.736655	920	correct
69	146	204	127	lcl_CM027377.1_cds_KAF9626185.1_1265	NODE_1179_length_919_cov_0.893112	98.72		True
unknown
568	673	534	639	lcl_CM027385.1_cds_KAF9590654.1_39068	NODE_1179_length_919_cov_0.893112	99.06		True
unknown
CONTIG	NODE_1179_length_919_cov_0.893112	919	mis_unaligned
CONTIG	NODE_1180_length_919_cov_0.676960	919	unaligned
CONTIG	NODE_1181_length_919_cov_0.603325	919	unaligned
CONTIG	NODE_1182_length_918_cov_15.394768	918	unaligned
CONTIG	NODE_1183_length_918_cov_1.280618	918	unaligned
CONTIG	NODE_1184_length_916_cov_0.759237	916	unaligned
CONTIG	NODE_1185_length_916_cov_0.529201	916	unaligned
CONTIG	NODE_1186_length_915_cov_1.742243	915	unaligned
CONTIG	NODE_1187_length_914_cov_14.396655	914	unaligned
1039	1939	914	3	lcl_CM027385.1_cds_KAF9587900.1_36241	NODE_1188_length_914_cov_1.054958	98.14		True
CONTIG	NODE_1188_length_914_cov_1.054958	914	correct
CONTIG	NODE_1189_length_914_cov_0.799283	914	unaligned
1232	1326	385	479	lcl_CM027378.1_cds_KAF9620360.1_3970	NODE_1190_length_914_cov_0.731183	97.89		True
CONTIG	NODE_1190_length_914_cov_0.731183	914	correct
CONTIG	NODE_1191_length_914_cov_0.642772	914	unaligned
CONTIG	NODE_1192_length_913_cov_1.337321	913	unaligned
CONTIG	NODE_1193_length_913_cov_0.610048	913	unaligned
198	321	786	663	lcl_CM027380.1_cds_KAF9610362.1_15451	NODE_1194_length_912_cov_0.495215	99.19		True
CONTIG	NODE_1194_length_912_cov_0.495215	912	correct_unaligned
CONTIG	NODE_1195_length_912_cov_1.827545	912	unaligned
CONTIG	NODE_1196_length_911_cov_0.800959	911	unaligned
328	467	910	773	lcl_CM027380.1_cds_KAF9609438.1_14711	NODE_1197_length_910_cov_1.096038	96.43		True
CONTIG	NODE_1197_length_910_cov_1.096038	910	correct_unaligned
CONTIG	NODE_1198_length_910_cov_1.049220	910	unaligned
CONTIG	NODE_1199_length_909_cov_1.841346	909	unaligned
CONTIG	NODE_1200_length_909_cov_1.689904	909	unaligned
CONTIG	NODE_1201_length_909_cov_0.968750	909	unaligned
719	810	163	254	lcl_CM027379.1_cds_KAF9612795.1_11716	NODE_1202_length_909_cov_0.912260	98.91		True
unknown
820	958	535	673	lcl_CM027379.1_cds_KAF9612795.1_11716	NODE_1202_length_909_cov_0.912260	96.4		True
unknown
CONTIG	NODE_1202_length_909_cov_0.912260	909	mis_unaligned
CONTIG	NODE_1203_length_906_cov_8.767470	906	unaligned
CONTIG	NODE_1204_length_905_cov_1.637681	905	unaligned
CONTIG	NODE_1205_length_905_cov_1.210145	905	unaligned
856	924	191	123	lcl_CM027380.1_cds_KAF9611684.1_18961	NODE_1206_length_905_cov_0.766908	100.0		True
CONTIG	NODE_1206_length_905_cov_0.766908	905	correct_unaligned
CONTIG	NODE_1207_length_904_cov_1.493349	904	unaligned
CONTIG	NODE_1208_length_904_cov_0.996372	904	unaligned
CONTIG	NODE_1209_length_904_cov_0.795647	904	unaligned
CONTIG	NODE_1210_length_903_cov_33.052058	903	unaligned
CONTIG	NODE_1211_length_903_cov_0.552058	903	unaligned
CONTIG	NODE_1212_length_903_cov_0.547215	903	unaligned
CONTIG	NODE_1213_length_897_cov_1.812121	897	unaligned
693	774	141	60	lcl_CM027380.1_cds_KAF9610588.1_17647	NODE_1214_length_902_cov_1.060606	98.78		True
CONTIG	NODE_1214_length_902_cov_1.060606	902	correct_unaligned
CONTIG	NODE_1215_length_903_cov_0.749091	903	unaligned
CONTIG	NODE_1216_length_902_cov_0.722424	902	unaligned
CONTIG	NODE_1217_length_901_cov_0.510303	901	unaligned
CONTIG	NODE_1218_length_901_cov_1.411408	901	unaligned
CONTIG	NODE_1219_length_901_cov_0.559466	901	unaligned
471	578	789	896	lcl_CM027377.1_cds_KAF9624339.1_2688	NODE_1220_length_900_cov_17.566221	97.22		True
CONTIG	NODE_1220_length_900_cov_17.566221	900	correct_unaligned
CONTIG	NODE_1221_length_881_cov_0.951338	881	unaligned
CONTIG	NODE_1222_length_894_cov_0.622871	894	unaligned
CONTIG	NODE_1223_length_898_cov_0.870889	898	unaligned
CONTIG	NODE_1224_length_898_cov_0.676005	898	unaligned
CONTIG	NODE_1225_length_897_cov_1.235366	897	unaligned
CONTIG	NODE_1226_length_896_cov_3.282051	896	unaligned
219	406	602	415	lcl_CM027377.1_cds_KAF9626228.1_1216	NODE_1227_length_896_cov_1.064713	96.81		True
unknown
813	924	896	785	lcl_CM027378.1_cds_KAF9622512.1_7587	NODE_1227_length_896_cov_1.064713	98.21		True
unknown
CONTIG	NODE_1227_length_896_cov_1.064713	896	mis_unaligned
CONTIG	NODE_1228_length_895_cov_7.656479	895	unaligned
1	167	188	357	lcl_CM027381.1_cds_KAF9604628.1_21927	NODE_1229_length_895_cov_3.102689	96.47		True
CONTIG	NODE_1229_length_895_cov_3.102689	895	correct_unaligned
1	136	293	428	lcl_CM027378.1_cds_KAF9622031.1_5751	NODE_1230_length_895_cov_2.052567	97.79		True
CONTIG	NODE_1230_length_895_cov_2.052567	895	correct
CONTIG	NODE_1231_length_895_cov_1.015892	895	unaligned
CONTIG	NODE_1232_length_895_cov_0.875306	895	unaligned
CONTIG	NODE_1233_length_893_cov_0.509780	893	unaligned
288	406	404	522	lcl_CM027382.1_cds_KAF9602385.1_23852	NODE_1234_length_894_cov_1.006120	99.16		True
unknown
407	498	610	701	lcl_CM027382.1_cds_KAF9602385.1_23852	NODE_1234_length_894_cov_1.006120	98.91		True
unknown
564	694	764	894	lcl_CM027382.1_cds_KAF9603285.1_25519	NODE_1234_length_894_cov_1.006120	96.18		True
unknown
CONTIG	NODE_1234_length_894_cov_1.006120	894	mis_unaligned
CONTIG	NODE_1235_length_893_cov_0.782130	893	unaligned
CONTIG	NODE_1236_length_894_cov_0.629131	894	unaligned
812	904	94	2	lcl_CM027377.1_cds_KAF9625930.1_3021	NODE_1237_length_894_cov_0.602203	96.77		True
CONTIG	NODE_1237_length_894_cov_0.602203	894	correct_unaligned
CONTIG	NODE_1238_length_893_cov_1.431373	893	unaligned
299	557	545	806	lcl_CM027380.1_cds_KAF9608668.1_15017	NODE_1239_length_893_cov_1.127451	95.42		True
CONTIG	NODE_1239_length_893_cov_1.127451	893	correct_unaligned
290	386	180	84	lcl_CM027385.1_cds_KAF9588691.1_37688	NODE_1240_length_893_cov_0.916667	97.94		True
CONTIG	NODE_1240_length_893_cov_0.916667	893	correct_unaligned
CONTIG	NODE_1241_length_893_cov_0.878676	893	unaligned
CONTIG	NODE_1242_length_892_cov_1.531288	892	unaligned
CONTIG	NODE_1243_length_892_cov_0.652761	892	unaligned
CONTIG	NODE_1244_length_892_cov_0.612270	892	unaligned
CONTIG	NODE_1245_length_892_cov_0.409091	892	unaligned
CONTIG	NODE_1246_length_891_cov_0.400491	891	unaligned
CONTIG	NODE_1247_length_890_cov_1.209102	890	unaligned
1060	1178	890	772	lcl_CM027382.1_cds_KAF9601475.1_23375	NODE_1248_length_890_cov_0.541205	99.16		True
CONTIG	NODE_1248_length_890_cov_0.541205	890	correct_unaligned
CONTIG	NODE_1249_length_889_cov_1.134236	889	unaligned
CONTIG	NODE_1250_length_889_cov_0.899015	889	unaligned
1	237	622	386	lcl_CM027379.1_cds_KAF9613291.1_11315	NODE_1251_length_880_cov_0.804187	95.36		True
CONTIG	NODE_1251_length_880_cov_0.804187	880	correct
CONTIG	NODE_1252_length_889_cov_0.668719	889	unaligned
CONTIG	NODE_1253_length_888_cov_1.173859	888	unaligned
CONTIG	NODE_1254_length_888_cov_0.667078	888	unaligned
CONTIG	NODE_1255_length_888_cov_0.660912	888	unaligned
1	84	84	1	lcl_CM027379.1_cds_KAF9614738.1_9659	NODE_1256_length_887_cov_1.596296	100.0		True
CONTIG	NODE_1256_length_887_cov_1.596296	887	correct_unaligned
CONTIG	NODE_1257_length_887_cov_0.824691	887	unaligned
CONTIG	NODE_1258_length_887_cov_0.716049	887	unaligned
CONTIG	NODE_1259_length_887_cov_0.598765	887	unaligned
CONTIG	NODE_1260_length_886_cov_1.458591	886	unaligned
1	77	247	171	lcl_CM027382.1_cds_KAF9600191.1_23956	NODE_1261_length_886_cov_1.310260	98.7		True
unknown
619	732	592	479	lcl_CM027383.1_cds_KAF9598800.1_30724	NODE_1261_length_886_cov_1.310260	98.25		True
unknown
CONTIG	NODE_1261_length_886_cov_1.310260	886	mis_unaligned
CONTIG	NODE_1262_length_886_cov_0.988875	886	unaligned
514	612	672	574	lcl_CM027385.1_cds_KAF9588331.1_37922	NODE_1263_length_886_cov_0.906057	100.0		True
unknown
375	513	878	740	lcl_CM027385.1_cds_KAF9588331.1_37922	NODE_1263_length_886_cov_0.906057	98.56		True
unknown
CONTIG	NODE_1263_length_886_cov_0.906057	886	mis_unaligned
CONTIG	NODE_1264_length_886_cov_0.805933	886	unaligned
1	80	80	1	lcl_CM027381.1_cds_KAF9606871.1_20334	NODE_1265_length_886_cov_0.636588	100.0		True
CONTIG	NODE_1265_length_886_cov_0.636588	886	correct_unaligned
1	72	239	310	lcl_CM027379.1_cds_KAF9615601.1_12109	NODE_1266_length_886_cov_0.618047	98.61		True
unknown
250	314	403	467	lcl_CM027384.1_cds_KAF9591813.1_33325	NODE_1266_length_886_cov_0.618047	100.0		True
unknown
CONTIG	NODE_1266_length_886_cov_0.618047	886	mis_unaligned
CONTIG	NODE_1267_length_885_cov_9.889851	885	unaligned
CONTIG	NODE_1268_length_885_cov_1.355198	885	unaligned
462	871	410	1	lcl_CM027382.1_cds_KAF9599743.1_23028	NODE_1269_length_885_cov_0.727723	97.32		True
translocation
773	892	595	476	lcl_CM027377.1_cds_KAF9624950.1_2156	NODE_1269_length_885_cov_0.727723	95.83		True
CONTIG	NODE_1269_length_885_cov_0.727723	885	misassembled
CONTIG	NODE_1270_length_884_cov_1.033457	884	unaligned
CONTIG	NODE_1271_length_883_cov_0.981413	883	unaligned
CONTIG	NODE_1272_length_883_cov_0.625310	883	unaligned
1402	1596	31	225	lcl_CM027385.1_cds_KAF9587597.1_39455	NODE_1273_length_882_cov_1.126708	100.0		True
CONTIG	NODE_1273_length_882_cov_1.126708	882	correct_unaligned
CONTIG	NODE_1274_length_881_cov_0.740373	881	unaligned
CONTIG	NODE_1275_length_881_cov_1.038557	881	unaligned
CONTIG	NODE_1276_length_880_cov_1.282690	880	unaligned
CONTIG	NODE_1277_length_880_cov_0.723537	880	unaligned
CONTIG	NODE_1278_length_877_cov_0.557908	877	unaligned
CONTIG	NODE_1279_length_871_cov_3.334165	871	unaligned
CONTIG	NODE_1280_length_879_cov_1.413965	879	unaligned
225	450	654	879	lcl_CM027377.1_cds_KAF9623623.1_2770	NODE_1281_length_879_cov_0.647132	99.12		True
CONTIG	NODE_1281_length_879_cov_0.647132	879	correct_unaligned
74	530	24	480	lcl_CM027385.1_cds_KAF9587719.1_38724	NODE_1282_length_878_cov_1.790262	97.81		True
CONTIG	NODE_1282_length_878_cov_1.790262	878	correct
CONTIG	NODE_1283_length_878_cov_1.023720	878	unaligned
158	289	362	231	lcl_CM027379.1_cds_KAF9617326.1_9853	NODE_1284_length_878_cov_1.017478	97.73		True
unknown
1	148	425	572	lcl_CM027384.1_cds_KAF9594459.1_34314	NODE_1284_length_878_cov_1.017478	95.95		True
unknown
CONTIG	NODE_1284_length_878_cov_1.017478	878	mis_unaligned
530	1251	149	870	lcl_CM027377.1_cds_KAF9624499.1_3429	NODE_1285_length_879_cov_0.841448	95.15		True
CONTIG	NODE_1285_length_879_cov_0.841448	879	correct
CONTIG	NODE_1286_length_878_cov_0.329588	878	unaligned
CONTIG	NODE_1287_length_877_cov_2.383750	877	unaligned
CONTIG	NODE_1288_length_875_cov_1.725564	875	unaligned
CONTIG	NODE_1289_length_875_cov_0.705514	875	unaligned
CONTIG	NODE_1290_length_874_cov_19.124216	874	unaligned
CONTIG	NODE_1291_length_874_cov_1.737767	874	unaligned
CONTIG	NODE_1292_length_874_cov_1.155583	874	unaligned
CONTIG	NODE_1293_length_874_cov_0.658720	874	unaligned
857	1023	557	391	lcl_CM027378.1_cds_KAF9619639.1_8520	NODE_1294_length_874_cov_0.557089	96.41		True
CONTIG	NODE_1294_length_874_cov_0.557089	874	correct
CONTIG	NODE_1295_length_873_cov_1.559045	873	unaligned
CONTIG	NODE_1296_length_873_cov_1.497487	873	unaligned
CONTIG	NODE_1297_length_873_cov_0.888191	873	unaligned
CONTIG	NODE_1298_length_873_cov_0.538945	873	unaligned
CONTIG	NODE_1299_length_871_cov_13.573585	871	unaligned
CONTIG	NODE_1300_length_871_cov_7.626415	871	unaligned
CONTIG	NODE_1301_length_872_cov_0.825157	872	unaligned
CONTIG	NODE_1302_length_866_cov_0.668766	866	unaligned
CONTIG	NODE_1303_length_869_cov_1.278689	869	unaligned
CONTIG	NODE_1304_length_870_cov_0.902900	870	unaligned
CONTIG	NODE_1305_length_870_cov_0.548550	870	unaligned
CONTIG	NODE_1306_length_869_cov_1.106061	869	unaligned
552	646	1	95	lcl_CM027379.1_cds_KAF9614069.1_12567	NODE_1307_length_869_cov_0.758838	98.95		True
CONTIG	NODE_1307_length_869_cov_0.758838	869	correct_unaligned
CONTIG	NODE_1308_length_869_cov_0.753788	869	unaligned
CONTIG	NODE_1309_length_868_cov_3.448799	868	unaligned
CONTIG	NODE_1310_length_868_cov_1.022756	868	unaligned
298	399	627	526	lcl_CM027378.1_cds_KAF9619658.1_8531	NODE_1311_length_868_cov_0.611884	99.02		True
CONTIG	NODE_1311_length_868_cov_0.611884	868	correct_unaligned
502	576	655	581	lcl_CM027382.1_cds_KAF9601281.1_22882	NODE_1312_length_867_cov_1.191139	100.0		True
CONTIG	NODE_1312_length_867_cov_1.191139	867	correct_unaligned
CONTIG	NODE_1313_length_867_cov_0.516456	867	unaligned
CONTIG	NODE_1314_length_867_cov_0.512658	867	unaligned
CONTIG	NODE_1315_length_866_cov_1.665399	866	unaligned
CONTIG	NODE_1316_length_866_cov_0.929024	866	unaligned
CONTIG	NODE_1317_length_865_cov_0.959391	865	unaligned
CONTIG	NODE_1318_length_865_cov_0.583756	865	unaligned
CONTIG	NODE_1319_length_865_cov_0.496193	865	unaligned
CONTIG	NODE_1320_length_865_cov_0.370558	865	unaligned
CONTIG	NODE_1321_length_864_cov_0.795426	864	unaligned
CONTIG	NODE_1322_length_864_cov_0.650572	864	unaligned
CONTIG	NODE_1323_length_863_cov_2.109415	863	unaligned
1	190	502	691	lcl_CM027385.1_cds_KAF9590641.1_37005	NODE_1324_length_863_cov_1.417303	99.47		True
unknown
1	201	604	804	lcl_CM027385.1_cds_KAF9588810.1_37870	NODE_1324_length_863_cov_1.417303	98.51		True
unknown
CONTIG	NODE_1324_length_863_cov_1.417303	863	mis_unaligned
CONTIG	NODE_1325_length_862_cov_6.124841	862	unaligned
CONTIG	NODE_1326_length_862_cov_1.187261	862	unaligned
CONTIG	NODE_1327_length_862_cov_0.653503	862	unaligned
CONTIG	NODE_1328_length_862_cov_0.570701	862	unaligned
CONTIG	NODE_1329_length_862_cov_0.566879	862	unaligned
1325	1836	511	1	lcl_CM027377.1_cds_KAF9623585.1_647	NODE_1330_length_861_cov_0.864796	97.46		True
CONTIG	NODE_1330_length_861_cov_0.864796	861	correct
CONTIG	NODE_1331_length_861_cov_0.786990	861	unaligned
CONTIG	NODE_1332_length_860_cov_1.812261	860	unaligned
CONTIG	NODE_1333_length_860_cov_1.639847	860	unaligned
65	175	785	675	lcl_CM027380.1_cds_KAF9610092.1_18931	NODE_1334_length_860_cov_0.913155	99.1		True
CONTIG	NODE_1334_length_860_cov_0.913155	860	correct_unaligned
CONTIG	NODE_1335_length_860_cov_0.708812	860	unaligned
CONTIG	NODE_1336_length_859_cov_1.140665	859	unaligned
790	1023	705	463	lcl_CM027383.1_cds_KAF9599460.1_31225	NODE_1337_length_859_cov_0.801790	95.47		True
CONTIG	NODE_1337_length_859_cov_0.801790	859	correct
CONTIG	NODE_1338_length_855_cov_5.398207	855	unaligned
CONTIG	NODE_1339_length_858_cov_1.495519	858	unaligned
CONTIG	NODE_1340_length_858_cov_1.457106	858	unaligned
145	793	705	57	lcl_CM027377.1_cds_KAF9624334.1_2685	NODE_1341_length_858_cov_0.558259	95.99		True
CONTIG	NODE_1341_length_858_cov_0.558259	858	correct
215	397	389	571	lcl_CM027383.1_cds_KAF9598937.1_28252	NODE_1342_length_858_cov_0.540333	96.72		True
CONTIG	NODE_1342_length_858_cov_0.540333	858	correct
CONTIG	NODE_1343_length_855_cov_0.477593	855	unaligned
CONTIG	NODE_1344_length_858_cov_0.453265	858	unaligned
CONTIG	NODE_1345_length_857_cov_1.119231	857	unaligned
197	1044	1	857	lcl_CM027382.1_cds_KAF9599962.1_24212	NODE_1346_length_857_cov_0.769231	96.5		True
CONTIG	NODE_1346_length_857_cov_0.769231	857	correct
CONTIG	NODE_1347_length_857_cov_0.589744	857	unaligned
CONTIG	NODE_1348_length_857_cov_0.550000	857	unaligned
CONTIG	NODE_1349_length_856_cov_2.370988	856	unaligned
CONTIG	NODE_1350_length_856_cov_1.405648	856	unaligned
CONTIG	NODE_1351_length_856_cov_0.815148	856	unaligned
122	449	345	18	lcl_CM027379.1_cds_KAF9615870.1_9678	NODE_1352_length_855_cov_0.762516	95.43		True
CONTIG	NODE_1352_length_855_cov_0.762516	855	correct_unaligned
CONTIG	NODE_1353_length_856_cov_0.747112	856	unaligned
247	404	505	348	lcl_CM027382.1_cds_KAF9600028.1_26221	NODE_1354_length_855_cov_1.634961	98.73		True
unknown
112	246	715	581	lcl_CM027382.1_cds_KAF9600028.1_26221	NODE_1354_length_855_cov_1.634961	98.52		True
unknown
CONTIG	NODE_1354_length_855_cov_1.634961	855	mis_unaligned
1108	1342	519	285	lcl_CM027380.1_cds_KAF9611391.1_14951	NODE_1355_length_855_cov_1.489717	97.45		True
CONTIG	NODE_1355_length_855_cov_1.489717	855	correct
CONTIG	NODE_1356_length_855_cov_0.820051	855	unaligned
CONTIG	NODE_1357_length_855_cov_0.679949	855	unaligned
CONTIG	NODE_1358_length_855_cov_0.482005	855	unaligned
CONTIG	NODE_1359_length_852_cov_1.069498	852	unaligned
CONTIG	NODE_1360_length_854_cov_0.846847	854	unaligned
CONTIG	NODE_1361_length_854_cov_0.760618	854	unaligned
CONTIG	NODE_1362_length_852_cov_0.892903	852	unaligned
321	640	319	1	lcl_CM027378.1_cds_KAF9618779.1_6402	NODE_1363_length_852_cov_0.712258	95.62		True
CONTIG	NODE_1363_length_852_cov_0.712258	852	correct_unaligned
187	330	852	709	lcl_CM027379.1_cds_KAF9612561.1_12816	NODE_1364_length_852_cov_0.552258	100.0		True
CONTIG	NODE_1364_length_852_cov_0.552258	852	correct_unaligned
CONTIG	NODE_1365_length_850_cov_1.294955	850	unaligned
CONTIG	NODE_1366_length_850_cov_1.291074	850	unaligned
CONTIG	NODE_1367_length_850_cov_1.116429	850	unaligned
CONTIG	NODE_1368_length_850_cov_0.526520	850	unaligned
CONTIG	NODE_1369_length_850_cov_0.417853	850	unaligned
CONTIG	NODE_1370_length_849_cov_0.558290	849	unaligned
CONTIG	NODE_1371_length_848_cov_1.343709	848	unaligned
CONTIG	NODE_1372_length_848_cov_0.946822	848	unaligned
CONTIG	NODE_1373_length_848_cov_0.927367	848	unaligned
CONTIG	NODE_1374_length_848_cov_0.649805	848	unaligned
CONTIG	NODE_1375_length_848_cov_0.601816	848	unaligned
CONTIG	NODE_1376_length_848_cov_0.578470	848	unaligned
305	413	338	446	lcl_CM027380.1_cds_KAF9612229.1_15750	NODE_1377_length_847_cov_1.171429	100.0		True
CONTIG	NODE_1377_length_847_cov_1.171429	847	correct
CONTIG	NODE_1378_length_845_cov_1.100130	845	unaligned
592	772	201	381	lcl_CM027377.1_cds_KAF9623663.1_3362	NODE_1379_length_846_cov_0.508453	96.13		True
CONTIG	NODE_1379_length_846_cov_0.508453	846	correct
CONTIG	NODE_1380_length_845_cov_6.274740	845	unaligned
CONTIG	NODE_1381_length_845_cov_1.901042	845	unaligned
CONTIG	NODE_1382_length_844_cov_2.750978	844	unaligned
CONTIG	NODE_1383_length_844_cov_2.627119	844	unaligned
CONTIG	NODE_1384_length_844_cov_0.559322	844	unaligned
CONTIG	NODE_1385_length_844_cov_0.529335	844	unaligned
CONTIG	NODE_1386_length_843_cov_0.718016	843	unaligned
661	1091	431	1	lcl_CM027384.1_cds_KAF9593594.1_33483	NODE_1387_length_842_cov_0.674935	96.06		True
CONTIG	NODE_1387_length_842_cov_0.674935	842	correct
1005	1116	493	382	lcl_CM027379.1_cds_KAF9612888.1_10108	NODE_1388_length_843_cov_0.577023	96.43		True
unknown
428	602	769	595	lcl_CM027378.1_cds_KAF9620538.1_3985	NODE_1388_length_843_cov_0.577023	98.86		True
unknown
CONTIG	NODE_1388_length_843_cov_0.577023	843	mis_unaligned
CONTIG	NODE_1389_length_843_cov_0.567885	843	unaligned
CONTIG	NODE_1390_length_842_cov_1.115033	842	unaligned
CONTIG	NODE_1391_length_842_cov_0.610458	842	unaligned
CONTIG	NODE_1392_length_841_cov_0.543194	841	unaligned
542	690	710	562	lcl_CM027385.1_cds_KAF9590039.1_37264	NODE_1393_length_840_cov_1.377457	99.33		True
CONTIG	NODE_1393_length_840_cov_1.377457	840	correct_unaligned
281	408	128	1	lcl_CM027382.1_cds_KAF9602694.1_25692	NODE_1394_length_840_cov_1.119266	96.88		True
unknown
13	280	477	210	lcl_CM027382.1_cds_KAF9602694.1_25692	NODE_1394_length_840_cov_1.119266	98.13		True
unknown
CONTIG	NODE_1394_length_840_cov_1.119266	840	mis_unaligned
104	421	839	522	lcl_CM027378.1_cds_KAF9621626.1_7229	NODE_1395_length_839_cov_0.771654	99.69		True
CONTIG	NODE_1395_length_839_cov_0.771654	839	correct_unaligned
CONTIG	NODE_1396_length_839_cov_0.748031	839	unaligned
CONTIG	NODE_1397_length_839_cov_0.698163	839	unaligned
CONTIG	NODE_1398_length_838_cov_1.671485	838	unaligned
CONTIG	NODE_1399_length_838_cov_0.992116	838	unaligned
CONTIG	NODE_1400_length_836_cov_1.534914	836	unaligned
CONTIG	NODE_1401_length_836_cov_1.281950	836	unaligned
167	354	130	317	lcl_CM027381.1_cds_KAF9605886.1_22124	NODE_1402_length_836_cov_1.038208	100.0		True
CONTIG	NODE_1402_length_836_cov_1.038208	836	correct_unaligned
820	985	837	672	lcl_CM027383.1_cds_KAF9598995.1_29073	NODE_1403_length_837_cov_0.586298	95.18		True
CONTIG	NODE_1403_length_837_cov_0.586298	837	correct_unaligned
CONTIG	NODE_1404_length_836_cov_0.534914	836	unaligned
CONTIG	NODE_1405_length_835_cov_1.813984	835	unaligned
CONTIG	NODE_1406_length_835_cov_1.087071	835	unaligned
859	1566	749	42	lcl_CM027384.1_cds_KAF9592109.1_33618	NODE_1407_length_835_cov_0.973615	99.15		True
CONTIG	NODE_1407_length_835_cov_0.973615	835	correct
CONTIG	NODE_1408_length_834_cov_0.795515	834	unaligned
CONTIG	NODE_1409_length_835_cov_0.558047	835	unaligned
1997	2181	605	789	lcl_CM027384.1_cds_KAF9591864.1_31636	NODE_1410_length_834_cov_0.850727	100.0		True
CONTIG	NODE_1410_length_834_cov_0.850727	834	correct_unaligned
CONTIG	NODE_1411_length_830_cov_0.705416	830	unaligned
CONTIG	NODE_1412_length_833_cov_1.505291	833	unaligned
348	588	3	245	lcl_CM027381.1_cds_KAF9607103.1_19292	NODE_1413_length_833_cov_0.808201	97.12		True
translocation
2	360	450	808	lcl_CM027378.1_cds_KAF9622006.1_8448	NODE_1413_length_833_cov_0.808201	97.22		True
CONTIG	NODE_1413_length_833_cov_0.808201	833	misassembled
CONTIG	NODE_1414_length_828_cov_0.928477	828	unaligned
CONTIG	NODE_1415_length_832_cov_0.621192	832	unaligned
CONTIG	NODE_1416_length_831_cov_1.936340	831	unaligned
CONTIG	NODE_1417_length_831_cov_0.919098	831	unaligned
CONTIG	NODE_1418_length_831_cov_0.710875	831	unaligned
CONTIG	NODE_1419_length_831_cov_0.480106	831	unaligned
CONTIG	NODE_1420_length_829_cov_0.697211	829	unaligned
1	92	301	210	lcl_CM027381.1_cds_KAF9607432.1_21307	NODE_1421_length_830_cov_0.585657	98.91		True
unknown
350	513	764	602	lcl_CM027383.1_cds_KAF9597072.1_28847	NODE_1421_length_830_cov_0.585657	95.12		True
unknown
CONTIG	NODE_1421_length_830_cov_0.585657	830	mis_unaligned
CONTIG	NODE_1422_length_829_cov_1.240691	829	unaligned
163	336	656	829	lcl_CM027380.1_cds_KAF9611707.1_18988	NODE_1423_length_829_cov_1.179521	97.7		True
CONTIG	NODE_1423_length_829_cov_1.179521	829	correct_unaligned
CONTIG	NODE_1424_length_829_cov_1.103723	829	unaligned
CONTIG	NODE_1425_length_829_cov_0.780585	829	unaligned
CONTIG	NODE_1426_length_828_cov_0.587766	828	unaligned
890	1451	779	207	lcl_CM027384.1_cds_KAF9592082.1_34701	NODE_1427_length_828_cov_1.166445	95.11		True
CONTIG	NODE_1427_length_828_cov_1.166445	828	correct
CONTIG	NODE_1428_length_815_cov_0.892144	815	unaligned
CONTIG	NODE_1429_length_827_cov_1.005333	827	unaligned
305	400	493	398	lcl_CM027382.1_cds_KAF9602495.1_26874	NODE_1430_length_827_cov_0.690667	97.92		True
unknown
1	172	827	656	lcl_CM027384.1_cds_KAF9594422.1_34350	NODE_1430_length_827_cov_0.690667	98.84		True
unknown
CONTIG	NODE_1430_length_827_cov_0.690667	827	mis_unaligned
CONTIG	NODE_1431_length_827_cov_0.529333	827	unaligned
CONTIG	NODE_1432_length_826_cov_1.730307	826	unaligned
CONTIG	NODE_1433_length_826_cov_1.440587	826	unaligned
CONTIG	NODE_1434_length_826_cov_0.710280	826	unaligned
CONTIG	NODE_1435_length_825_cov_2.342246	825	unaligned
CONTIG	NODE_1436_length_824_cov_0.647059	824	unaligned
CONTIG	NODE_1437_length_822_cov_1.148594	822	unaligned
CONTIG	NODE_1438_length_825_cov_0.834003	825	unaligned
CONTIG	NODE_1439_length_824_cov_0.689424	824	unaligned
CONTIG	NODE_1440_length_824_cov_0.673360	824	unaligned
CONTIG	NODE_1441_length_824_cov_0.630522	824	unaligned
41	317	499	769	lcl_CM027380.1_cds_KAF9611758.1_19029	NODE_1442_length_824_cov_0.506024	95.67		True
CONTIG	NODE_1442_length_824_cov_0.506024	824	correct
CONTIG	NODE_1443_length_824_cov_0.495315	824	unaligned
CONTIG	NODE_1444_length_822_cov_13.130027	822	unaligned
CONTIG	NODE_1445_length_823_cov_1.713137	823	unaligned
209	310	823	722	lcl_CM027382.1_cds_KAF9602706.1_25679	NODE_1446_length_823_cov_1.639410	97.06		True
CONTIG	NODE_1446_length_823_cov_1.639410	823	correct_unaligned
647	744	768	670	lcl_CM027385.1_cds_KAF9589719.1_36735	NODE_1447_length_823_cov_0.652815	97.98		True
CONTIG	NODE_1447_length_823_cov_0.652815	823	correct_unaligned
CONTIG	NODE_1448_length_822_cov_1.530201	822	unaligned
CONTIG	NODE_1449_length_822_cov_1.461745	822	unaligned
266	412	37	181	lcl_CM027384.1_cds_KAF9594116.1_34771	NODE_1450_length_822_cov_1.065772	95.24		True
CONTIG	NODE_1450_length_822_cov_1.065772	822	correct_unaligned
2444	2632	585	773	lcl_CM027385.1_cds_KAF9587660.1_39389	NODE_1451_length_822_cov_0.739597	100.0		True
CONTIG	NODE_1451_length_822_cov_0.739597	822	correct_unaligned
CONTIG	NODE_1452_length_822_cov_0.523490	822	unaligned
79	159	234	314	lcl_CM027379.1_cds_KAF9614247.1_10972	NODE_1453_length_821_cov_1.081989	100.0		True
CONTIG	NODE_1453_length_821_cov_1.081989	821	correct_unaligned
1342	1458	4	120	lcl_CM027385.1_cds_KAF9590025.1_37279	NODE_1454_length_821_cov_1.061828	100.0		True
CONTIG	NODE_1454_length_821_cov_1.061828	821	correct_unaligned
CONTIG	NODE_1455_length_821_cov_0.982527	821	unaligned
CONTIG	NODE_1456_length_821_cov_0.850806	821	unaligned
CONTIG	NODE_1457_length_821_cov_0.767473	821	unaligned
CONTIG	NODE_1458_length_821_cov_0.642473	821	unaligned
CONTIG	NODE_1459_length_821_cov_0.602151	821	unaligned
CONTIG	NODE_1460_length_820_cov_49.952894	820	unaligned
CONTIG	NODE_1461_length_820_cov_2.931359	820	unaligned
CONTIG	NODE_1462_length_820_cov_1.032301	820	unaligned
CONTIG	NODE_1463_length_820_cov_0.963661	820	unaligned
178	371	255	62	lcl_CM027379.1_cds_KAF9617459.1_11513	NODE_1464_length_820_cov_0.768506	97.42		True
CONTIG	NODE_1464_length_820_cov_0.768506	820	correct_unaligned
CONTIG	NODE_1465_length_819_cov_0.644205	819	unaligned
CONTIG	NODE_1466_length_819_cov_0.630728	819	unaligned
CONTIG	NODE_1467_length_818_cov_1.357625	818	unaligned
475	568	492	587	lcl_CM027379.1_cds_KAF9612680.1_9814	NODE_1468_length_816_cov_0.614035	96.88		True
CONTIG	NODE_1468_length_816_cov_0.614035	816	correct
CONTIG	NODE_1469_length_817_cov_1.363514	817	unaligned
CONTIG	NODE_1470_length_816_cov_1.343243	816	unaligned
CONTIG	NODE_1471_length_817_cov_0.986486	817	unaligned
CONTIG	NODE_1472_length_816_cov_1.382950	816	unaligned
2220	2871	56	707	lcl_JADFTS010000061.1_cds_KAF9586936.1_39555	NODE_1473_length_816_cov_0.852503	96.63		True
CONTIG	NODE_1473_length_816_cov_0.852503	816	correct
CONTIG	NODE_1474_length_815_cov_1.434959	815	unaligned
CONTIG	NODE_1475_length_814_cov_0.829268	814	unaligned
CONTIG	NODE_1476_length_811_cov_0.789973	811	unaligned
387	467	240	320	lcl_CM027379.1_cds_KAF9616141.1_13023	NODE_1477_length_815_cov_0.715447	100.0		True
CONTIG	NODE_1477_length_815_cov_0.715447	815	correct
CONTIG	NODE_1478_length_814_cov_0.607046	814	unaligned
CONTIG	NODE_1479_length_815_cov_0.584011	815	unaligned
CONTIG	NODE_1480_length_812_cov_5.932065	812	unaligned
955	1204	363	114	lcl_CM027380.1_cds_KAF9610912.1_16013	NODE_1481_length_813_cov_0.811141	100.0		True
translocation
1066	1238	620	449	lcl_CM027381.1_cds_KAF9606347.1_22378	NODE_1481_length_813_cov_0.811141	98.27		True
CONTIG	NODE_1481_length_813_cov_0.811141	813	misassembled
CONTIG	NODE_1482_length_813_cov_0.802989	813	unaligned
CONTIG	NODE_1483_length_813_cov_0.706522	813	unaligned
CONTIG	NODE_1484_length_813_cov_0.442935	813	unaligned
CONTIG	NODE_1485_length_812_cov_1.824490	812	unaligned
CONTIG	NODE_1486_length_819_cov_0.817687	819	unaligned
CONTIG	NODE_1487_length_812_cov_0.733333	812	unaligned
CONTIG	NODE_1488_length_812_cov_0.691156	812	unaligned
CONTIG	NODE_1489_length_812_cov_3.986376	812	unaligned
CONTIG	NODE_1490_length_811_cov_0.904632	811	unaligned
CONTIG	NODE_1491_length_809_cov_1.356071	809	unaligned
1325	1411	139	226	lcl_CM027380.1_cds_KAF9610701.1_17918	NODE_1492_length_810_cov_1.338336	98.86		True
CONTIG	NODE_1492_length_810_cov_1.338336	810	correct_unaligned
CONTIG	NODE_1493_length_810_cov_0.542974	810	unaligned
1	261	339	594	lcl_CM027380.1_cds_KAF9611019.1_16513	NODE_1494_length_809_cov_1.288251	95.02		True
CONTIG	NODE_1494_length_809_cov_1.288251	809	correct
1	363	447	809	lcl_CM027382.1_cds_KAF9603951.1_24292	NODE_1495_length_809_cov_0.904372	98.9		True
CONTIG	NODE_1495_length_809_cov_0.904372	809	correct
2559	2752	20	213	lcl_CM027383.1_cds_KAF9595875.1_31376	NODE_1496_length_809_cov_0.762295	97.94		True
local misassembly
2752	3027	511	786	lcl_CM027383.1_cds_KAF9595875.1_31376	NODE_1496_length_809_cov_0.762295	98.91		True
CONTIG	NODE_1496_length_809_cov_0.762295	809	correct
CONTIG	NODE_1497_length_808_cov_1.164159	808	unaligned
537	651	18	132	lcl_CM027379.1_cds_KAF9615812.1_12857	NODE_1498_length_808_cov_0.707250	97.39		True
CONTIG	NODE_1498_length_808_cov_0.707250	808	correct_unaligned
CONTIG	NODE_1499_length_807_cov_0.647945	807	unaligned
CONTIG	NODE_1500_length_807_cov_0.619178	807	unaligned
CONTIG	NODE_1501_length_806_cov_19.820302	806	unaligned
277	973	1	697	lcl_CM027383.1_cds_KAF9596339.1_30176	NODE_1502_length_806_cov_0.802469	99.57		True
CONTIG	NODE_1502_length_806_cov_0.802469	806	correct
CONTIG	NODE_1503_length_806_cov_0.639232	806	unaligned
CONTIG	NODE_1504_length_806_cov_0.620027	806	unaligned
CONTIG	NODE_1505_length_805_cov_1.704670	805	unaligned
1	143	128	271	lcl_CM027379.1_cds_KAF9613483.1_11268	NODE_1506_length_805_cov_1.403846	95.86		True
CONTIG	NODE_1506_length_805_cov_1.403846	805	correct_unaligned
592	690	805	707	lcl_CM027379.1_cds_KAF9616179.1_10233	NODE_1507_length_805_cov_1.228022	100.0		True
CONTIG	NODE_1507_length_805_cov_1.228022	805	correct_unaligned
CONTIG	NODE_1508_length_805_cov_0.693681	805	unaligned
CONTIG	NODE_1509_length_804_cov_0.929849	804	unaligned
573	661	18	108	lcl_CM027380.1_cds_KAF9610005.1_18837	NODE_1510_length_804_cov_0.744154	97.8		True
CONTIG	NODE_1510_length_804_cov_0.744154	804	correct_unaligned
CONTIG	NODE_1511_length_803_cov_1.904959	803	unaligned
541	1131	7	597	lcl_CM027378.1_cds_KAF9621913.1_8356	NODE_1512_length_803_cov_1.008264	98.48		True
translocation
432	510	724	646	lcl_CM027378.1_cds_KAF9618750.1_7352	NODE_1512_length_803_cov_1.008264	100.0		True
CONTIG	NODE_1512_length_803_cov_1.008264	803	misassembled
CONTIG	NODE_1513_length_803_cov_0.694215	803	unaligned
CONTIG	NODE_1514_length_803_cov_0.586777	803	unaligned
552	673	519	640	lcl_CM027384.1_cds_KAF9592576.1_35393	NODE_1515_length_802_cov_0.891034	100.0		True
CONTIG	NODE_1515_length_802_cov_0.891034	802	correct_unaligned
CONTIG	NODE_1516_length_802_cov_0.491034	802	unaligned
CONTIG	NODE_1517_length_801_cov_0.471724	801	unaligned
CONTIG	NODE_1518_length_801_cov_1.600829	801	unaligned
1	450	47	497	lcl_CM027385.1_cds_KAF9588562.1_36344	NODE_1519_length_800_cov_0.727901	97.12		True
CONTIG	NODE_1519_length_800_cov_0.727901	800	correct
561	679	801	683	lcl_CM027377.1_cds_KAF9624012.1_325	NODE_1520_length_801_cov_0.701657	97.48		True
CONTIG	NODE_1520_length_801_cov_0.701657	801	correct_unaligned
CONTIG	NODE_1521_length_800_cov_39.385892	800	unaligned
CONTIG	NODE_1522_length_800_cov_1.372061	800	unaligned
CONTIG	NODE_1523_length_800_cov_1.312586	800	unaligned
CONTIG	NODE_1524_length_800_cov_1.113416	800	unaligned
CONTIG	NODE_1525_length_800_cov_0.525588	800	unaligned
CONTIG	NODE_1526_length_799_cov_1.919668	799	unaligned
989	1299	166	475	lcl_CM027379.1_cds_KAF9614627.1_12668	NODE_1527_length_799_cov_1.254848	95.5		True
CONTIG	NODE_1527_length_799_cov_1.254848	799	correct
CONTIG	NODE_1528_length_798_cov_1.288488	798	unaligned
CONTIG	NODE_1529_length_798_cov_0.482663	798	unaligned
CONTIG	NODE_1530_length_798_cov_0.421637	798	unaligned
CONTIG	NODE_1531_length_797_cov_1.102778	797	unaligned
CONTIG	NODE_1532_length_796_cov_0.805285	796	unaligned
CONTIG	NODE_1533_length_797_cov_0.660640	797	unaligned
CONTIG	NODE_1534_length_795_cov_1.278552	795	unaligned
CONTIG	NODE_1535_length_795_cov_0.701950	795	unaligned
CONTIG	NODE_1536_length_795_cov_0.565460	795	unaligned
CONTIG	NODE_1537_length_794_cov_0.627615	794	unaligned
CONTIG	NODE_1538_length_793_cov_1.733240	793	unaligned
CONTIG	NODE_1539_length_793_cov_1.610335	793	unaligned
CONTIG	NODE_1540_length_793_cov_1.487430	793	unaligned
567	711	114	258	lcl_CM027379.1_cds_KAF9612756.1_12202	NODE_1541_length_793_cov_0.684358	97.24		True
CONTIG	NODE_1541_length_793_cov_0.684358	793	correct_unaligned
CONTIG	NODE_1542_length_792_cov_0.911888	792	unaligned
CONTIG	NODE_1543_length_792_cov_0.813986	792	unaligned
CONTIG	NODE_1544_length_792_cov_0.672727	792	unaligned
CONTIG	NODE_1545_length_792_cov_0.434965	792	unaligned
365	726	1	371	lcl_CM027384.1_cds_KAF9594796.1_33787	NODE_1546_length_791_cov_1.442577	95.69		True
CONTIG	NODE_1546_length_791_cov_1.442577	791	correct
CONTIG	NODE_1547_length_791_cov_1.439776	791	unaligned
CONTIG	NODE_1548_length_791_cov_0.883754	791	unaligned
CONTIG	NODE_1549_length_790_cov_0.665266	790	unaligned
671	774	445	342	lcl_JADFTS010000021.1_cds_KAF9587242.1_39788	NODE_1550_length_791_cov_0.634454	100.0		True
CONTIG	NODE_1550_length_791_cov_0.634454	791	correct
CONTIG	NODE_1551_length_790_cov_2.049088	790	unaligned
CONTIG	NODE_1552_length_790_cov_1.983170	790	unaligned
2085	2532	228	677	lcl_CM027381.1_cds_KAF9606030.1_21921	NODE_1553_length_790_cov_0.762973	97.12		True
CONTIG	NODE_1553_length_790_cov_0.762973	790	correct
CONTIG	NODE_1554_length_789_cov_0.687237	789	unaligned
CONTIG	NODE_1555_length_790_cov_0.598878	790	unaligned
CONTIG	NODE_1556_length_789_cov_1.537921	789	unaligned
CONTIG	NODE_1557_length_789_cov_1.154494	789	unaligned
75	141	357	423	lcl_CM027379.1_cds_KAF9614370.1_12104	NODE_1558_length_789_cov_0.692416	95.52		True
unknown
711	899	538	726	lcl_CM027377.1_cds_KAF9623210.1_2353	NODE_1558_length_789_cov_0.692416	95.24		True
unknown
CONTIG	NODE_1558_length_789_cov_0.692416	789	mis_unaligned
CONTIG	NODE_1559_length_789_cov_0.633427	789	unaligned
1618	1725	434	327	lcl_CM027378.1_cds_KAF9618776.1_6403	NODE_1560_length_789_cov_0.594101	99.07		True
unknown
421	510	461	549	lcl_CM027377.1_cds_KAF9626663.1_755	NODE_1560_length_789_cov_0.594101	95.56		True
unknown
CONTIG	NODE_1560_length_789_cov_0.594101	789	mis_unaligned
CONTIG	NODE_1561_length_789_cov_0.574438	789	unaligned
CONTIG	NODE_1562_length_787_cov_0.824191	787	unaligned
155	515	362	2	lcl_CM027383.1_cds_KAF9596609.1_30076	NODE_1563_length_788_cov_0.651195	98.61		True
translocation
42	216	637	465	lcl_CM027378.1_cds_KAF9618802.1_6374	NODE_1563_length_788_cov_0.651195	96.0		True
CONTIG	NODE_1563_length_788_cov_0.651195	788	misassembled
CONTIG	NODE_1564_length_788_cov_0.575246	788	unaligned
CONTIG	NODE_1565_length_787_cov_1.428169	787	unaligned
CONTIG	NODE_1566_length_787_cov_1.218310	787	unaligned
CONTIG	NODE_1567_length_787_cov_1.197183	787	unaligned
CONTIG	NODE_1568_length_786_cov_1.383639	786	unaligned
10	307	343	46	lcl_CM027381.1_cds_KAF9605775.1_20703	NODE_1569_length_786_cov_0.843441	95.33		True
CONTIG	NODE_1569_length_786_cov_0.843441	786	correct
1	317	460	776	lcl_CM027380.1_cds_KAF9610008.1_18833	NODE_1570_length_786_cov_0.674189	96.21		True
CONTIG	NODE_1570_length_786_cov_0.674189	786	correct
434	548	181	67	lcl_CM027377.1_cds_KAF9625950.1_3175	NODE_1571_length_786_cov_0.513399	98.26		True
CONTIG	NODE_1571_length_786_cov_0.513399	786	correct_unaligned
99	169	136	66	lcl_CM027378.1_cds_KAF9618657.1_6659	NODE_1572_length_785_cov_1.915254	98.59		True
CONTIG	NODE_1572_length_785_cov_1.915254	785	correct_unaligned
CONTIG	NODE_1573_length_785_cov_0.621469	785	unaligned
CONTIG	NODE_1574_length_784_cov_0.560734	784	unaligned
CONTIG	NODE_1575_length_784_cov_0.528996	784	unaligned
CONTIG	NODE_1576_length_783_cov_0.791785	783	unaligned
CONTIG	NODE_1577_length_783_cov_0.638810	783	unaligned
CONTIG	NODE_1578_length_783_cov_0.525496	783	unaligned
CONTIG	NODE_1579_length_782_cov_0.914894	782	unaligned
513	631	598	480	lcl_CM027384.1_cds_KAF9590987.1_33548	NODE_1580_length_782_cov_0.754610	99.16		True
CONTIG	NODE_1580_length_782_cov_0.754610	782	correct
CONTIG	NODE_1581_length_782_cov_0.587234	782	unaligned
CONTIG	NODE_1582_length_781_cov_0.734375	781	unaligned
CONTIG	NODE_1583_length_781_cov_0.640625	781	unaligned
CONTIG	NODE_1584_length_781_cov_0.487216	781	unaligned
CONTIG	NODE_1585_length_780_cov_0.731152	780	unaligned
CONTIG	NODE_1586_length_778_cov_0.691323	778	unaligned
CONTIG	NODE_1587_length_778_cov_1.342368	778	unaligned
CONTIG	NODE_1588_length_778_cov_0.883024	778	unaligned
CONTIG	NODE_1589_length_777_cov_1.981429	777	unaligned
CONTIG	NODE_1590_length_777_cov_1.968571	777	unaligned
CONTIG	NODE_1591_length_777_cov_1.231429	777	unaligned
1	622	124	745	lcl_CM027382.1_cds_KAF9602202.1_25272	NODE_1592_length_777_cov_0.780000	97.11		True
CONTIG	NODE_1592_length_777_cov_0.780000	777	correct
CONTIG	NODE_1593_length_777_cov_0.730000	777	unaligned
CONTIG	NODE_1594_length_777_cov_0.714286	777	unaligned
CONTIG	NODE_1595_length_776_cov_0.725322	776	unaligned
CONTIG	NODE_1596_length_776_cov_0.545064	776	unaligned
688	885	279	476	lcl_CM027382.1_cds_KAF9600520.1_25970	NODE_1597_length_776_cov_0.432046	95.45		True
CONTIG	NODE_1597_length_776_cov_0.432046	776	correct
CONTIG	NODE_1598_length_775_cov_0.795129	775	unaligned
CONTIG	NODE_1599_length_775_cov_0.733524	775	unaligned
209	324	775	660	lcl_CM027378.1_cds_KAF9618526.1_6524	NODE_1600_length_775_cov_0.673352	97.41		True
CONTIG	NODE_1600_length_775_cov_0.673352	775	correct_unaligned
262	355	97	4	lcl_CM027380.1_cds_KAF9610928.1_17617	NODE_1601_length_774_cov_1.606887	98.94		True
unknown
228	517	774	485	lcl_CM027384.1_cds_KAF9592845.1_32434	NODE_1601_length_774_cov_1.606887	97.93		True
unknown
CONTIG	NODE_1601_length_774_cov_1.606887	774	mis_unaligned
CONTIG	NODE_1602_length_774_cov_0.737446	774	unaligned
22	123	375	476	lcl_CM027383.1_cds_KAF9595392.1_28091	NODE_1603_length_774_cov_0.586801	100.0		True
CONTIG	NODE_1603_length_774_cov_0.586801	774	correct
CONTIG	NODE_1604_length_774_cov_0.560976	774	unaligned
CONTIG	NODE_1605_length_773_cov_1.182471	773	unaligned
CONTIG	NODE_1606_length_767_cov_0.630747	767	unaligned
CONTIG	NODE_1607_length_765_cov_0.606322	765	unaligned
CONTIG	NODE_1608_length_772_cov_1.589928	772	unaligned
CONTIG	NODE_1609_length_772_cov_1.470504	772	unaligned
CONTIG	NODE_1610_length_772_cov_1.322302	772	unaligned
CONTIG	NODE_1611_length_772_cov_0.840288	772	unaligned
CONTIG	NODE_1612_length_772_cov_0.787050	772	unaligned
CONTIG	NODE_1613_length_772_cov_0.572662	772	unaligned
CONTIG	NODE_1614_length_772_cov_0.528058	772	unaligned
519	677	376	218	lcl_CM027381.1_cds_KAF9606887.1_20318	NODE_1615_length_771_cov_0.642651	99.37		True
CONTIG	NODE_1615_length_771_cov_0.642651	771	correct
CONTIG	NODE_1616_length_771_cov_0.590778	771	unaligned
1714	1971	558	301	lcl_CM027382.1_cds_KAF9603853.1_24942	NODE_1617_length_765_cov_0.387608	96.9		True
CONTIG	NODE_1617_length_765_cov_0.387608	765	correct
CONTIG	NODE_1618_length_770_cov_26.746032	770	unaligned
CONTIG	NODE_1619_length_770_cov_15.037518	770	unaligned
CONTIG	NODE_1620_length_770_cov_2.210678	770	unaligned
CONTIG	NODE_1621_length_770_cov_1.554113	770	unaligned
CONTIG	NODE_1622_length_770_cov_0.858586	770	unaligned
63	205	1	143	lcl_CM027384.1_cds_KAF9594600.1_32621	NODE_1623_length_770_cov_0.826840	98.6		True
CONTIG	NODE_1623_length_770_cov_0.826840	770	correct_unaligned
CONTIG	NODE_1624_length_770_cov_0.750361	770	unaligned
CONTIG	NODE_1625_length_770_cov_0.526696	770	unaligned
CONTIG	NODE_1626_length_770_cov_0.505051	770	unaligned
CONTIG	NODE_1627_length_769_cov_0.748555	769	unaligned
CONTIG	NODE_1628_length_768_cov_1.535456	768	unaligned
196	310	114	1	lcl_CM027385.1_cds_KAF9588512.1_35909	NODE_1629_length_768_cov_0.714906	95.69		True
unknown
374	588	476	262	lcl_CM027378.1_cds_KAF9621036.1_5842	NODE_1629_length_768_cov_0.714906	97.21		True
unknown
CONTIG	NODE_1629_length_768_cov_0.714906	768	mis_unaligned
CONTIG	NODE_1630_length_768_cov_0.619392	768	unaligned
CONTIG	NODE_1631_length_767_cov_0.966667	767	unaligned
CONTIG	NODE_1632_length_767_cov_0.352174	767	unaligned
CONTIG	NODE_1633_length_766_cov_1.284470	766	unaligned
1157	1230	16	89	lcl_CM027381.1_cds_KAF9606086.1_22617	NODE_1634_length_766_cov_0.788099	100.0		True
CONTIG	NODE_1634_length_766_cov_0.788099	766	correct_unaligned
CONTIG	NODE_1635_length_765_cov_14.686047	765	unaligned
CONTIG	NODE_1636_length_765_cov_1.578488	765	unaligned
CONTIG	NODE_1637_length_765_cov_0.911337	765	unaligned
608	681	74	1	lcl_CM027383.1_cds_KAF9597949.1_29342	NODE_1638_length_765_cov_0.806686	98.65		True
unknown
507	607	228	128	lcl_CM027383.1_cds_KAF9597949.1_29342	NODE_1638_length_765_cov_0.806686	96.04		True
unknown
CONTIG	NODE_1638_length_765_cov_0.806686	765	mis_unaligned
CONTIG	NODE_1639_length_765_cov_0.793605	765	unaligned
CONTIG	NODE_1640_length_765_cov_0.760174	765	unaligned
CONTIG	NODE_1641_length_765_cov_0.431686	765	unaligned
CONTIG	NODE_1642_length_764_cov_2.352256	764	unaligned
CONTIG	NODE_1643_length_764_cov_0.943231	764	unaligned
CONTIG	NODE_1644_length_764_cov_0.758370	764	unaligned
CONTIG	NODE_1645_length_760_cov_0.609898	760	unaligned
CONTIG	NODE_1646_length_764_cov_0.375546	764	unaligned
290	949	660	1	lcl_CM027381.1_cds_KAF9606706.1_19770	NODE_1647_length_763_cov_0.655977	97.27		True
CONTIG	NODE_1647_length_763_cov_0.655977	763	correct
300	445	277	422	lcl_CM027381.1_cds_KAF9604646.1_20187	NODE_1648_length_763_cov_0.580175	95.89		True
CONTIG	NODE_1648_length_763_cov_0.580175	763	correct
CONTIG	NODE_1649_length_762_cov_1.668613	762	unaligned
CONTIG	NODE_1650_length_762_cov_0.884672	762	unaligned
CONTIG	NODE_1651_length_762_cov_0.842336	762	unaligned
CONTIG	NODE_1652_length_762_cov_0.675912	762	unaligned
CONTIG	NODE_1653_length_761_cov_1.521930	761	unaligned
CONTIG	NODE_1654_length_761_cov_1.340643	761	unaligned
CONTIG	NODE_1655_length_761_cov_1.035088	761	unaligned
334	415	761	680	lcl_CM027385.1_cds_KAF9590501.1_38573	NODE_1656_length_761_cov_0.959064	100.0		True
CONTIG	NODE_1656_length_761_cov_0.959064	761	correct_unaligned
CONTIG	NODE_1657_length_761_cov_0.738304	761	unaligned
CONTIG	NODE_1658_length_761_cov_0.668129	761	unaligned
CONTIG	NODE_1659_length_761_cov_0.486842	761	unaligned
CONTIG	NODE_1660_length_760_cov_1.430454	760	unaligned
58	125	205	272	lcl_CM027380.1_cds_KAF9610736.1_17986	NODE_1661_length_760_cov_0.670571	100.0		True
CONTIG	NODE_1661_length_760_cov_0.670571	760	correct
CONTIG	NODE_1662_length_760_cov_0.661786	760	unaligned
1728	1959	251	26	lcl_CM027378.1_cds_KAF9620721.1_7492	NODE_1663_length_759_cov_0.803519	95.69		True
local misassembly
1519	1730	662	450	lcl_CM027378.1_cds_KAF9620721.1_7492	NODE_1663_length_759_cov_0.803519	98.12		True
CONTIG	NODE_1663_length_759_cov_0.803519	759	correct
CONTIG	NODE_1664_length_759_cov_0.560117	759	unaligned
141	255	759	645	lcl_CM027378.1_cds_KAF9622830.1_7866	NODE_1665_length_759_cov_0.536657	100.0		True
CONTIG	NODE_1665_length_759_cov_0.536657	759	correct_unaligned
CONTIG	NODE_1666_length_759_cov_0.524927	759	unaligned
CONTIG	NODE_1667_length_758_cov_1.500734	758	unaligned
270	654	401	17	lcl_CM027383.1_cds_KAF9596271.1_29370	NODE_1668_length_758_cov_0.991189	98.7		True
translocation
1	353	757	405	lcl_CM027377.1_cds_KAF9625882.1_2942	NODE_1668_length_758_cov_0.991189	97.17		True
CONTIG	NODE_1668_length_758_cov_0.991189	758	misassembled
CONTIG	NODE_1669_length_753_cov_0.533040	753	unaligned
64	136	77	5	lcl_CM027383.1_cds_KAF9596719.1_28884	NODE_1670_length_758_cov_0.456681	100.0		True
CONTIG	NODE_1670_length_758_cov_0.456681	758	correct_unaligned
CONTIG	NODE_1671_length_757_cov_2.327941	757	unaligned
CONTIG	NODE_1672_length_752_cov_1.145588	752	unaligned
594	771	1	178	lcl_CM027384.1_cds_KAF9594297.1_32392	NODE_1673_length_757_cov_1.120588	97.21		True
translocation
439	537	179	277	lcl_CM027380.1_cds_KAF9608636.1_15042	NODE_1673_length_757_cov_1.120588	98.12		True
indel: indel (> 5bp)
538	819	365	646	lcl_CM027380.1_cds_KAF9608636.1_15042	NODE_1673_length_757_cov_1.120588	97.87		True
CONTIG	NODE_1673_length_757_cov_1.120588	757	misassembled
CONTIG	NODE_1674_length_757_cov_0.610294	757	unaligned
CONTIG	NODE_1675_length_756_cov_0.510294	756	unaligned
CONTIG	NODE_1676_length_756_cov_2.150221	756	unaligned
CONTIG	NODE_1677_length_757_cov_1.324006	757	unaligned
CONTIG	NODE_1678_length_755_cov_0.879234	755	unaligned
209	628	1	420	lcl_CM027381.1_cds_KAF9607516.1_19495	NODE_1679_length_756_cov_0.630339	98.1		True
CONTIG	NODE_1679_length_756_cov_0.630339	756	correct
1438	1785	348	1	lcl_CM027379.1_cds_KAF9618017.1_13666	NODE_1680_length_756_cov_0.628866	98.39		True
translocation
1163	1566	752	349	lcl_CM027383.1_cds_KAF9597811.1_27779	NODE_1680_length_756_cov_0.628866	98.76		True
CONTIG	NODE_1680_length_756_cov_0.628866	756	misassembled
304	469	743	578	lcl_CM027385.1_cds_KAF9589719.1_36735	NODE_1681_length_755_cov_1.837758	98.19		True
CONTIG	NODE_1681_length_755_cov_1.837758	755	correct_unaligned
CONTIG	NODE_1682_length_755_cov_1.488201	755	unaligned
CONTIG	NODE_1683_length_755_cov_1.075221	755	unaligned
CONTIG	NODE_1684_length_755_cov_0.955752	755	unaligned
CONTIG	NODE_1685_length_755_cov_0.702065	755	unaligned
CONTIG	NODE_1686_length_754_cov_0.546529	754	unaligned
CONTIG	NODE_1687_length_754_cov_0.502216	754	unaligned
CONTIG	NODE_1688_length_753_cov_0.625740	753	unaligned
CONTIG	NODE_1689_length_753_cov_0.615385	753	unaligned
CONTIG	NODE_1690_length_752_cov_0.982222	752	unaligned
1380	1521	485	626	lcl_CM027385.1_cds_KAF9587613.1_39438	NODE_1691_length_751_cov_0.712593	97.18		True
CONTIG	NODE_1691_length_751_cov_0.712593	751	correct
CONTIG	NODE_1692_length_752_cov_0.631111	752	unaligned
CONTIG	NODE_1693_length_751_cov_0.530370	751	unaligned
CONTIG	NODE_1694_length_752_cov_0.522963	752	unaligned
CONTIG	NODE_1695_length_752_cov_0.450370	752	unaligned
59	288	109	338	lcl_CM027378.1_cds_KAF9619334.1_4255	NODE_1696_length_751_cov_1.370920	98.26		True
translocation
157	250	469	562	lcl_CM027378.1_cds_KAF9620330.1_3933	NODE_1696_length_751_cov_1.370920	96.81		True
translocation
379	467	663	751	lcl_CM027383.1_cds_KAF9596442.1_30900	NODE_1696_length_751_cov_1.370920	100.0		True
CONTIG	NODE_1696_length_751_cov_1.370920	751	misassembled
78	283	348	143	lcl_CM027377.1_cds_KAF9625516.1_1555	NODE_1697_length_751_cov_0.728487	97.57		True
CONTIG	NODE_1697_length_751_cov_0.728487	751	correct
1700	1923	508	731	lcl_CM027383.1_cds_KAF9595939.1_28183	NODE_1698_length_751_cov_0.698813	98.21		True
CONTIG	NODE_1698_length_751_cov_0.698813	751	correct_unaligned
CONTIG	NODE_1699_length_751_cov_0.467359	751	unaligned
1406	1494	89	1	lcl_CM027382.1_cds_KAF9599779.1_23067	NODE_1700_length_750_cov_0.939079	98.88		True
CONTIG	NODE_1700_length_750_cov_0.939079	750	correct_unaligned
CONTIG	NODE_1701_length_750_cov_0.624071	750	unaligned
CONTIG	NODE_1702_length_749_cov_1.739583	749	unaligned
CONTIG	NODE_1703_length_749_cov_1.514881	749	unaligned
345	467	668	546	lcl_CM027385.1_cds_KAF9590314.1_36436	NODE_1704_length_749_cov_1.157738	97.56		True
CONTIG	NODE_1704_length_749_cov_1.157738	749	correct_unaligned
CONTIG	NODE_1705_length_749_cov_0.922619	749	unaligned
CONTIG	NODE_1706_length_749_cov_0.861607	749	unaligned
483	671	561	749	lcl_CM027381.1_cds_KAF9607016.1_19085	NODE_1707_length_749_cov_0.794643	98.94		True
CONTIG	NODE_1707_length_749_cov_0.794643	749	correct_unaligned
CONTIG	NODE_1708_length_749_cov_0.778274	749	unaligned
CONTIG	NODE_1709_length_749_cov_0.635417	749	unaligned
CONTIG	NODE_1710_length_749_cov_0.626488	749	unaligned
CONTIG	NODE_1711_length_748_cov_0.522321	748	unaligned
CONTIG	NODE_1712_length_749_cov_0.386905	749	unaligned
CONTIG	NODE_1713_length_749_cov_0.334821	749	unaligned
188	390	203	1	lcl_CM027378.1_cds_KAF9621977.1_8421	NODE_1714_length_748_cov_1.123696	100.0		True
CONTIG	NODE_1714_length_748_cov_1.123696	748	correct_unaligned
CONTIG	NODE_1715_length_748_cov_1.113264	748	unaligned
CONTIG	NODE_1716_length_748_cov_0.697466	748	unaligned
672	976	668	364	lcl_CM027378.1_cds_KAF9622477.1_7561	NODE_1717_length_748_cov_0.675112	98.69		True
CONTIG	NODE_1717_length_748_cov_0.675112	748	correct
CONTIG	NODE_1718_length_747_cov_1.416418	747	unaligned
439	596	590	747	lcl_CM027379.1_cds_KAF9617479.1_11530	NODE_1719_length_747_cov_1.073134	100.0		True
CONTIG	NODE_1719_length_747_cov_1.073134	747	correct_unaligned
70	230	1	161	lcl_CM027382.1_cds_KAF9601397.1_25379	NODE_1720_length_747_cov_0.913433	97.96		True
translocation
46	523	162	640	lcl_CM027383.1_cds_KAF9598940.1_28256	NODE_1720_length_747_cov_0.913433	95.82		True
CONTIG	NODE_1720_length_747_cov_0.913433	747	misassembled
22	312	383	673	lcl_CM027385.1_cds_KAF9590260.1_36828	NODE_1721_length_747_cov_0.838806	95.19		True
CONTIG	NODE_1721_length_747_cov_0.838806	747	correct
CONTIG	NODE_1722_length_747_cov_0.770149	747	unaligned
CONTIG	NODE_1723_length_743_cov_0.643284	743	unaligned
CONTIG	NODE_1724_length_747_cov_0.622388	747	unaligned
CONTIG	NODE_1725_length_746_cov_0.834081	746	unaligned
CONTIG	NODE_1726_length_746_cov_0.753363	746	unaligned
CONTIG	NODE_1727_length_746_cov_0.745889	746	unaligned
CONTIG	NODE_1728_length_746_cov_0.645740	746	unaligned
CONTIG	NODE_1729_length_746_cov_0.624813	746	unaligned
CONTIG	NODE_1730_length_746_cov_0.557549	746	unaligned
CONTIG	NODE_1731_length_749_cov_0.520179	749	unaligned
CONTIG	NODE_1732_length_745_cov_2.233533	745	unaligned
1064	1548	1	485	lcl_CM027384.1_cds_KAF9594109.1_31765	NODE_1733_length_741_cov_1.516467	96.7		True
translocation
1378	1541	676	513	lcl_CM027383.1_cds_KAF9596869.1_27611	NODE_1733_length_741_cov_1.516467	97.56		True
CONTIG	NODE_1733_length_741_cov_1.516467	741	misassembled
475	590	1	116	lcl_CM027380.1_cds_KAF9610575.1_17656	NODE_1734_length_745_cov_1.157186	98.28		True
unknown
589	803	451	665	lcl_CM027380.1_cds_KAF9610575.1_17656	NODE_1734_length_745_cov_1.157186	97.21		True
unknown
CONTIG	NODE_1734_length_745_cov_1.157186	745	mis_unaligned
1	82	82	1	lcl_CM027380.1_cds_KAF9608620.1_16150	NODE_1735_length_743_cov_0.838323	97.56		True
CONTIG	NODE_1735_length_743_cov_0.838323	743	correct_unaligned
CONTIG	NODE_1736_length_743_cov_0.794910	743	unaligned
CONTIG	NODE_1737_length_745_cov_0.739521	745	unaligned
CONTIG	NODE_1738_length_744_cov_0.767616	744	unaligned
1229	1307	391	469	lcl_CM027380.1_cds_KAF9609764.1_15938	NODE_1739_length_744_cov_0.653673	97.47		True
CONTIG	NODE_1739_length_744_cov_0.653673	744	correct
CONTIG	NODE_1740_length_744_cov_0.514243	744	unaligned
CONTIG	NODE_1741_length_743_cov_6.546547	743	unaligned
CONTIG	NODE_1742_length_743_cov_2.178679	743	unaligned
CONTIG	NODE_1743_length_743_cov_1.593093	743	unaligned
CONTIG	NODE_1744_length_743_cov_1.483483	743	unaligned
967	1033	743	677	lcl_CM027379.1_cds_KAF9617519.1_13199	NODE_1745_length_743_cov_0.617117	100.0		True
CONTIG	NODE_1745_length_743_cov_0.617117	743	correct_unaligned
CONTIG	NODE_1746_length_742_cov_24.488722	742	unaligned
CONTIG	NODE_1747_length_741_cov_1.544361	741	unaligned
CONTIG	NODE_1748_length_742_cov_0.775940	742	unaligned
CONTIG	NODE_1749_length_742_cov_0.562406	742	unaligned
CONTIG	NODE_1750_length_741_cov_2.198795	741	unaligned
CONTIG	NODE_1751_length_741_cov_1.036145	741	unaligned
CONTIG	NODE_1752_length_741_cov_0.954819	741	unaligned
211	409	258	456	lcl_CM027377.1_cds_KAF9623420.1_62	NODE_1753_length_741_cov_0.772590	97.49		True
CONTIG	NODE_1753_length_741_cov_0.772590	741	correct
CONTIG	NODE_1754_length_740_cov_0.651584	740	unaligned
CONTIG	NODE_1755_length_736_cov_1.114804	736	unaligned
CONTIG	NODE_1756_length_739_cov_0.980363	739	unaligned
CONTIG	NODE_1757_length_739_cov_0.907855	739	unaligned
298	509	250	464	lcl_CM027381.1_cds_KAF9604625.1_21924	NODE_1758_length_739_cov_0.853474	97.67		True
CONTIG	NODE_1758_length_739_cov_0.853474	739	correct
5854	6041	446	633	lcl_CM027380.1_cds_KAF9611532.1_15559	NODE_1759_length_739_cov_0.847432	95.74		True
CONTIG	NODE_1759_length_739_cov_0.847432	739	correct
CONTIG	NODE_1760_length_738_cov_1.866868	738	unaligned
CONTIG	NODE_1761_length_738_cov_1.099849	738	unaligned
CONTIG	NODE_1762_length_738_cov_0.762481	738	unaligned
CONTIG	NODE_1763_length_731_cov_0.511346	731	unaligned
CONTIG	NODE_1764_length_737_cov_1.518182	737	unaligned
CONTIG	NODE_1765_length_737_cov_1.337879	737	unaligned
816	1227	119	530	lcl_CM027383.1_cds_KAF9596257.1_27369	NODE_1766_length_737_cov_0.777273	96.36		True
CONTIG	NODE_1766_length_737_cov_0.777273	737	correct
CONTIG	NODE_1767_length_732_cov_0.740909	732	unaligned
CONTIG	NODE_1768_length_737_cov_0.719697	737	unaligned
CONTIG	NODE_1769_length_737_cov_0.660606	737	unaligned
CONTIG	NODE_1770_length_741_cov_0.631818	741	unaligned
CONTIG	NODE_1771_length_737_cov_0.607576	737	unaligned
CONTIG	NODE_1772_length_724_cov_0.443939	724	unaligned
CONTIG	NODE_1773_length_735_cov_1.081942	735	unaligned
CONTIG	NODE_1774_length_735_cov_1.296353	735	unaligned
CONTIG	NODE_1775_length_735_cov_0.768997	735	unaligned
284	435	1	152	lcl_CM027383.1_cds_KAF9599173.1_27844	NODE_1776_length_735_cov_0.676292	96.15		True
translocation
946	1275	153	482	lcl_CM027377.1_cds_KAF9625599.1_374	NODE_1776_length_735_cov_0.676292	95.45		True
CONTIG	NODE_1776_length_735_cov_0.676292	735	misassembled
394	537	245	102	lcl_CM027384.1_cds_KAF9593590.1_33478	NODE_1777_length_735_cov_0.661094	96.53		True
CONTIG	NODE_1777_length_735_cov_0.661094	735	correct
CONTIG	NODE_1778_length_735_cov_0.618541	735	unaligned
CONTIG	NODE_1779_length_734_cov_1.881279	734	unaligned
CONTIG	NODE_1780_length_734_cov_0.957382	734	unaligned
1486	1566	454	534	lcl_CM027385.1_cds_KAF9590813.1_38773	NODE_1781_length_734_cov_0.796043	98.77		True
CONTIG	NODE_1781_length_734_cov_0.796043	734	correct
1	275	435	161	lcl_CM027382.1_cds_KAF9601598.1_22933	NODE_1782_length_734_cov_0.598174	98.18		True
CONTIG	NODE_1782_length_734_cov_0.598174	734	correct
CONTIG	NODE_1783_length_734_cov_0.579909	734	unaligned
148	264	296	180	lcl_CM027384.1_cds_KAF9594200.1_33974	NODE_1784_length_735_cov_0.491629	98.29		True
CONTIG	NODE_1784_length_735_cov_0.491629	735	correct
CONTIG	NODE_1785_length_734_cov_0.435312	734	unaligned
CONTIG	NODE_1786_length_733_cov_0.757622	733	unaligned
129	207	121	43	lcl_CM027379.1_cds_KAF9613757.1_11048	NODE_1787_length_733_cov_0.734756	100.0		True
CONTIG	NODE_1787_length_733_cov_0.734756	733	correct_unaligned
CONTIG	NODE_1788_length_733_cov_0.666159	733	unaligned
CONTIG	NODE_1789_length_731_cov_0.564024	731	unaligned
CONTIG	NODE_1790_length_731_cov_2.160305	731	unaligned
CONTIG	NODE_1791_length_732_cov_1.224427	732	unaligned
CONTIG	NODE_1792_length_732_cov_1.025954	732	unaligned
170	259	493	582	lcl_CM027379.1_cds_KAF9615862.1_12087	NODE_1793_length_732_cov_0.958779	98.89		True
CONTIG	NODE_1793_length_732_cov_0.958779	732	correct
CONTIG	NODE_1794_length_732_cov_0.766412	732	unaligned
CONTIG	NODE_1795_length_732_cov_0.725191	732	unaligned
CONTIG	NODE_1796_length_732_cov_0.593893	732	unaligned
CONTIG	NODE_1797_length_732_cov_0.537405	732	unaligned
1	123	473	595	lcl_CM027379.1_cds_KAF9614748.1_9657	NODE_1798_length_731_cov_1.339450	99.19		True
CONTIG	NODE_1798_length_731_cov_1.339450	731	correct
CONTIG	NODE_1799_length_731_cov_0.772171	731	unaligned
CONTIG	NODE_1800_length_731_cov_0.665138	731	unaligned
359	509	173	23	lcl_CM027384.1_cds_KAF9594654.1_34041	NODE_1801_length_731_cov_0.628440	99.34		True
indel: indel (> 5bp)
115	358	521	278	lcl_CM027384.1_cds_KAF9594654.1_34041	NODE_1801_length_731_cov_0.628440	97.54		True
CONTIG	NODE_1801_length_731_cov_0.628440	731	correct
360	480	697	577	lcl_CM027378.1_cds_KAF9619886.1_6271	NODE_1802_length_730_cov_0.886677	100.0		True
CONTIG	NODE_1802_length_730_cov_0.886677	730	correct_unaligned
CONTIG	NODE_1803_length_730_cov_0.620214	730	unaligned
CONTIG	NODE_1804_length_729_cov_1.141104	729	unaligned
971	1098	306	433	lcl_CM027377.1_cds_KAF9626164.1_1277	NODE_1805_length_729_cov_0.815951	100.0		True
CONTIG	NODE_1805_length_729_cov_0.815951	729	correct
168	330	371	533	lcl_CM027380.1_cds_KAF9607865.1_18209	NODE_1806_length_729_cov_0.800613	96.93		True
unknown
14	170	494	650	lcl_CM027379.1_cds_KAF9613749.1_11038	NODE_1806_length_729_cov_0.800613	98.09		True
unknown
CONTIG	NODE_1806_length_729_cov_0.800613	729	mis_unaligned
CONTIG	NODE_1807_length_729_cov_0.759202	729	unaligned
136	312	354	530	lcl_CM027378.1_cds_KAF9618714.1_7388	NODE_1808_length_729_cov_0.389571	97.74		True
CONTIG	NODE_1808_length_729_cov_0.389571	729	correct
CONTIG	NODE_1809_length_728_cov_9.276498	728	unaligned
435	628	486	293	lcl_CM027385.1_cds_KAF9590423.1_37807	NODE_1810_length_728_cov_0.870968	96.39		True
CONTIG	NODE_1810_length_728_cov_0.870968	728	correct
CONTIG	NODE_1811_length_728_cov_0.763441	728	unaligned
76	363	541	254	lcl_CM027377.1_cds_KAF9623316.1_1698	NODE_1812_length_728_cov_0.546851	97.57		True
CONTIG	NODE_1812_length_728_cov_0.546851	728	correct
CONTIG	NODE_1813_length_727_cov_2.395385	727	unaligned
CONTIG	NODE_1814_length_727_cov_1.906154	727	unaligned
CONTIG	NODE_1815_length_727_cov_1.101538	727	unaligned
10	122	722	610	lcl_CM027383.1_cds_KAF9597177.1_29947	NODE_1816_length_727_cov_0.833846	97.35		True
CONTIG	NODE_1816_length_727_cov_0.833846	727	correct_unaligned
CONTIG	NODE_1817_length_726_cov_0.823077	726	unaligned
CONTIG	NODE_1818_length_727_cov_0.463077	727	unaligned
CONTIG	NODE_1819_length_726_cov_2.024653	726	unaligned
300	402	392	290	lcl_CM027385.1_cds_KAF9588644.1_36594	NODE_1820_length_726_cov_1.277350	98.06		True
CONTIG	NODE_1820_length_726_cov_1.277350	726	correct
CONTIG	NODE_1821_length_726_cov_0.616333	726	unaligned
CONTIG	NODE_1822_length_726_cov_0.526965	726	unaligned
472	765	725	432	lcl_CM027385.1_cds_KAF9588210.1_36748	NODE_1823_length_725_cov_1.674383	100.0		True
CONTIG	NODE_1823_length_725_cov_1.674383	725	correct
706	854	166	18	lcl_CM027385.1_cds_KAF9589675.1_37708	NODE_1824_length_725_cov_1.296296	96.64		True
translocation
1154	1324	441	271	lcl_CM027380.1_cds_KAF9607781.1_16564	NODE_1824_length_725_cov_1.296296	95.32		True
translocation
1352	1531	725	546	lcl_CM027378.1_cds_KAF9622336.1_4414	NODE_1824_length_725_cov_1.296296	95.0		True
CONTIG	NODE_1824_length_725_cov_1.296296	725	misassembled
CONTIG	NODE_1825_length_725_cov_1.095679	725	unaligned
CONTIG	NODE_1826_length_725_cov_0.953704	725	unaligned
CONTIG	NODE_1827_length_725_cov_0.589506	725	unaligned
CONTIG	NODE_1828_length_724_cov_1.579598	724	unaligned
12	152	213	73	lcl_CM027380.1_cds_KAF9608495.1_14421	NODE_1829_length_724_cov_0.803709	97.87		True
CONTIG	NODE_1829_length_724_cov_0.803709	724	correct_unaligned
CONTIG	NODE_1830_length_724_cov_0.678516	724	unaligned
CONTIG	NODE_1831_length_723_cov_7.321981	723	unaligned
CONTIG	NODE_1832_length_723_cov_1.582043	723	unaligned
CONTIG	NODE_1833_length_723_cov_1.323529	723	unaligned
CONTIG	NODE_1834_length_723_cov_0.637771	723	unaligned
733	1266	559	26	lcl_CM027380.1_cds_KAF9611011.1_16518	NODE_1835_length_723_cov_0.620743	96.07		True
CONTIG	NODE_1835_length_723_cov_0.620743	723	correct
CONTIG	NODE_1836_length_723_cov_0.407121	723	unaligned
CONTIG	NODE_1837_length_723_cov_0.339009	723	unaligned
CONTIG	NODE_1838_length_721_cov_0.956589	721	unaligned
CONTIG	NODE_1839_length_722_cov_0.618605	722	unaligned
582	675	180	273	lcl_CM027378.1_cds_KAF9618176.1_5475	NODE_1840_length_722_cov_0.613953	97.87		True
CONTIG	NODE_1840_length_722_cov_0.613953	722	correct
CONTIG	NODE_1841_length_722_cov_0.508527	722	unaligned
CONTIG	NODE_1842_length_721_cov_0.995342	721	unaligned
1	137	265	401	lcl_CM027379.1_cds_KAF9614043.1_12597	NODE_1843_length_721_cov_0.975155	99.27		True
unknown
263	411	550	702	lcl_CM027379.1_cds_KAF9614043.1_12597	NODE_1843_length_721_cov_0.975155	96.08		True
unknown
CONTIG	NODE_1843_length_721_cov_0.975155	721	mis_unaligned
CONTIG	NODE_1844_length_721_cov_0.931677	721	unaligned
CONTIG	NODE_1845_length_721_cov_0.914596	721	unaligned
376	532	559	403	lcl_CM027383.1_cds_KAF9598707.1_28818	NODE_1846_length_720_cov_1.342146	98.09		True
CONTIG	NODE_1846_length_720_cov_1.342146	720	correct
CONTIG	NODE_1847_length_720_cov_0.972006	720	unaligned
154	249	593	688	lcl_CM027382.1_cds_KAF9602846.1_26030	NODE_1848_length_720_cov_0.754277	97.92		True
CONTIG	NODE_1848_length_720_cov_0.754277	720	correct_unaligned
310	1022	718	5	lcl_CM027383.1_cds_KAF9598603.1_30577	NODE_1849_length_718_cov_0.531882	97.06		True
CONTIG	NODE_1849_length_718_cov_0.531882	718	correct
CONTIG	NODE_1850_length_720_cov_0.530327	720	unaligned
CONTIG	NODE_1851_length_719_cov_1.263240	719	unaligned
1037	1302	304	40	lcl_CM027383.1_cds_KAF9597271.1_27327	NODE_1852_length_719_cov_0.795950	98.12		True
CONTIG	NODE_1852_length_719_cov_0.795950	719	correct
CONTIG	NODE_1853_length_719_cov_0.792835	719	unaligned
CONTIG	NODE_1854_length_719_cov_0.683801	719	unaligned
CONTIG	NODE_1855_length_719_cov_0.652648	719	unaligned
170	322	153	1	lcl_CM027378.1_cds_KAF9620914.1_5127	NODE_1856_length_719_cov_0.638629	99.35		True
unknown
31	168	497	362	lcl_CM027378.1_cds_KAF9620914.1_5127	NODE_1856_length_719_cov_0.638629	98.55		True
unknown
CONTIG	NODE_1856_length_719_cov_0.638629	719	mis_unaligned
CONTIG	NODE_1857_length_719_cov_0.562305	719	unaligned
CONTIG	NODE_1858_length_718_cov_2.691108	718	unaligned
CONTIG	NODE_1859_length_718_cov_1.826833	718	unaligned
CONTIG	NODE_1860_length_718_cov_1.772231	718	unaligned
CONTIG	NODE_1861_length_718_cov_0.829953	718	unaligned
1008	1219	507	718	lcl_CM027379.1_cds_KAF9617222.1_13990	NODE_1862_length_718_cov_0.789392	96.7		True
CONTIG	NODE_1862_length_718_cov_0.789392	718	correct_unaligned
1043	1124	414	495	lcl_CM027381.1_cds_KAF9604721.1_19848	NODE_1863_length_718_cov_0.656786	97.56		True
CONTIG	NODE_1863_length_718_cov_0.656786	718	correct
CONTIG	NODE_1864_length_718_cov_0.642746	718	unaligned
CONTIG	NODE_1865_length_717_cov_2.071875	717	unaligned
CONTIG	NODE_1866_length_717_cov_0.662500	717	unaligned
71	246	22	197	lcl_CM027384.1_cds_KAF9595281.1_32558	NODE_1867_length_717_cov_0.526563	96.59		True
CONTIG	NODE_1867_length_717_cov_0.526563	717	correct_unaligned
CONTIG	NODE_1868_length_717_cov_0.456250	717	unaligned
CONTIG	NODE_1869_length_716_cov_1.341158	716	unaligned
CONTIG	NODE_1870_length_716_cov_1.134585	716	unaligned
CONTIG	NODE_1871_length_716_cov_0.771518	716	unaligned
462	554	575	667	lcl_CM027384.1_cds_KAF9595082.1_35474	NODE_1872_length_717_cov_0.629108	96.77		True
CONTIG	NODE_1872_length_717_cov_0.629108	717	correct_unaligned
CONTIG	NODE_1873_length_715_cov_1.373041	715	unaligned
CONTIG	NODE_1874_length_715_cov_1.230408	715	unaligned
CONTIG	NODE_1875_length_715_cov_1.214734	715	unaligned
CONTIG	NODE_1876_length_715_cov_1.056426	715	unaligned
212	529	715	400	lcl_CM027377.1_cds_KAF9624198.1_858	NODE_1877_length_715_cov_1.020376	98.11		True
CONTIG	NODE_1877_length_715_cov_1.020376	715	correct
CONTIG	NODE_1878_length_715_cov_0.880878	715	unaligned
CONTIG	NODE_1879_length_715_cov_0.818182	715	unaligned
CONTIG	NODE_1880_length_715_cov_0.793103	715	unaligned
201	352	81	232	lcl_CM027385.1_cds_KAF9588042.1_36960	NODE_1881_length_715_cov_0.650470	96.05		True
CONTIG	NODE_1881_length_715_cov_0.650470	715	correct
CONTIG	NODE_1882_length_711_cov_0.589342	711	unaligned
64	704	713	72	lcl_CM027384.1_cds_KAF9594801.1_33779	NODE_1883_length_713_cov_0.962323	97.66		True
CONTIG	NODE_1883_length_713_cov_0.962323	713	correct
2038	2387	366	18	lcl_CM027379.1_cds_KAF9613776.1_12309	NODE_1884_length_714_cov_0.802198	95.43		True
translocation
459	545	505	419	lcl_CM027383.1_cds_KAF9596814.1_30349	NODE_1884_length_714_cov_0.802198	95.4		True
translocation
138	345	714	507	lcl_CM027380.1_cds_KAF9610535.1_17547	NODE_1884_length_714_cov_0.802198	99.52		True
CONTIG	NODE_1884_length_714_cov_0.802198	714	misassembled
CONTIG	NODE_1885_length_713_cov_2.410377	713	unaligned
453	591	307	168	lcl_CM027381.1_cds_KAF9606268.1_20561	NODE_1886_length_696_cov_1.674528	98.57		True
unknown
275	452	605	428	lcl_CM027381.1_cds_KAF9606268.1_20561	NODE_1886_length_696_cov_1.674528	97.19		True
unknown
CONTIG	NODE_1886_length_696_cov_1.674528	696	mis_unaligned
CONTIG	NODE_1887_length_713_cov_0.965409	713	unaligned
3	158	458	613	lcl_CM027380.1_cds_KAF9612229.1_15750	NODE_1888_length_713_cov_0.688679	100.0		True
CONTIG	NODE_1888_length_713_cov_0.688679	713	correct
CONTIG	NODE_1889_length_713_cov_0.581761	713	unaligned
CONTIG	NODE_1890_length_713_cov_0.567610	713	unaligned
CONTIG	NODE_1891_length_712_cov_1.111811	712	unaligned
CONTIG	NODE_1892_length_711_cov_1.231861	711	unaligned
360	498	252	114	lcl_CM027379.1_cds_KAF9616526.1_12410	NODE_1893_length_711_cov_0.826498	97.12		True
indel: indel (> 5bp)
295	359	387	323	lcl_CM027379.1_cds_KAF9616526.1_12410	NODE_1893_length_711_cov_0.826498	100.0		True
indel: indel (> 5bp)
86	294	671	463	lcl_CM027379.1_cds_KAF9616526.1_12410	NODE_1893_length_711_cov_0.826498	98.09		True
CONTIG	NODE_1893_length_711_cov_0.826498	711	correct
CONTIG	NODE_1894_length_711_cov_0.690852	711	unaligned
CONTIG	NODE_1895_length_710_cov_0.780411	710	unaligned
CONTIG	NODE_1896_length_710_cov_0.770932	710	unaligned
CONTIG	NODE_1897_length_710_cov_0.663507	710	unaligned
CONTIG	NODE_1898_length_710_cov_0.652449	710	unaligned
CONTIG	NODE_1899_length_710_cov_0.521327	710	unaligned
CONTIG	NODE_1900_length_709_cov_1.705696	709	unaligned
CONTIG	NODE_1901_length_709_cov_1.117089	709	unaligned
CONTIG	NODE_1902_length_709_cov_0.890823	709	unaligned
CONTIG	NODE_1903_length_709_cov_0.816456	709	unaligned
CONTIG	NODE_1904_length_709_cov_0.689873	709	unaligned
CONTIG	NODE_1905_length_709_cov_0.667722	709	unaligned
CONTIG	NODE_1906_length_709_cov_0.541139	709	unaligned
CONTIG	NODE_1907_length_708_cov_0.483360	708	unaligned
CONTIG	NODE_1908_length_705_cov_10.925397	705	unaligned
CONTIG	NODE_1909_length_707_cov_0.984127	707	unaligned
1	349	118	466	lcl_CM027379.1_cds_KAF9614986.1_10079	NODE_1910_length_707_cov_0.695238	95.7		True
CONTIG	NODE_1910_length_707_cov_0.695238	707	correct
CONTIG	NODE_1911_length_707_cov_0.595238	707	unaligned
CONTIG	NODE_1912_length_707_cov_0.587302	707	unaligned
CONTIG	NODE_1913_length_706_cov_2.089030	706	unaligned
CONTIG	NODE_1914_length_706_cov_1.508744	706	unaligned
CONTIG	NODE_1915_length_706_cov_1.133545	706	unaligned
437	1031	595	1	lcl_CM027383.1_cds_KAF9598151.1_29400	NODE_1916_length_706_cov_0.717011	95.8		True
CONTIG	NODE_1916_length_706_cov_0.717011	706	correct
CONTIG	NODE_1917_length_706_cov_0.670906	706	unaligned
CONTIG	NODE_1918_length_706_cov_0.608903	706	unaligned
CONTIG	NODE_1919_length_705_cov_11.219745	705	unaligned
CONTIG	NODE_1920_length_705_cov_0.812102	705	unaligned
514	621	285	177	lcl_CM027381.1_cds_KAF9606978.1_19125	NODE_1921_length_705_cov_0.722930	96.33		True
unknown
392	515	678	555	lcl_CM027381.1_cds_KAF9606978.1_19125	NODE_1921_length_705_cov_0.722930	98.39		True
unknown
CONTIG	NODE_1921_length_705_cov_0.722930	705	mis_unaligned
817	1031	216	2	lcl_CM027377.1_cds_KAF9623278.1_1659	NODE_1922_length_705_cov_0.718153	98.14		True
indel: indel (> 5bp)
398	816	699	281	lcl_CM027377.1_cds_KAF9623278.1_1659	NODE_1922_length_705_cov_0.718153	98.81		True
CONTIG	NODE_1922_length_705_cov_0.718153	705	correct
425	756	1	332	lcl_CM027384.1_cds_KAF9591191.1_33144	NODE_1923_length_705_cov_0.679936	96.08		True
CONTIG	NODE_1923_length_705_cov_0.679936	705	correct
CONTIG	NODE_1924_length_705_cov_0.646497	705	unaligned
CONTIG	NODE_1925_length_704_cov_0.934609	704	unaligned
CONTIG	NODE_1926_length_704_cov_0.867624	704	unaligned
CONTIG	NODE_1927_length_704_cov_0.617225	704	unaligned
CONTIG	NODE_1928_length_697_cov_2.789137	697	unaligned
CONTIG	NODE_1929_length_703_cov_1.421725	703	unaligned
CONTIG	NODE_1930_length_703_cov_1.060703	703	unaligned
CONTIG	NODE_1931_length_703_cov_0.873802	703	unaligned
CONTIG	NODE_1932_length_703_cov_0.851438	703	unaligned
CONTIG	NODE_1933_length_703_cov_0.768371	703	unaligned
CONTIG	NODE_1934_length_703_cov_0.603834	703	unaligned
CONTIG	NODE_1935_length_702_cov_1.686400	702	unaligned
CONTIG	NODE_1936_length_702_cov_1.144000	702	unaligned
CONTIG	NODE_1937_length_702_cov_0.980800	702	unaligned
CONTIG	NODE_1938_length_702_cov_0.848000	702	unaligned
48	187	244	383	lcl_CM027383.1_cds_KAF9597005.1_30414	NODE_1939_length_702_cov_0.771200	96.43		True
CONTIG	NODE_1939_length_702_cov_0.771200	702	correct
CONTIG	NODE_1940_length_702_cov_0.732800	702	unaligned
CONTIG	NODE_1941_length_702_cov_0.696000	702	unaligned
CONTIG	NODE_1942_length_702_cov_0.641600	702	unaligned
2879	2987	298	406	lcl_CM027381.1_cds_KAF9606709.1_19771	NODE_1943_length_702_cov_0.584000	96.33		True
unknown
2988	3187	502	701	lcl_CM027381.1_cds_KAF9606709.1_19771	NODE_1943_length_702_cov_0.584000	99.0		True
unknown
CONTIG	NODE_1943_length_702_cov_0.584000	702	mis_unaligned
CONTIG	NODE_1944_length_702_cov_0.552000	702	unaligned
667	970	465	162	lcl_CM027381.1_cds_KAF9607409.1_21328	NODE_1945_length_701_cov_1.245192	99.34		True
translocation
984	1205	701	480	lcl_CM027377.1_cds_KAF9625034.1_1124	NODE_1945_length_701_cov_1.245192	95.95		True
CONTIG	NODE_1945_length_701_cov_1.245192	701	misassembled
1233	1522	290	1	lcl_CM027384.1_cds_KAF9591090.1_32785	NODE_1946_length_701_cov_1.012821	98.65		True
local misassembly
449	856	698	291	lcl_CM027384.1_cds_KAF9591090.1_32785	NODE_1946_length_701_cov_1.012821	99.26		True
CONTIG	NODE_1946_length_701_cov_1.012821	701	correct
CONTIG	NODE_1947_length_701_cov_0.923077	701	unaligned
233	543	408	98	lcl_CM027385.1_cds_KAF9590827.1_37391	NODE_1948_length_701_cov_0.830128	96.46		True
CONTIG	NODE_1948_length_701_cov_0.830128	701	correct
CONTIG	NODE_1949_length_701_cov_0.815705	701	unaligned
CONTIG	NODE_1950_length_701_cov_0.790064	701	unaligned
55	250	466	271	lcl_CM027377.1_cds_KAF9625529.1_1557	NODE_1951_length_701_cov_0.701923	100.0		True
CONTIG	NODE_1951_length_701_cov_0.701923	701	correct
CONTIG	NODE_1952_length_701_cov_0.690705	701	unaligned
CONTIG	NODE_1953_length_701_cov_0.679487	701	unaligned
7	300	1	294	lcl_CM027383.1_cds_KAF9599500.1_31190	NODE_1954_length_701_cov_0.615385	98.98		True
CONTIG	NODE_1954_length_701_cov_0.615385	701	correct
CONTIG	NODE_1955_length_701_cov_0.607372	701	unaligned
CONTIG	NODE_1956_length_701_cov_0.535256	701	unaligned
CONTIG	NODE_1957_length_701_cov_0.504808	701	unaligned
CONTIG	NODE_1958_length_701_cov_0.480769	701	unaligned
CONTIG	NODE_1959_length_697_cov_1.659711	697	unaligned
CONTIG	NODE_1960_length_700_cov_1.077047	700	unaligned
545	746	552	351	lcl_CM027385.1_cds_KAF9589619.1_38071	NODE_1961_length_700_cov_0.919743	95.05		True
CONTIG	NODE_1961_length_700_cov_0.919743	700	correct
CONTIG	NODE_1962_length_700_cov_0.722311	700	unaligned
CONTIG	NODE_1963_length_700_cov_0.579454	700	unaligned
CONTIG	NODE_1964_length_699_cov_1.562701	699	unaligned
CONTIG	NODE_1965_length_699_cov_0.860129	699	unaligned
CONTIG	NODE_1966_length_699_cov_0.565916	699	unaligned
CONTIG	NODE_1967_length_699_cov_0.556270	699	unaligned
CONTIG	NODE_1968_length_698_cov_17.674718	698	unaligned
503	726	180	407	lcl_CM027379.1_cds_KAF9614748.1_9657	NODE_1969_length_698_cov_1.645733	96.94		True
translocation
465	741	698	422	lcl_CM027385.1_cds_KAF9588641.1_36595	NODE_1969_length_698_cov_1.645733	97.11		True
CONTIG	NODE_1969_length_698_cov_1.645733	698	misassembled
CONTIG	NODE_1970_length_698_cov_1.165862	698	unaligned
1042	1262	698	478	lcl_CM027385.1_cds_KAF9588594.1_36321	NODE_1971_length_698_cov_0.829308	99.1		True
CONTIG	NODE_1971_length_698_cov_0.829308	698	correct
CONTIG	NODE_1972_length_697_cov_0.829308	697	unaligned
CONTIG	NODE_1973_length_698_cov_0.723027	698	unaligned
474	948	1	476	lcl_CM027384.1_cds_KAF9592595.1_35386	NODE_1974_length_698_cov_0.697262	95.8		True
CONTIG	NODE_1974_length_698_cov_0.697262	698	correct
1	91	580	670	lcl_CM027378.1_cds_KAF9619890.1_6267	NODE_1975_length_697_cov_1.477419	98.9		True
CONTIG	NODE_1975_length_697_cov_1.477419	697	correct_unaligned
1918	2080	350	512	lcl_CM027379.1_cds_KAF9617024.1_11616	NODE_1976_length_697_cov_0.853226	99.39		True
CONTIG	NODE_1976_length_697_cov_0.853226	697	correct
687	870	1	184	lcl_CM027385.1_cds_KAF9589321.1_36038	NODE_1977_length_697_cov_0.737097	96.77		True
translocation
461	873	251	662	lcl_CM027377.1_cds_KAF9623623.1_2770	NODE_1977_length_697_cov_0.737097	98.79		True
CONTIG	NODE_1977_length_697_cov_0.737097	697	misassembled
970	1124	555	401	lcl_CM027377.1_cds_KAF9625770.1_1097	NODE_1978_length_697_cov_0.696774	100.0		True
CONTIG	NODE_1978_length_697_cov_0.696774	697	correct
CONTIG	NODE_1979_length_697_cov_0.670968	697	unaligned
725	1014	342	53	lcl_CM027383.1_cds_KAF9598781.1_30743	NODE_1980_length_696_cov_0.846527	97.93		True
CONTIG	NODE_1980_length_696_cov_0.846527	696	correct
78	205	469	342	lcl_CM027383.1_cds_KAF9599167.1_30779	NODE_1981_length_696_cov_0.723748	98.05		True
translocation
14	240	696	470	lcl_CM027382.1_cds_KAF9602131.1_23324	NODE_1981_length_696_cov_0.723748	98.24		True
CONTIG	NODE_1981_length_696_cov_0.723748	696	misassembled
CONTIG	NODE_1982_length_696_cov_0.618740	696	unaligned
CONTIG	NODE_1983_length_696_cov_0.581583	696	unaligned
CONTIG	NODE_1984_length_695_cov_0.946602	695	unaligned
7	193	107	290	lcl_CM027385.1_cds_KAF9589320.1_36029	NODE_1985_length_695_cov_0.878641	95.72		True
CONTIG	NODE_1985_length_695_cov_0.878641	695	correct
CONTIG	NODE_1986_length_695_cov_0.870550	695	unaligned
CONTIG	NODE_1987_length_695_cov_0.747573	695	unaligned
626	702	104	28	lcl_CM027384.1_cds_KAF9594733.1_33852	NODE_1988_length_694_cov_0.682848	100.0		True
CONTIG	NODE_1988_length_694_cov_0.682848	694	correct_unaligned
CONTIG	NODE_1989_length_694_cov_1.656402	694	unaligned
CONTIG	NODE_1990_length_694_cov_1.064830	694	unaligned
CONTIG	NODE_1991_length_694_cov_0.910859	694	unaligned
75	190	546	431	lcl_CM027378.1_cds_KAF9622318.1_4393	NODE_1992_length_694_cov_0.894652	98.28		True
unknown
541	610	694	625	lcl_CM027379.1_cds_KAF9614955.1_9389	NODE_1992_length_694_cov_0.894652	100.0		True
unknown
CONTIG	NODE_1992_length_694_cov_0.894652	694	mis_unaligned
1	516	177	692	lcl_CM027377.1_cds_KAF9624409.1_2593	NODE_1993_length_692_cov_0.850891	97.48		True
CONTIG	NODE_1993_length_692_cov_0.850891	692	correct
CONTIG	NODE_1994_length_694_cov_0.693679	694	unaligned
CONTIG	NODE_1995_length_693_cov_1.740260	693	unaligned
CONTIG	NODE_1996_length_693_cov_1.422078	693	unaligned
CONTIG	NODE_1997_length_690_cov_1.077922	690	unaligned
CONTIG	NODE_1998_length_693_cov_0.892857	693	unaligned
CONTIG	NODE_1999_length_693_cov_0.840909	693	unaligned
670	874	489	693	lcl_CM027384.1_cds_KAF9591983.1_33307	NODE_2000_length_693_cov_0.660714	95.61		True
CONTIG	NODE_2000_length_693_cov_0.660714	693	correct
CONTIG	NODE_2001_length_693_cov_0.542208	693	unaligned
CONTIG	NODE_2002_length_693_cov_0.496753	693	unaligned
CONTIG	NODE_2003_length_692_cov_0.783740	692	unaligned
1120	1215	1	96	lcl_CM027381.1_cds_KAF9607468.1_20953	NODE_2004_length_692_cov_0.736585	100.0		True
CONTIG	NODE_2004_length_692_cov_0.736585	692	correct_unaligned
CONTIG	NODE_2005_length_692_cov_0.691057	692	unaligned
CONTIG	NODE_2006_length_691_cov_1.288274	691	unaligned
CONTIG	NODE_2007_length_691_cov_1.254072	691	unaligned
CONTIG	NODE_2008_length_691_cov_1.241042	691	unaligned
CONTIG	NODE_2009_length_691_cov_0.975570	691	unaligned
744	914	309	479	lcl_CM027378.1_cds_KAF9620803.1_8271	NODE_2010_length_691_cov_0.929967	100.0		True
CONTIG	NODE_2010_length_691_cov_0.929967	691	correct
CONTIG	NODE_2011_length_691_cov_0.788274	691	unaligned
CONTIG	NODE_2012_length_691_cov_0.656352	691	unaligned
15	159	662	518	lcl_CM027383.1_cds_KAF9598024.1_29528	NODE_2013_length_690_cov_1.701468	100.0		True
CONTIG	NODE_2013_length_690_cov_1.701468	690	correct_unaligned
CONTIG	NODE_2014_length_690_cov_0.814029	690	unaligned
CONTIG	NODE_2015_length_690_cov_0.791191	690	unaligned
CONTIG	NODE_2016_length_690_cov_0.737357	690	unaligned
1	339	495	157	lcl_CM027379.1_cds_KAF9615990.1_8981	NODE_2017_length_690_cov_0.727569	99.12		True
CONTIG	NODE_2017_length_690_cov_0.727569	690	correct
CONTIG	NODE_2018_length_690_cov_0.665579	690	unaligned
CONTIG	NODE_2019_length_690_cov_0.432300	690	unaligned
CONTIG	NODE_2020_length_689_cov_1.063725	689	unaligned
CONTIG	NODE_2021_length_689_cov_0.991830	689	unaligned
CONTIG	NODE_2022_length_689_cov_0.893791	689	unaligned
CONTIG	NODE_2023_length_689_cov_0.843137	689	unaligned
174	259	344	429	lcl_CM027383.1_cds_KAF9599191.1_27857	NODE_2024_length_689_cov_0.771242	98.84		True
CONTIG	NODE_2024_length_689_cov_0.771242	689	correct
695	769	569	643	lcl_CM027384.1_cds_KAF9591472.1_32478	NODE_2025_length_689_cov_0.761438	98.67		True
CONTIG	NODE_2025_length_689_cov_0.761438	689	correct_unaligned
731	850	143	262	lcl_CM027379.1_cds_KAF9613026.1_9058	NODE_2026_length_689_cov_0.697712	97.5		True
unknown
851	1054	344	547	lcl_CM027379.1_cds_KAF9613026.1_9058	NODE_2026_length_689_cov_0.697712	98.04		True
unknown
CONTIG	NODE_2026_length_689_cov_0.697712	689	mis_unaligned
CONTIG	NODE_2027_length_689_cov_0.616013	689	unaligned
CONTIG	NODE_2028_length_690_cov_0.602941	690	unaligned
CONTIG	NODE_2029_length_689_cov_0.596405	689	unaligned
CONTIG	NODE_2030_length_688_cov_0.449346	688	unaligned
CONTIG	NODE_2031_length_688_cov_1.404255	688	unaligned
383	659	277	1	lcl_CM027381.1_cds_KAF9606574.1_21470	NODE_2032_length_688_cov_0.877250	97.11		True
CONTIG	NODE_2032_length_688_cov_0.877250	688	correct
CONTIG	NODE_2033_length_688_cov_0.826514	688	unaligned
1395	1466	274	345	lcl_CM027379.1_cds_KAF9614706.1_12878	NODE_2034_length_688_cov_0.765957	100.0		True
unknown
82	153	435	506	lcl_CM027379.1_cds_KAF9616000.1_8972	NODE_2034_length_688_cov_0.765957	98.61		True
unknown
CONTIG	NODE_2034_length_688_cov_0.765957	688	mis_unaligned
CONTIG	NODE_2035_length_688_cov_0.729951	688	unaligned
CONTIG	NODE_2036_length_686_cov_0.725041	686	unaligned
CONTIG	NODE_2037_length_688_cov_0.693944	688	unaligned
408	504	64	160	lcl_CM027385.1_cds_KAF9589238.1_38507	NODE_2038_length_687_cov_0.813115	100.0		True
CONTIG	NODE_2038_length_687_cov_0.813115	687	correct_unaligned
CONTIG	NODE_2039_length_687_cov_0.790164	687	unaligned
CONTIG	NODE_2040_length_687_cov_0.647541	687	unaligned
CONTIG	NODE_2041_length_686_cov_1.233169	686	unaligned
CONTIG	NODE_2042_length_686_cov_1.169130	686	unaligned
CONTIG	NODE_2043_length_686_cov_0.924466	686	unaligned
CONTIG	NODE_2044_length_686_cov_0.917898	686	unaligned
CONTIG	NODE_2045_length_687_cov_0.822660	687	unaligned
19	205	82	268	lcl_CM027382.1_cds_KAF9602478.1_26888	NODE_2046_length_687_cov_0.735632	98.4		True
CONTIG	NODE_2046_length_687_cov_0.735632	687	correct
CONTIG	NODE_2047_length_686_cov_0.640394	686	unaligned
CONTIG	NODE_2048_length_685_cov_0.824013	685	unaligned
CONTIG	NODE_2049_length_685_cov_0.697368	685	unaligned
CONTIG	NODE_2050_length_685_cov_0.652961	685	unaligned
CONTIG	NODE_2051_length_685_cov_0.605263	685	unaligned
113	494	1	382	lcl_CM027379.1_cds_KAF9612507.1_11484	NODE_2052_length_685_cov_0.544408	97.91		True
translocation
402	564	473	635	lcl_CM027377.1_cds_KAF9623709.1_2463	NODE_2052_length_685_cov_0.544408	97.55		True
CONTIG	NODE_2052_length_685_cov_0.544408	685	misassembled
CONTIG	NODE_2053_length_684_cov_1.082372	684	unaligned
CONTIG	NODE_2054_length_683_cov_1.348185	683	unaligned
CONTIG	NODE_2055_length_683_cov_0.828383	683	unaligned
CONTIG	NODE_2056_length_683_cov_0.732673	683	unaligned
CONTIG	NODE_2057_length_683_cov_0.707921	683	unaligned
CONTIG	NODE_2058_length_683_cov_0.679868	683	unaligned
CONTIG	NODE_2059_length_683_cov_0.610561	683	unaligned
CONTIG	NODE_2060_length_683_cov_0.597360	683	unaligned
CONTIG	NODE_2061_length_682_cov_1.224793	682	unaligned
CONTIG	NODE_2062_length_682_cov_1.109091	682	unaligned
1993	2674	682	1	lcl_CM027385.1_cds_KAF9590789.1_38791	NODE_2063_length_682_cov_0.738843	98.39		True
CONTIG	NODE_2063_length_682_cov_0.738843	682	correct
339	428	112	24	lcl_CM027385.1_cds_KAF9589695.1_37152	NODE_2064_length_681_cov_1.167219	97.78		True
CONTIG	NODE_2064_length_681_cov_1.167219	681	correct_unaligned
CONTIG	NODE_2065_length_681_cov_0.789735	681	unaligned
CONTIG	NODE_2066_length_681_cov_0.746689	681	unaligned
CONTIG	NODE_2067_length_681_cov_0.644040	681	unaligned
CONTIG	NODE_2068_length_681_cov_0.574503	681	unaligned
CONTIG	NODE_2069_length_680_cov_0.528146	680	unaligned
CONTIG	NODE_2070_length_680_cov_1.356551	680	unaligned
82	191	571	680	lcl_CM027383.1_cds_KAF9597971.1_30950	NODE_2071_length_680_cov_0.965174	99.09		True
CONTIG	NODE_2071_length_680_cov_0.965174	680	correct_unaligned
CONTIG	NODE_2072_length_680_cov_0.955224	680	unaligned
245	358	57	170	lcl_CM027382.1_cds_KAF9601492.1_23390	NODE_2073_length_680_cov_0.834163	100.0		True
translocation
1	254	365	618	lcl_CM027378.1_cds_KAF9620778.1_4782	NODE_2073_length_680_cov_0.834163	98.82		True
CONTIG	NODE_2073_length_680_cov_0.834163	680	misassembled
CONTIG	NODE_2074_length_680_cov_0.814262	680	unaligned
697	802	106	1	lcl_CM027378.1_cds_KAF9623148.1_5954	NODE_2075_length_680_cov_0.762852	98.11		True
unknown
508	699	548	357	lcl_CM027378.1_cds_KAF9623148.1_5954	NODE_2075_length_680_cov_0.762852	97.92		True
unknown
CONTIG	NODE_2075_length_680_cov_0.762852	680	mis_unaligned
138	231	415	322	lcl_CM027379.1_cds_KAF9612844.1_11898	NODE_2076_length_680_cov_0.699834	97.87		True
CONTIG	NODE_2076_length_680_cov_0.699834	680	correct
CONTIG	NODE_2077_length_680_cov_0.643449	680	unaligned
CONTIG	NODE_2078_length_680_cov_0.636816	680	unaligned
CONTIG	NODE_2079_length_679_cov_1.438538	679	unaligned
CONTIG	NODE_2080_length_679_cov_1.415282	679	unaligned
CONTIG	NODE_2081_length_679_cov_0.850498	679	unaligned
CONTIG	NODE_2082_length_679_cov_0.767442	679	unaligned
508	587	22	101	lcl_CM027382.1_cds_KAF9602499.1_26878	NODE_2083_length_679_cov_0.669435	100.0		True
unknown
588	775	399	586	lcl_CM027382.1_cds_KAF9602499.1_26878	NODE_2083_length_679_cov_0.669435	95.21		True
unknown
CONTIG	NODE_2083_length_679_cov_0.669435	679	mis_unaligned
CONTIG	NODE_2084_length_679_cov_0.453488	679	unaligned
CONTIG	NODE_2085_length_678_cov_10.006656	678	unaligned
CONTIG	NODE_2086_length_678_cov_2.064892	678	unaligned
CONTIG	NODE_2087_length_678_cov_1.916805	678	unaligned
CONTIG	NODE_2088_length_678_cov_1.331115	678	unaligned
142	378	5	241	lcl_CM027377.1_cds_KAF9625215.1_77	NODE_2089_length_678_cov_1.168053	97.05		True
CONTIG	NODE_2089_length_678_cov_1.168053	678	correct
CONTIG	NODE_2090_length_678_cov_0.850250	678	unaligned
1	465	138	602	lcl_CM027380.1_cds_KAF9612045.1_15280	NODE_2091_length_678_cov_0.653910	97.85		True
CONTIG	NODE_2091_length_678_cov_0.653910	678	correct
CONTIG	NODE_2092_length_678_cov_0.537438	678	unaligned
CONTIG	NODE_2093_length_677_cov_0.499168	677	unaligned
420	608	447	635	lcl_CM027378.1_cds_KAF9620069.1_4140	NODE_2094_length_676_cov_0.319468	96.3		True
CONTIG	NODE_2094_length_676_cov_0.319468	676	correct
1133	1237	367	473	lcl_CM027384.1_cds_KAF9592846.1_32436	NODE_2095_length_677_cov_1.341667	98.13		True
CONTIG	NODE_2095_length_677_cov_1.341667	677	correct
CONTIG	NODE_2096_length_677_cov_1.161667	677	unaligned
CONTIG	NODE_2097_length_677_cov_1.080000	677	unaligned
77	174	429	526	lcl_CM027378.1_cds_KAF9620608.1_7009	NODE_2098_length_677_cov_0.940000	98.98		True
unknown
43	143	570	670	lcl_CM027384.1_cds_KAF9591747.1_32156	NODE_2098_length_677_cov_0.940000	100.0		True
unknown
CONTIG	NODE_2098_length_677_cov_0.940000	677	mis_unaligned
CONTIG	NODE_2099_length_677_cov_0.640000	677	unaligned
CONTIG	NODE_2100_length_677_cov_0.471667	677	unaligned
CONTIG	NODE_2101_length_676_cov_2.008347	676	unaligned
CONTIG	NODE_2102_length_676_cov_1.584307	676	unaligned
CONTIG	NODE_2103_length_676_cov_0.933222	676	unaligned
CONTIG	NODE_2104_length_676_cov_0.884808	676	unaligned
CONTIG	NODE_2105_length_676_cov_0.858097	676	unaligned
CONTIG	NODE_2106_length_676_cov_0.856427	676	unaligned
100	222	369	247	lcl_CM027385.1_cds_KAF9590147.1_37453	NODE_2107_length_670_cov_0.843072	96.75		True
unknown
141	225	574	490	lcl_CM027379.1_cds_KAF9614570.1_13631	NODE_2107_length_670_cov_0.843072	100.0		True
unknown
CONTIG	NODE_2107_length_670_cov_0.843072	670	mis_unaligned
CONTIG	NODE_2108_length_676_cov_0.836394	676	unaligned
CONTIG	NODE_2109_length_676_cov_0.796327	676	unaligned
CONTIG	NODE_2110_length_676_cov_0.774624	676	unaligned
CONTIG	NODE_2111_length_676_cov_0.572621	676	unaligned
13	116	170	275	lcl_CM027383.1_cds_KAF9598021.1_29525	NODE_2112_length_675_cov_1.143813	95.33		True
unknown
1	105	469	573	lcl_CM027380.1_cds_KAF9611450.1_14749	NODE_2112_length_675_cov_1.143813	99.05		True
unknown
CONTIG	NODE_2112_length_675_cov_1.143813	675	mis_unaligned
CONTIG	NODE_2113_length_675_cov_1.090301	675	unaligned
CONTIG	NODE_2114_length_675_cov_0.876254	675	unaligned
CONTIG	NODE_2115_length_675_cov_0.861204	675	unaligned
970	1089	271	390	lcl_CM027379.1_cds_KAF9612973.1_10429	NODE_2116_length_673_cov_0.508361	97.5		True
CONTIG	NODE_2116_length_673_cov_0.508361	673	correct
CONTIG	NODE_2117_length_673_cov_4.303183	673	unaligned
CONTIG	NODE_2118_length_674_cov_1.594640	674	unaligned
CONTIG	NODE_2119_length_674_cov_1.157454	674	unaligned
CONTIG	NODE_2120_length_674_cov_0.763819	674	unaligned
CONTIG	NODE_2121_length_674_cov_0.758794	674	unaligned
CONTIG	NODE_2122_length_674_cov_0.552764	674	unaligned
CONTIG	NODE_2123_length_673_cov_1.538591	673	unaligned
920	1006	426	340	lcl_CM027380.1_cds_KAF9610103.1_16363	NODE_2124_length_673_cov_1.392617	98.85		True
unknown
570	817	673	427	lcl_CM027380.1_cds_KAF9610103.1_16363	NODE_2124_length_673_cov_1.392617	99.19		True
unknown
CONTIG	NODE_2124_length_673_cov_1.392617	673	mis_unaligned
CONTIG	NODE_2125_length_673_cov_0.917785	673	unaligned
CONTIG	NODE_2126_length_673_cov_0.855705	673	unaligned
CONTIG	NODE_2127_length_673_cov_0.713087	673	unaligned
CONTIG	NODE_2128_length_673_cov_0.689597	673	unaligned
CONTIG	NODE_2129_length_672_cov_1.868908	672	unaligned
285	375	85	174	lcl_CM027379.1_cds_KAF9614308.1_12003	NODE_2130_length_672_cov_1.860504	96.74		True
CONTIG	NODE_2130_length_672_cov_1.860504	672	correct
1	148	148	1	lcl_CM027383.1_cds_KAF9596361.1_29857	NODE_2131_length_672_cov_1.625210	99.32		True
unknown
1	108	606	499	lcl_CM027377.1_cds_KAF9625117.1_1524	NODE_2131_length_672_cov_1.625210	99.07		True
unknown
CONTIG	NODE_2131_length_672_cov_1.625210	672	mis_unaligned
CONTIG	NODE_2132_length_672_cov_1.043697	672	unaligned
CONTIG	NODE_2133_length_672_cov_0.870588	672	unaligned
CONTIG	NODE_2134_length_671_cov_21.398990	671	unaligned
CONTIG	NODE_2135_length_671_cov_1.028620	671	unaligned
1	95	600	506	lcl_CM027378.1_cds_KAF9622599.1_6496	NODE_2136_length_671_cov_0.740741	96.84		True
CONTIG	NODE_2136_length_671_cov_0.740741	671	correct_unaligned
CONTIG	NODE_2137_length_671_cov_0.722222	671	unaligned
1	480	190	668	lcl_CM027379.1_cds_KAF9615308.1_13728	NODE_2138_length_671_cov_0.703704	98.96		True
CONTIG	NODE_2138_length_671_cov_0.703704	671	correct
CONTIG	NODE_2139_length_671_cov_0.626263	671	unaligned
CONTIG	NODE_2140_length_671_cov_0.569024	671	unaligned
CONTIG	NODE_2141_length_671_cov_0.545455	671	unaligned
CONTIG	NODE_2142_length_670_cov_2.337268	670	unaligned
CONTIG	NODE_2143_length_668_cov_0.706577	668	unaligned
CONTIG	NODE_2144_length_670_cov_0.698145	670	unaligned
CONTIG	NODE_2145_length_670_cov_0.629005	670	unaligned
693	872	602	423	lcl_CM027381.1_cds_KAF9606042.1_22575	NODE_2146_length_670_cov_0.600337	97.78		True
CONTIG	NODE_2146_length_670_cov_0.600337	670	correct
CONTIG	NODE_2147_length_670_cov_0.544688	670	unaligned
CONTIG	NODE_2148_length_670_cov_0.500843	670	unaligned
424	521	1	98	lcl_CM027382.1_cds_KAF9602273.1_23528	NODE_2149_length_670_cov_0.450253	97.96		True
local misassembly
517	796	364	643	lcl_CM027382.1_cds_KAF9602273.1_23528	NODE_2149_length_670_cov_0.450253	97.5		True
CONTIG	NODE_2149_length_670_cov_0.450253	670	correct
324	786	580	121	lcl_CM027385.1_cds_KAF9589122.1_36154	NODE_2150_length_669_cov_0.839527	97.84		True
CONTIG	NODE_2150_length_669_cov_0.839527	669	correct
CONTIG	NODE_2151_length_669_cov_0.712838	669	unaligned
CONTIG	NODE_2152_length_669_cov_0.692568	669	unaligned
CONTIG	NODE_2153_length_669_cov_0.633446	669	unaligned
CONTIG	NODE_2154_length_669_cov_0.623311	669	unaligned
CONTIG	NODE_2155_length_669_cov_0.542230	669	unaligned
CONTIG	NODE_2156_length_669_cov_0.528716	669	unaligned
CONTIG	NODE_2157_length_668_cov_7.541455	668	unaligned
CONTIG	NODE_2158_length_668_cov_1.507614	668	unaligned
90	246	416	260	lcl_CM027385.1_cds_KAF9590319.1_38525	NODE_2159_length_668_cov_1.021997	100.0		True
CONTIG	NODE_2159_length_668_cov_1.021997	668	correct
211	402	151	342	lcl_CM027378.1_cds_KAF9620067.1_4147	NODE_2160_length_668_cov_0.846024	96.39		True
CONTIG	NODE_2160_length_668_cov_0.846024	668	correct
CONTIG	NODE_2161_length_668_cov_0.837563	668	unaligned
CONTIG	NODE_2162_length_647_cov_0.732657	647	unaligned
470	546	317	393	lcl_CM027378.1_cds_KAF9622628.1_6467	NODE_2163_length_668_cov_0.700508	100.0		True
CONTIG	NODE_2163_length_668_cov_0.700508	668	correct
CONTIG	NODE_2164_length_667_cov_1.744068	667	unaligned
CONTIG	NODE_2165_length_667_cov_1.305085	667	unaligned
CONTIG	NODE_2166_length_667_cov_0.955932	667	unaligned
CONTIG	NODE_2167_length_667_cov_0.671186	667	unaligned
CONTIG	NODE_2168_length_666_cov_1.859083	666	unaligned
CONTIG	NODE_2169_length_666_cov_1.813243	666	unaligned
43	709	1	666	lcl_CM027385.1_cds_KAF9588830.1_36461	NODE_2170_length_666_cov_1.100170	99.1		True
CONTIG	NODE_2170_length_666_cov_1.100170	666	correct
CONTIG	NODE_2171_length_665_cov_0.938879	665	unaligned
322	400	542	620	lcl_CM027381.1_cds_KAF9606416.1_21664	NODE_2172_length_666_cov_0.655348	97.47		True
CONTIG	NODE_2172_length_666_cov_0.655348	666	correct_unaligned
7	134	539	666	lcl_CM027384.1_cds_KAF9592002.1_31957	NODE_2173_length_666_cov_0.616299	98.44		True
CONTIG	NODE_2173_length_666_cov_0.616299	666	correct_unaligned
CONTIG	NODE_2174_length_666_cov_0.590832	666	unaligned
CONTIG	NODE_2175_length_666_cov_0.577250	666	unaligned
CONTIG	NODE_2176_length_666_cov_0.517827	666	unaligned
CONTIG	NODE_2177_length_666_cov_0.499151	666	unaligned
CONTIG	NODE_2178_length_665_cov_0.773810	665	unaligned
1710	1825	345	460	lcl_CM027384.1_cds_KAF9592477.1_35417	NODE_2179_length_665_cov_0.743197	98.28		True
CONTIG	NODE_2179_length_665_cov_0.743197	665	correct
109	288	168	347	lcl_CM027383.1_cds_KAF9597697.1_31265	NODE_2180_length_665_cov_0.712585	100.0		True
CONTIG	NODE_2180_length_665_cov_0.712585	665	correct
CONTIG	NODE_2181_length_665_cov_0.680272	665	unaligned
CONTIG	NODE_2182_length_665_cov_0.636054	665	unaligned
1293	1379	230	144	lcl_CM027384.1_cds_KAF9594712.1_33874	NODE_2183_length_665_cov_0.612245	100.0		True
CONTIG	NODE_2183_length_665_cov_0.612245	665	correct
CONTIG	NODE_2184_length_665_cov_0.435374	665	unaligned
CONTIG	NODE_2185_length_664_cov_1.405451	664	unaligned
CONTIG	NODE_2186_length_664_cov_1.110733	664	unaligned
CONTIG	NODE_2187_length_664_cov_0.875639	664	unaligned
CONTIG	NODE_2188_length_662_cov_0.834753	662	unaligned
CONTIG	NODE_2189_length_664_cov_0.831346	664	unaligned
CONTIG	NODE_2190_length_664_cov_0.594549	664	unaligned
CONTIG	NODE_2191_length_663_cov_0.568995	663	unaligned
CONTIG	NODE_2192_length_663_cov_8.008532	663	unaligned
CONTIG	NODE_2193_length_663_cov_1.735495	663	unaligned
CONTIG	NODE_2194_length_661_cov_0.744027	661	unaligned
CONTIG	NODE_2195_length_663_cov_0.679181	663	unaligned
CONTIG	NODE_2196_length_663_cov_0.651877	663	unaligned
CONTIG	NODE_2197_length_663_cov_0.643345	663	unaligned
CONTIG	NODE_2198_length_663_cov_0.540956	663	unaligned
CONTIG	NODE_2199_length_662_cov_1.025641	662	unaligned
CONTIG	NODE_2200_length_662_cov_0.909402	662	unaligned
CONTIG	NODE_2201_length_662_cov_0.822222	662	unaligned
CONTIG	NODE_2202_length_662_cov_0.808547	662	unaligned
CONTIG	NODE_2203_length_662_cov_0.723077	662	unaligned
1	467	467	1	lcl_CM027379.1_cds_KAF9614710.1_12875	NODE_2204_length_662_cov_0.717949	97.43		True
CONTIG	NODE_2204_length_662_cov_0.717949	662	correct
CONTIG	NODE_2205_length_662_cov_0.714530	662	unaligned
304	376	419	491	lcl_CM027385.1_cds_KAF9587981.1_36289	NODE_2206_length_662_cov_0.545299	98.63		True
CONTIG	NODE_2206_length_662_cov_0.545299	662	correct
CONTIG	NODE_2207_length_662_cov_0.382906	662	unaligned
CONTIG	NODE_2208_length_661_cov_2.250000	661	unaligned
CONTIG	NODE_2209_length_661_cov_0.967466	661	unaligned
CONTIG	NODE_2210_length_661_cov_0.875000	661	unaligned
CONTIG	NODE_2211_length_661_cov_0.856164	661	unaligned
CONTIG	NODE_2212_length_661_cov_0.847603	661	unaligned
CONTIG	NODE_2213_length_661_cov_0.638699	661	unaligned
CONTIG	NODE_2214_length_661_cov_0.537671	661	unaligned
248	315	465	398	lcl_CM027380.1_cds_KAF9608800.1_16204	NODE_2215_length_661_cov_0.530822	100.0		True
CONTIG	NODE_2215_length_661_cov_0.530822	661	correct
CONTIG	NODE_2216_length_661_cov_0.527397	661	unaligned
469	669	655	455	lcl_CM027382.1_cds_KAF9601844.1_24944	NODE_2217_length_660_cov_0.972556	99.0		True
CONTIG	NODE_2217_length_660_cov_0.972556	660	correct
CONTIG	NODE_2218_length_660_cov_0.797599	660	unaligned
1000	1134	195	329	lcl_CM027383.1_cds_KAF9595847.1_31391	NODE_2219_length_660_cov_0.789022	97.04		True
CONTIG	NODE_2219_length_660_cov_0.789022	660	correct
CONTIG	NODE_2220_length_660_cov_0.653516	660	unaligned
CONTIG	NODE_2221_length_660_cov_0.590051	660	unaligned
CONTIG	NODE_2222_length_660_cov_0.569468	660	unaligned
CONTIG	NODE_2223_length_659_cov_1.601375	659	unaligned
CONTIG	NODE_2224_length_659_cov_1.024055	659	unaligned
CONTIG	NODE_2225_length_659_cov_0.951890	659	unaligned
CONTIG	NODE_2226_length_657_cov_0.883162	657	unaligned
321	618	409	112	lcl_CM027378.1_cds_KAF9618539.1_6542	NODE_2227_length_659_cov_0.682131	98.66		True
CONTIG	NODE_2227_length_659_cov_0.682131	659	correct
CONTIG	NODE_2228_length_659_cov_0.584192	659	unaligned
CONTIG	NODE_2229_length_658_cov_1.361446	658	unaligned
CONTIG	NODE_2230_length_658_cov_1.277108	658	unaligned
158	238	578	658	lcl_CM027381.1_cds_KAF9605708.1_22260	NODE_2231_length_658_cov_1.203098	100.0		True
CONTIG	NODE_2231_length_658_cov_1.203098	658	correct_unaligned
CONTIG	NODE_2232_length_658_cov_0.574871	658	unaligned
CONTIG	NODE_2233_length_658_cov_0.567986	658	unaligned
CONTIG	NODE_2234_length_657_cov_14.201724	657	unaligned
2142	2552	657	247	lcl_CM027378.1_cds_KAF9622547.1_3702	NODE_2235_length_657_cov_0.806897	95.62		True
CONTIG	NODE_2235_length_657_cov_0.806897	657	correct
CONTIG	NODE_2236_length_657_cov_0.786207	657	unaligned
CONTIG	NODE_2237_length_657_cov_0.672414	657	unaligned
64	225	399	238	lcl_CM027383.1_cds_KAF9596101.1_28558	NODE_2238_length_657_cov_0.622414	97.53		True
CONTIG	NODE_2238_length_657_cov_0.622414	657	correct
CONTIG	NODE_2239_length_657_cov_0.553448	657	unaligned
CONTIG	NODE_2240_length_652_cov_1.143351	652	unaligned
CONTIG	NODE_2241_length_656_cov_0.637306	656	unaligned
CONTIG	NODE_2242_length_656_cov_0.504318	656	unaligned
CONTIG	NODE_2243_length_655_cov_1.641869	655	unaligned
CONTIG	NODE_2244_length_655_cov_1.254325	655	unaligned
CONTIG	NODE_2245_length_655_cov_0.851211	655	unaligned
CONTIG	NODE_2246_length_655_cov_0.820069	655	unaligned
CONTIG	NODE_2247_length_655_cov_0.719723	655	unaligned
CONTIG	NODE_2248_length_655_cov_0.643599	655	unaligned
CONTIG	NODE_2249_length_655_cov_0.641869	655	unaligned
CONTIG	NODE_2250_length_655_cov_0.576125	655	unaligned
CONTIG	NODE_2251_length_654_cov_0.623917	654	unaligned
CONTIG	NODE_2252_length_654_cov_0.559792	654	unaligned
CONTIG	NODE_2253_length_654_cov_0.530329	654	unaligned
CONTIG	NODE_2254_length_653_cov_1.805556	653	unaligned
CONTIG	NODE_2255_length_653_cov_1.263889	653	unaligned
CONTIG	NODE_2256_length_653_cov_1.197917	653	unaligned
CONTIG	NODE_2257_length_653_cov_1.156250	653	unaligned
CONTIG	NODE_2258_length_653_cov_0.947917	653	unaligned
CONTIG	NODE_2259_length_653_cov_0.888889	653	unaligned
552	1213	1	653	lcl_CM027377.1_cds_KAF9626555.1_3533	NODE_2260_length_653_cov_0.774306	96.68		True
CONTIG	NODE_2260_length_653_cov_0.774306	653	correct
CONTIG	NODE_2261_length_653_cov_0.715278	653	unaligned
CONTIG	NODE_2262_length_643_cov_0.637153	643	unaligned
CONTIG	NODE_2263_length_652_cov_1.765217	652	unaligned
CONTIG	NODE_2264_length_652_cov_1.302609	652	unaligned
CONTIG	NODE_2265_length_652_cov_0.688696	652	unaligned
291	695	193	597	lcl_CM027385.1_cds_KAF9590408.1_36192	NODE_2266_length_652_cov_0.650435	99.51		True
CONTIG	NODE_2266_length_652_cov_0.650435	652	correct
CONTIG	NODE_2267_length_653_cov_0.566957	653	unaligned
CONTIG	NODE_2268_length_651_cov_0.460870	651	unaligned
CONTIG	NODE_2269_length_652_cov_0.460870	652	unaligned
CONTIG	NODE_2270_length_651_cov_1.470383	651	unaligned
CONTIG	NODE_2271_length_651_cov_0.883275	651	unaligned
470	732	639	377	lcl_CM027385.1_cds_KAF9590712.1_37176	NODE_2272_length_651_cov_0.872822	99.24		True
CONTIG	NODE_2272_length_651_cov_0.872822	651	correct
CONTIG	NODE_2273_length_653_cov_0.675958	653	unaligned
CONTIG	NODE_2274_length_651_cov_0.533101	651	unaligned
CONTIG	NODE_2275_length_651_cov_0.501742	651	unaligned
CONTIG	NODE_2276_length_650_cov_10.445026	650	unaligned
CONTIG	NODE_2277_length_650_cov_0.750436	650	unaligned
CONTIG	NODE_2278_length_646_cov_0.603839	646	unaligned
CONTIG	NODE_2279_length_650_cov_0.560209	650	unaligned
CONTIG	NODE_2280_length_650_cov_0.502618	650	unaligned
CONTIG	NODE_2281_length_649_cov_8.690559	649	unaligned
CONTIG	NODE_2282_length_649_cov_0.629371	649	unaligned
23	329	611	302	lcl_CM027383.1_cds_KAF9597862.1_27727	NODE_2283_length_648_cov_0.838879	95.48		True
CONTIG	NODE_2283_length_648_cov_0.838879	648	correct
CONTIG	NODE_2284_length_648_cov_0.816112	648	unaligned
CONTIG	NODE_2285_length_648_cov_0.740806	648	unaligned
CONTIG	NODE_2286_length_648_cov_0.572680	648	unaligned
CONTIG	NODE_2287_length_648_cov_0.534151	648	unaligned
CONTIG	NODE_2288_length_647_cov_1.664912	647	unaligned
CONTIG	NODE_2289_length_647_cov_1.536842	647	unaligned
13	519	1	507	lcl_CM027383.1_cds_KAF9595826.1_31417	NODE_2290_length_647_cov_1.405263	98.62		True
CONTIG	NODE_2290_length_647_cov_1.405263	647	correct
981	1045	65	1	lcl_CM027382.1_cds_KAF9602750.1_25637	NODE_2291_length_647_cov_1.259649	100.0		True
CONTIG	NODE_2291_length_647_cov_1.259649	647	correct_unaligned
CONTIG	NODE_2292_length_647_cov_1.152632	647	unaligned
1	529	119	647	lcl_CM027385.1_cds_KAF9587832.1_37333	NODE_2293_length_647_cov_0.824561	98.11		True
CONTIG	NODE_2293_length_647_cov_0.824561	647	correct
196	312	480	364	lcl_CM027382.1_cds_KAF9602043.1_23645	NODE_2294_length_647_cov_0.796491	100.0		True
CONTIG	NODE_2294_length_647_cov_0.796491	647	correct
CONTIG	NODE_2295_length_647_cov_0.626316	647	unaligned
1	149	303	155	lcl_CM027379.1_cds_KAF9612759.1_12203	NODE_2296_length_647_cov_0.601754	99.33		True
CONTIG	NODE_2296_length_647_cov_0.601754	647	correct
CONTIG	NODE_2297_length_647_cov_0.542105	647	unaligned
CONTIG	NODE_2298_length_646_cov_0.936731	646	unaligned
326	426	207	307	lcl_CM027383.1_cds_KAF9599324.1_30262	NODE_2299_length_646_cov_0.739895	100.0		True
CONTIG	NODE_2299_length_646_cov_0.739895	646	correct
CONTIG	NODE_2300_length_646_cov_0.634446	646	unaligned
179	498	70	389	lcl_CM027381.1_cds_KAF9606829.1_19443	NODE_2301_length_645_cov_0.876761	100.0		True
CONTIG	NODE_2301_length_645_cov_0.876761	645	correct
226	522	524	229	lcl_CM027384.1_cds_KAF9592067.1_34689	NODE_2302_length_645_cov_0.797535	97.98		True
translocation
4	111	632	525	lcl_CM027377.1_cds_KAF9623883.1_2719	NODE_2302_length_645_cov_0.797535	97.06		True
CONTIG	NODE_2302_length_645_cov_0.797535	645	misassembled
514	656	49	191	lcl_CM027380.1_cds_KAF9608771.1_17079	NODE_2303_length_645_cov_0.760563	97.9		True
CONTIG	NODE_2303_length_645_cov_0.760563	645	correct
CONTIG	NODE_2304_length_645_cov_0.713028	645	unaligned
CONTIG	NODE_2305_length_644_cov_1.802469	644	unaligned
CONTIG	NODE_2306_length_644_cov_1.278660	644	unaligned
CONTIG	NODE_2307_length_644_cov_1.121693	644	unaligned
CONTIG	NODE_2308_length_644_cov_1.063492	644	unaligned
CONTIG	NODE_2309_length_644_cov_0.717813	644	unaligned
CONTIG	NODE_2310_length_644_cov_0.716049	644	unaligned
CONTIG	NODE_2311_length_644_cov_0.661376	644	unaligned
CONTIG	NODE_2312_length_644_cov_0.641975	644	unaligned
CONTIG	NODE_2313_length_644_cov_0.597884	644	unaligned
CONTIG	NODE_2314_length_643_cov_1.418728	643	unaligned
CONTIG	NODE_2315_length_643_cov_0.939929	643	unaligned
CONTIG	NODE_2316_length_643_cov_0.759717	643	unaligned
CONTIG	NODE_2317_length_643_cov_0.681979	643	unaligned
CONTIG	NODE_2318_length_643_cov_0.586572	643	unaligned
CONTIG	NODE_2319_length_643_cov_0.468198	643	unaligned
CONTIG	NODE_2320_length_642_cov_1.387611	642	unaligned
167	345	289	111	lcl_CM027379.1_cds_KAF9613266.1_11346	NODE_2321_length_642_cov_1.192920	97.21		True
CONTIG	NODE_2321_length_642_cov_1.192920	642	correct
CONTIG	NODE_2322_length_642_cov_1.162832	642	unaligned
772	926	79	232	lcl_CM027381.1_cds_KAF9605854.1_20119	NODE_2323_length_642_cov_0.991150	98.06		True
CONTIG	NODE_2323_length_642_cov_0.991150	642	correct
CONTIG	NODE_2324_length_642_cov_0.920354	642	unaligned
CONTIG	NODE_2325_length_642_cov_0.884956	642	unaligned
CONTIG	NODE_2326_length_642_cov_0.812389	642	unaligned
CONTIG	NODE_2327_length_642_cov_0.674336	642	unaligned
504	584	167	248	lcl_CM027380.1_cds_KAF9610291.1_16809	NODE_2328_length_642_cov_0.621239	98.78		True
unknown
585	705	374	497	lcl_CM027380.1_cds_KAF9610291.1_16809	NODE_2328_length_642_cov_0.621239	95.97		True
unknown
CONTIG	NODE_2328_length_642_cov_0.621239	642	mis_unaligned
CONTIG	NODE_2329_length_642_cov_0.469027	642	unaligned
CONTIG	NODE_2330_length_641_cov_0.813830	641	unaligned
CONTIG	NODE_2331_length_641_cov_0.760638	641	unaligned
682	1297	641	26	lcl_CM027379.1_cds_KAF9613776.1_12309	NODE_2332_length_641_cov_0.611702	98.05		True
CONTIG	NODE_2332_length_641_cov_0.611702	641	correct
CONTIG	NODE_2333_length_641_cov_0.487589	641	unaligned
68	465	166	563	lcl_CM027379.1_cds_KAF9612989.1_11659	NODE_2334_length_640_cov_0.781528	99.25		True
CONTIG	NODE_2334_length_640_cov_0.781528	640	correct
CONTIG	NODE_2335_length_640_cov_0.694494	640	unaligned
CONTIG	NODE_2336_length_640_cov_0.678508	640	unaligned
CONTIG	NODE_2337_length_640_cov_0.651865	640	unaligned
CONTIG	NODE_2338_length_640_cov_0.628774	640	unaligned
CONTIG	NODE_2339_length_640_cov_0.571936	640	unaligned
CONTIG	NODE_2340_length_638_cov_0.570160	638	unaligned
CONTIG	NODE_2341_length_640_cov_0.417407	640	unaligned
CONTIG	NODE_2342_length_637_cov_0.413854	637	unaligned
CONTIG	NODE_2343_length_639_cov_1.298932	639	unaligned
CONTIG	NODE_2344_length_639_cov_1.245552	639	unaligned
CONTIG	NODE_2345_length_639_cov_1.108541	639	unaligned
CONTIG	NODE_2346_length_639_cov_0.909253	639	unaligned
225	863	1	639	lcl_CM027380.1_cds_KAF9609597.1_16024	NODE_2347_length_639_cov_0.870107	99.69		True
CONTIG	NODE_2347_length_639_cov_0.870107	639	correct
59	269	290	500	lcl_CM027380.1_cds_KAF9607856.1_17015	NODE_2348_length_639_cov_0.843416	97.16		True
CONTIG	NODE_2348_length_639_cov_0.843416	639	correct
1	120	211	92	lcl_CM027383.1_cds_KAF9598748.1_30529	NODE_2349_length_639_cov_0.829181	96.67		True
unknown
170	282	363	251	lcl_CM027378.1_cds_KAF9619425.1_5901	NODE_2349_length_639_cov_0.829181	97.35		True
unknown
CONTIG	NODE_2349_length_639_cov_0.829181	639	mis_unaligned
CONTIG	NODE_2350_length_639_cov_0.761566	639	unaligned
CONTIG	NODE_2351_length_639_cov_0.758007	639	unaligned
13	185	173	1	lcl_CM027384.1_cds_KAF9591475.1_32476	NODE_2352_length_639_cov_0.704626	100.0		True
CONTIG	NODE_2352_length_639_cov_0.704626	639	correct
CONTIG	NODE_2353_length_639_cov_0.672598	639	unaligned
CONTIG	NODE_2354_length_639_cov_0.661922	639	unaligned
CONTIG	NODE_2355_length_639_cov_0.585409	639	unaligned
131	261	124	254	lcl_CM027379.1_cds_KAF9612465.1_10545	NODE_2356_length_639_cov_0.558719	96.18		True
CONTIG	NODE_2356_length_639_cov_0.558719	639	correct
CONTIG	NODE_2357_length_638_cov_18.852050	638	unaligned
163	301	390	252	lcl_CM027382.1_cds_KAF9601558.1_23432	NODE_2358_length_638_cov_1.575758	98.56		True
CONTIG	NODE_2358_length_638_cov_1.575758	638	correct
CONTIG	NODE_2359_length_638_cov_1.345811	638	unaligned
CONTIG	NODE_2360_length_638_cov_0.752228	638	unaligned
CONTIG	NODE_2361_length_638_cov_0.636364	638	unaligned
513	633	497	617	lcl_CM027381.1_cds_KAF9606536.1_20269	NODE_2362_length_638_cov_0.540107	98.35		True
CONTIG	NODE_2362_length_638_cov_0.540107	638	correct
CONTIG	NODE_2363_length_637_cov_1.739286	637	unaligned
1	133	397	529	lcl_CM027380.1_cds_KAF9608417.1_14501	NODE_2364_length_637_cov_1.230357	100.0		True
CONTIG	NODE_2364_length_637_cov_1.230357	637	correct
CONTIG	NODE_2365_length_637_cov_0.791071	637	unaligned
CONTIG	NODE_2366_length_637_cov_0.735714	637	unaligned
CONTIG	NODE_2367_length_637_cov_0.655357	637	unaligned
CONTIG	NODE_2368_length_636_cov_46.921288	636	unaligned
CONTIG	NODE_2369_length_636_cov_1.683363	636	unaligned
143	411	30	298	lcl_CM027384.1_cds_KAF9591692.1_32871	NODE_2370_length_636_cov_0.966011	99.63		True
translocation
86	313	408	635	lcl_CM027378.1_cds_KAF9619061.1_4944	NODE_2370_length_636_cov_0.966011	98.25		True
CONTIG	NODE_2370_length_636_cov_0.966011	636	misassembled
CONTIG	NODE_2371_length_636_cov_0.864043	636	unaligned
CONTIG	NODE_2372_length_633_cov_0.719141	633	unaligned
CONTIG	NODE_2373_length_636_cov_0.644007	636	unaligned
CONTIG	NODE_2374_length_636_cov_0.638640	636	unaligned
1	155	481	636	lcl_JADFTS010000012.1_cds_KAF9587256.1_39619	NODE_2375_length_636_cov_0.561717	95.51		True
CONTIG	NODE_2375_length_636_cov_0.561717	636	correct
CONTIG	NODE_2376_length_635_cov_43.342294	635	unaligned
110	246	100	235	lcl_CM027383.1_cds_KAF9595948.1_28170	NODE_2377_length_635_cov_1.306452	95.62		True
CONTIG	NODE_2377_length_635_cov_1.306452	635	correct
CONTIG	NODE_2378_length_635_cov_1.206093	635	unaligned
CONTIG	NODE_2379_length_633_cov_0.978495	633	unaligned
CONTIG	NODE_2380_length_635_cov_0.962366	635	unaligned
664	799	95	230	lcl_CM027379.1_cds_KAF9614120.1_10800	NODE_2381_length_636_cov_0.844086	97.79		True
CONTIG	NODE_2381_length_636_cov_0.844086	636	correct
1133	1250	603	486	lcl_CM027377.1_cds_KAF9625376.1_2992	NODE_2382_length_633_cov_0.722222	97.46		True
CONTIG	NODE_2382_length_633_cov_0.722222	633	correct
CONTIG	NODE_2383_length_635_cov_0.697133	635	unaligned
CONTIG	NODE_2384_length_635_cov_0.650538	635	unaligned
CONTIG	NODE_2385_length_635_cov_0.632616	635	unaligned
CONTIG	NODE_2386_length_632_cov_0.566308	632	unaligned
CONTIG	NODE_2387_length_634_cov_1.003591	634	unaligned
CONTIG	NODE_2388_length_634_cov_0.982047	634	unaligned
1	263	169	435	lcl_CM027382.1_cds_KAF9602599.1_26061	NODE_2389_length_634_cov_0.854578	96.63		True
translocation
148	294	436	584	lcl_CM027385.1_cds_KAF9587427.1_39466	NODE_2389_length_634_cov_0.854578	95.41		True
CONTIG	NODE_2389_length_634_cov_0.854578	634	misassembled
CONTIG	NODE_2390_length_633_cov_0.754039	633	unaligned
CONTIG	NODE_2391_length_634_cov_0.633752	634	unaligned
CONTIG	NODE_2392_length_633_cov_1.091727	633	unaligned
587	722	43	178	lcl_CM027379.1_cds_KAF9613057.1_9024	NODE_2393_length_633_cov_1.071942	99.26		True
indel: indel (> 5bp)
723	1096	260	633	lcl_CM027379.1_cds_KAF9613057.1_9024	NODE_2393_length_633_cov_1.071942	97.33		True
CONTIG	NODE_2393_length_633_cov_1.071942	633	correct
766	945	237	416	lcl_CM027384.1_cds_KAF9591337.1_34636	NODE_2394_length_633_cov_0.958633	97.22		True
CONTIG	NODE_2394_length_633_cov_0.958633	633	correct
CONTIG	NODE_2395_length_633_cov_0.796763	633	unaligned
CONTIG	NODE_2396_length_633_cov_0.571942	633	unaligned
CONTIG	NODE_2397_length_633_cov_0.487410	633	unaligned
CONTIG	NODE_2398_length_632_cov_1.583784	632	unaligned
CONTIG	NODE_2399_length_632_cov_1.046847	632	unaligned
CONTIG	NODE_2400_length_631_cov_1.712996	631	unaligned
CONTIG	NODE_2401_length_631_cov_1.359206	631	unaligned
1	307	325	631	lcl_CM027384.1_cds_KAF9592969.1_31535	NODE_2402_length_631_cov_1.052347	99.67		True
CONTIG	NODE_2402_length_631_cov_1.052347	631	correct
CONTIG	NODE_2403_length_631_cov_0.895307	631	unaligned
CONTIG	NODE_2404_length_631_cov_0.801444	631	unaligned
CONTIG	NODE_2405_length_631_cov_0.622744	631	unaligned
CONTIG	NODE_2406_length_630_cov_0.597473	630	unaligned
CONTIG	NODE_2407_length_631_cov_0.588448	631	unaligned
CONTIG	NODE_2408_length_631_cov_0.570397	631	unaligned
CONTIG	NODE_2409_length_631_cov_0.543321	631	unaligned
CONTIG	NODE_2410_length_631_cov_0.494585	631	unaligned
CONTIG	NODE_2411_length_630_cov_1.303797	630	unaligned
CONTIG	NODE_2412_length_630_cov_0.981917	630	unaligned
CONTIG	NODE_2413_length_629_cov_0.831826	629	unaligned
CONTIG	NODE_2414_length_630_cov_0.808318	630	unaligned
CONTIG	NODE_2415_length_629_cov_0.956522	629	unaligned
CONTIG	NODE_2416_length_629_cov_0.902174	629	unaligned
37	216	403	224	lcl_CM027384.1_cds_KAF9592632.1_35015	NODE_2417_length_629_cov_0.880435	98.89		True
CONTIG	NODE_2417_length_629_cov_0.880435	629	correct
CONTIG	NODE_2418_length_629_cov_0.826087	629	unaligned
CONTIG	NODE_2419_length_629_cov_0.788043	629	unaligned
150	267	432	549	lcl_CM027381.1_cds_KAF9605102.1_21808	NODE_2420_length_629_cov_0.755435	99.15		True
CONTIG	NODE_2420_length_629_cov_0.755435	629	correct
1018	1217	104	303	lcl_CM027378.1_cds_KAF9620738.1_5239	NODE_2421_length_629_cov_0.634058	95.0		True
CONTIG	NODE_2421_length_629_cov_0.634058	629	correct
CONTIG	NODE_2422_length_628_cov_1.003630	628	unaligned
90	161	7	78	lcl_CM027380.1_cds_KAF9611535.1_15555	NODE_2423_length_628_cov_0.970962	98.61		True
CONTIG	NODE_2423_length_628_cov_0.970962	628	correct_unaligned
CONTIG	NODE_2424_length_628_cov_0.811252	628	unaligned
CONTIG	NODE_2425_length_628_cov_0.635209	628	unaligned
CONTIG	NODE_2426_length_628_cov_0.564428	628	unaligned
CONTIG	NODE_2427_length_619_cov_2.865455	619	unaligned
CONTIG	NODE_2428_length_627_cov_1.460000	627	unaligned
CONTIG	NODE_2429_length_627_cov_1.372727	627	unaligned
382	612	542	314	lcl_CM027383.1_cds_KAF9598281.1_28468	NODE_2430_length_627_cov_1.209091	96.1		True
CONTIG	NODE_2430_length_627_cov_1.209091	627	correct
CONTIG	NODE_2431_length_627_cov_1.194545	627	unaligned
50	191	146	5	lcl_CM027380.1_cds_KAF9609605.1_16037	NODE_2432_length_626_cov_0.860000	97.89		True
CONTIG	NODE_2432_length_626_cov_0.860000	626	correct
474	546	320	392	lcl_CM027384.1_cds_KAF9592830.1_32453	NODE_2433_length_627_cov_0.823636	100.0		True
unknown
51	171	469	589	lcl_CM027383.1_cds_KAF9597139.1_30393	NODE_2433_length_627_cov_0.823636	100.0		True
unknown
CONTIG	NODE_2433_length_627_cov_0.823636	627	mis_unaligned
140	562	423	1	lcl_CM027385.1_cds_KAF9590365.1_38006	NODE_2434_length_627_cov_0.630909	97.65		True
translocation
41	151	533	424	lcl_CM027379.1_cds_KAF9617217.1_13982	NODE_2434_length_627_cov_0.630909	96.92		True
CONTIG	NODE_2434_length_627_cov_0.630909	627	misassembled
158	284	158	32	lcl_CM027381.1_cds_KAF9606716.1_22416	NODE_2435_length_627_cov_0.621818	97.64		True
unknown
3	157	399	245	lcl_CM027381.1_cds_KAF9606716.1_22416	NODE_2435_length_627_cov_0.621818	96.77		True
unknown
CONTIG	NODE_2435_length_627_cov_0.621818	627	mis_unaligned
CONTIG	NODE_2436_length_626_cov_2.010929	626	unaligned
1	101	98	1	lcl_JADFTS010000056.1_cds_KAF9587031.1_39706	NODE_2437_length_625_cov_1.506375	96.04		True
CONTIG	NODE_2437_length_625_cov_1.506375	625	correct_unaligned
CONTIG	NODE_2438_length_626_cov_1.058288	626	unaligned
CONTIG	NODE_2439_length_626_cov_0.901639	626	unaligned
1	304	373	70	lcl_CM027380.1_cds_KAF9610604.1_17668	NODE_2440_length_626_cov_0.883424	95.07		True
translocation
1156	1248	594	501	lcl_CM027380.1_cds_KAF9610605.1_17667	NODE_2440_length_626_cov_0.883424	95.74		True
CONTIG	NODE_2440_length_626_cov_0.883424	626	misassembled
CONTIG	NODE_2441_length_626_cov_0.879781	626	unaligned
244	423	537	358	lcl_CM027384.1_cds_KAF9590978.1_33556	NODE_2442_length_626_cov_0.786885	99.44		True
CONTIG	NODE_2442_length_626_cov_0.786885	626	correct
820	960	260	400	lcl_CM027380.1_cds_KAF9611608.1_17758	NODE_2443_length_625_cov_0.835766	97.87		True
CONTIG	NODE_2443_length_625_cov_0.835766	625	correct
9	215	47	254	lcl_CM027382.1_cds_KAF9603444.1_24377	NODE_2444_length_625_cov_0.762774	96.63		True
unknown
73	176	312	415	lcl_CM027379.1_cds_KAF9617240.1_11763	NODE_2444_length_625_cov_0.762774	99.04		True
unknown
CONTIG	NODE_2444_length_625_cov_0.762774	625	mis_unaligned
CONTIG	NODE_2445_length_625_cov_0.532847	625	unaligned
CONTIG	NODE_2446_length_625_cov_0.403285	625	unaligned
CONTIG	NODE_2447_length_624_cov_1.709324	624	unaligned
CONTIG	NODE_2448_length_624_cov_1.182815	624	unaligned
CONTIG	NODE_2449_length_624_cov_0.906764	624	unaligned
CONTIG	NODE_2450_length_624_cov_0.776965	624	unaligned
309	469	619	459	lcl_CM027380.1_cds_KAF9607778.1_16574	NODE_2451_length_624_cov_0.700183	97.52		True
CONTIG	NODE_2451_length_624_cov_0.700183	624	correct
CONTIG	NODE_2452_length_624_cov_0.676417	624	unaligned
CONTIG	NODE_2453_length_624_cov_0.639854	624	unaligned
215	405	295	105	lcl_CM027379.1_cds_KAF9615250.1_11923	NODE_2454_length_624_cov_0.634369	96.34		True
CONTIG	NODE_2454_length_624_cov_0.634369	624	correct
CONTIG	NODE_2455_length_624_cov_0.621572	624	unaligned
CONTIG	NODE_2456_length_624_cov_0.616088	624	unaligned
CONTIG	NODE_2457_length_624_cov_0.595978	624	unaligned
CONTIG	NODE_2458_length_623_cov_1.470696	623	unaligned
218	329	127	16	lcl_CM027384.1_cds_KAF9594873.1_33669	NODE_2459_length_623_cov_1.126374	99.11		True
unknown
1402	1521	337	218	lcl_CM027380.1_cds_KAF9608886.1_14869	NODE_2459_length_623_cov_1.126374	99.17		True
unknown
CONTIG	NODE_2459_length_623_cov_1.126374	623	mis_unaligned
574	741	285	118	lcl_CM027378.1_cds_KAF9618834.1_6350	NODE_2460_length_623_cov_1.080586	97.02		True
CONTIG	NODE_2460_length_623_cov_1.080586	623	correct
CONTIG	NODE_2461_length_623_cov_0.703297	623	unaligned
CONTIG	NODE_2462_length_623_cov_0.675824	623	unaligned
CONTIG	NODE_2463_length_623_cov_0.582418	623	unaligned
CONTIG	NODE_2464_length_623_cov_0.483516	623	unaligned
CONTIG	NODE_2465_length_622_cov_8.511927	622	unaligned
59	236	178	1	lcl_CM027381.1_cds_KAF9605041.1_19870	NODE_2466_length_622_cov_1.005505	99.44		True
CONTIG	NODE_2466_length_622_cov_1.005505	622	correct
CONTIG	NODE_2467_length_621_cov_0.678899	621	unaligned
CONTIG	NODE_2468_length_622_cov_0.445872	622	unaligned
CONTIG	NODE_2469_length_621_cov_1.352941	621	unaligned
1	306	246	551	lcl_CM027382.1_cds_KAF9602046.1_23649	NODE_2470_length_621_cov_1.198529	98.04		True
CONTIG	NODE_2470_length_621_cov_1.198529	621	correct
CONTIG	NODE_2471_length_621_cov_0.990809	621	unaligned
CONTIG	NODE_2472_length_621_cov_0.898897	621	unaligned
CONTIG	NODE_2473_length_621_cov_0.895221	621	unaligned
CONTIG	NODE_2474_length_621_cov_0.762868	621	unaligned
2285	2436	1	152	lcl_CM027385.1_cds_KAF9590431.1_37814	NODE_2475_length_621_cov_0.698529	100.0		True
CONTIG	NODE_2475_length_621_cov_0.698529	621	correct
97	211	294	180	lcl_CM027380.1_cds_KAF9609761.1_15939	NODE_2476_length_621_cov_0.676471	99.13		True
unknown
1	172	380	551	lcl_CM027379.1_cds_KAF9615280.1_9124	NODE_2476_length_621_cov_0.676471	97.67		True
unknown
CONTIG	NODE_2476_length_621_cov_0.676471	621	mis_unaligned
CONTIG	NODE_2477_length_621_cov_0.669118	621	unaligned
CONTIG	NODE_2478_length_621_cov_0.669118	621	unaligned
CONTIG	NODE_2479_length_621_cov_0.661765	621	unaligned
CONTIG	NODE_2480_length_614_cov_0.628676	614	unaligned
CONTIG	NODE_2481_length_621_cov_0.590074	621	unaligned
CONTIG	NODE_2482_length_621_cov_0.481618	621	unaligned
CONTIG	NODE_2483_length_620_cov_1.075506	620	unaligned
CONTIG	NODE_2484_length_620_cov_0.992634	620	unaligned
1114	1259	146	1	lcl_CM027379.1_cds_KAF9615292.1_9116	NODE_2485_length_620_cov_0.918969	99.32		True
local misassembly
433	661	617	389	lcl_CM027379.1_cds_KAF9615292.1_9116	NODE_2485_length_620_cov_0.918969	96.51		True
CONTIG	NODE_2485_length_620_cov_0.918969	620	correct
42	172	489	619	lcl_CM027377.1_cds_KAF9623237.1_1617	NODE_2486_length_620_cov_0.716390	96.18		True
CONTIG	NODE_2486_length_620_cov_0.716390	620	correct
CONTIG	NODE_2487_length_620_cov_0.627993	620	unaligned
CONTIG	NODE_2488_length_619_cov_58.540590	619	unaligned
CONTIG	NODE_2489_length_619_cov_1.996310	619	unaligned
CONTIG	NODE_2490_length_619_cov_1.250923	619	unaligned
CONTIG	NODE_2491_length_619_cov_1.095941	619	unaligned
CONTIG	NODE_2492_length_619_cov_0.756458	619	unaligned
CONTIG	NODE_2493_length_619_cov_0.673432	619	unaligned
CONTIG	NODE_2494_length_619_cov_0.629151	619	unaligned
182	288	234	340	lcl_CM027377.1_cds_KAF9625110.1_1536	NODE_2495_length_619_cov_0.592251	100.0		True
unknown
439	511	497	569	lcl_CM027377.1_cds_KAF9624611.1_1847	NODE_2495_length_619_cov_0.592251	100.0		True
unknown
CONTIG	NODE_2495_length_619_cov_0.592251	619	mis_unaligned
CONTIG	NODE_2496_length_619_cov_0.483395	619	unaligned
173	272	72	171	lcl_CM027381.1_cds_KAF9606270.1_20558	NODE_2497_length_618_cov_1.157116	100.0		True
unknown
273	416	253	396	lcl_CM027381.1_cds_KAF9606270.1_20558	NODE_2497_length_618_cov_1.157116	99.31		True
unknown
CONTIG	NODE_2497_length_618_cov_1.157116	618	mis_unaligned
1	95	417	323	lcl_CM027377.1_cds_KAF9623299.1_1680	NODE_2498_length_618_cov_0.868762	100.0		True
CONTIG	NODE_2498_length_618_cov_0.868762	618	correct
CONTIG	NODE_2499_length_618_cov_0.811460	618	unaligned
1	247	292	46	lcl_CM027379.1_cds_KAF9617224.1_13991	NODE_2500_length_618_cov_0.794824	98.79		True
CONTIG	NODE_2500_length_618_cov_0.794824	618	correct
CONTIG	NODE_2501_length_618_cov_0.759704	618	unaligned
130	469	340	1	lcl_CM027378.1_cds_KAF9620354.1_3964	NODE_2502_length_618_cov_0.754159	98.53		True
translocation
654	914	601	341	lcl_CM027379.1_cds_KAF9615705.1_13059	NODE_2502_length_618_cov_0.754159	98.47		True
CONTIG	NODE_2502_length_618_cov_0.754159	618	misassembled
852	930	66	144	lcl_CM027383.1_cds_KAF9598584.1_29633	NODE_2503_length_618_cov_0.617375	97.47		True
CONTIG	NODE_2503_length_618_cov_0.617375	618	correct
CONTIG	NODE_2504_length_618_cov_0.513863	618	unaligned
CONTIG	NODE_2505_length_618_cov_0.499076	618	unaligned
CONTIG	NODE_2506_length_617_cov_11.431481	617	unaligned
CONTIG	NODE_2507_length_617_cov_1.457407	617	unaligned
533	793	351	611	lcl_CM027381.1_cds_KAF9607304.1_20497	NODE_2508_length_617_cov_1.100000	95.4		True
CONTIG	NODE_2508_length_617_cov_1.100000	617	correct
CONTIG	NODE_2509_length_617_cov_0.838889	617	unaligned
CONTIG	NODE_2510_length_617_cov_0.774074	617	unaligned
1892	2000	124	232	lcl_CM027384.1_cds_KAF9595025.1_35701	NODE_2511_length_616_cov_0.764815	97.25		True
unknown
1099	1237	344	482	lcl_CM027384.1_cds_KAF9593313.1_35271	NODE_2511_length_616_cov_0.764815	96.4		True
unknown
CONTIG	NODE_2511_length_616_cov_0.764815	616	mis_unaligned
CONTIG	NODE_2512_length_617_cov_0.729630	617	unaligned
CONTIG	NODE_2513_length_617_cov_0.685185	617	unaligned
CONTIG	NODE_2514_length_617_cov_0.581481	617	unaligned
7	208	201	1	lcl_CM027382.1_cds_KAF9603388.1_25795	NODE_2515_length_617_cov_0.570370	96.53		True
translocation
980	1171	617	426	lcl_CM027385.1_cds_KAF9590605.1_37037	NODE_2515_length_617_cov_0.570370	98.44		True
CONTIG	NODE_2515_length_617_cov_0.570370	617	misassembled
CONTIG	NODE_2516_length_616_cov_1.083488	616	unaligned
1	263	341	603	lcl_CM027378.1_cds_KAF9620452.1_3748	NODE_2517_length_616_cov_1.048237	97.34		True
CONTIG	NODE_2517_length_616_cov_1.048237	616	correct
CONTIG	NODE_2518_length_616_cov_0.894249	616	unaligned
92	258	453	287	lcl_CM027377.1_cds_KAF9625061.1_2058	NODE_2519_length_616_cov_0.862709	95.81		True
CONTIG	NODE_2519_length_616_cov_0.862709	616	correct
CONTIG	NODE_2520_length_616_cov_0.795918	616	unaligned
CONTIG	NODE_2521_length_616_cov_0.719852	616	unaligned
CONTIG	NODE_2522_length_612_cov_0.692022	612	unaligned
CONTIG	NODE_2523_length_616_cov_0.686456	616	unaligned
CONTIG	NODE_2524_length_616_cov_0.680891	616	unaligned
CONTIG	NODE_2525_length_614_cov_0.660482	614	unaligned
CONTIG	NODE_2526_length_616_cov_0.615955	616	unaligned
785	1305	563	46	lcl_CM027379.1_cds_KAF9614823.1_12922	NODE_2527_length_616_cov_0.547310	95.01		True
CONTIG	NODE_2527_length_616_cov_0.547310	616	correct
CONTIG	NODE_2528_length_616_cov_0.513915	616	unaligned
CONTIG	NODE_2529_length_615_cov_0.882900	615	unaligned
CONTIG	NODE_2530_length_614_cov_0.770950	614	unaligned
CONTIG	NODE_2531_length_614_cov_0.743017	614	unaligned
818	907	199	288	lcl_CM027382.1_cds_KAF9600725.1_25151	NODE_2532_length_614_cov_0.741155	100.0		True
CONTIG	NODE_2532_length_614_cov_0.741155	614	correct
CONTIG	NODE_2533_length_614_cov_0.595903	614	unaligned
CONTIG	NODE_2534_length_613_cov_1.001866	613	unaligned
CONTIG	NODE_2535_length_613_cov_0.854478	613	unaligned
471	967	613	117	lcl_CM027379.1_cds_KAF9617705.1_8859	NODE_2536_length_613_cov_0.843284	98.39		True
CONTIG	NODE_2536_length_613_cov_0.843284	613	correct
934	1015	82	1	lcl_CM027385.1_cds_KAF9588478.1_36579	NODE_2537_length_613_cov_0.843284	98.78		True
CONTIG	NODE_2537_length_613_cov_0.843284	613	correct_unaligned
CONTIG	NODE_2538_length_613_cov_0.837687	613	unaligned
CONTIG	NODE_2539_length_613_cov_0.638060	613	unaligned
CONTIG	NODE_2540_length_613_cov_0.598881	613	unaligned
4	356	472	120	lcl_CM027385.1_cds_KAF9588544.1_35937	NODE_2541_length_613_cov_0.589552	97.17		True
CONTIG	NODE_2541_length_613_cov_0.589552	613	correct
CONTIG	NODE_2542_length_612_cov_17.930841	612	unaligned
416	549	347	480	lcl_CM027377.1_cds_KAF9626582.1_1385	NODE_2543_length_612_cov_0.715888	99.25		True
CONTIG	NODE_2543_length_612_cov_0.715888	612	correct
CONTIG	NODE_2544_length_612_cov_0.689720	612	unaligned
CONTIG	NODE_2545_length_612_cov_0.663551	612	unaligned
CONTIG	NODE_2546_length_612_cov_0.661682	612	unaligned
CONTIG	NODE_2547_length_612_cov_0.611215	612	unaligned
CONTIG	NODE_2548_length_612_cov_0.570093	612	unaligned
CONTIG	NODE_2549_length_611_cov_1.449438	611	unaligned
CONTIG	NODE_2550_length_611_cov_1.235955	611	unaligned
CONTIG	NODE_2551_length_611_cov_1.161049	611	unaligned
CONTIG	NODE_2552_length_611_cov_0.844569	611	unaligned
1	380	197	576	lcl_CM027383.1_cds_KAF9597929.1_29766	NODE_2553_length_611_cov_0.666667	97.37		True
CONTIG	NODE_2553_length_611_cov_0.666667	611	correct
CONTIG	NODE_2554_length_611_cov_0.646067	611	unaligned
CONTIG	NODE_2555_length_608_cov_0.558052	608	unaligned
3078	3227	69	218	lcl_CM027381.1_cds_KAF9606048.1_22577	NODE_2556_length_610_cov_0.851782	98.0		True
CONTIG	NODE_2556_length_610_cov_0.851782	610	correct
CONTIG	NODE_2557_length_610_cov_0.799250	610	unaligned
CONTIG	NODE_2558_length_610_cov_0.757974	610	unaligned
CONTIG	NODE_2559_length_610_cov_0.750469	610	unaligned
CONTIG	NODE_2560_length_610_cov_0.652908	610	unaligned
CONTIG	NODE_2561_length_609_cov_0.639775	609	unaligned
CONTIG	NODE_2562_length_610_cov_0.624765	610	unaligned
CONTIG	NODE_2563_length_610_cov_0.587242	610	unaligned
CONTIG	NODE_2564_length_610_cov_0.557223	610	unaligned
CONTIG	NODE_2565_length_610_cov_0.500938	610	unaligned
CONTIG	NODE_2566_length_610_cov_0.347092	610	unaligned
CONTIG	NODE_2567_length_609_cov_2.077068	609	unaligned
2	78	81	1	lcl_CM027383.1_cds_KAF9598890.1_29990	NODE_2568_length_609_cov_1.259398	95.06		True
CONTIG	NODE_2568_length_609_cov_1.259398	609	correct_unaligned
CONTIG	NODE_2569_length_609_cov_1.112782	609	unaligned
509	961	452	3	lcl_CM027384.1_cds_KAF9592418.1_31485	NODE_2570_length_609_cov_0.793233	95.58		True
CONTIG	NODE_2570_length_609_cov_0.793233	609	correct
CONTIG	NODE_2571_length_609_cov_0.753759	609	unaligned
263	336	327	400	lcl_CM027378.1_cds_KAF9621386.1_7410	NODE_2572_length_609_cov_0.639098	98.65		True
CONTIG	NODE_2572_length_609_cov_0.639098	609	correct
CONTIG	NODE_2573_length_600_cov_0.635338	600	unaligned
897	1048	459	308	lcl_CM027381.1_cds_KAF9607034.1_21893	NODE_2574_length_607_cov_2.824859	95.39		True
CONTIG	NODE_2574_length_607_cov_2.824859	607	correct
CONTIG	NODE_2575_length_608_cov_2.337100	608	unaligned
152	272	121	1	lcl_CM027380.1_cds_KAF9611043.1_17601	NODE_2576_length_608_cov_1.082863	99.17		True
translocation
688	1027	558	219	lcl_CM027384.1_cds_KAF9595065.1_34277	NODE_2576_length_608_cov_1.082863	99.12		True
CONTIG	NODE_2576_length_608_cov_1.082863	608	misassembled
CONTIG	NODE_2577_length_608_cov_1.007533	608	unaligned
1	134	344	477	lcl_CM027384.1_cds_KAF9593469.1_35776	NODE_2578_length_608_cov_0.949153	100.0		True
CONTIG	NODE_2578_length_608_cov_0.949153	608	correct
CONTIG	NODE_2579_length_608_cov_0.917137	608	unaligned
CONTIG	NODE_2580_length_602_cov_0.903955	602	unaligned
64	129	63	128	lcl_CM027378.1_cds_KAF9619267.1_4325	NODE_2581_length_608_cov_0.822976	100.0		True
unknown
86	169	241	324	lcl_CM027377.1_cds_KAF9623362.1_3141	NODE_2581_length_608_cov_0.822976	100.0		True
unknown
CONTIG	NODE_2581_length_608_cov_0.822976	608	mis_unaligned
CONTIG	NODE_2582_length_608_cov_0.798493	608	unaligned
CONTIG	NODE_2583_length_608_cov_0.679849	608	unaligned
1253	1413	57	217	lcl_CM027380.1_cds_KAF9609403.1_14859	NODE_2584_length_608_cov_0.676083	100.0		True
CONTIG	NODE_2584_length_608_cov_0.676083	608	correct
CONTIG	NODE_2585_length_608_cov_0.606403	608	unaligned
CONTIG	NODE_2586_length_608_cov_0.527307	608	unaligned
CONTIG	NODE_2587_length_608_cov_0.499058	608	unaligned
CONTIG	NODE_2588_length_607_cov_1.784906	607	unaligned
215	375	9	170	lcl_CM027378.1_cds_KAF9619964.1_5396	NODE_2589_length_607_cov_1.388679	96.93		True
unknown
901	1021	257	378	lcl_CM027378.1_cds_KAF9619239.1_7699	NODE_2589_length_607_cov_1.388679	95.9		True
unknown
CONTIG	NODE_2589_length_607_cov_1.388679	607	mis_unaligned
402	610	389	181	lcl_CM027382.1_cds_KAF9601110.1_26834	NODE_2590_length_607_cov_0.969811	99.52		True
CONTIG	NODE_2590_length_607_cov_0.969811	607	correct
CONTIG	NODE_2591_length_607_cov_0.792453	607	unaligned
CONTIG	NODE_2592_length_607_cov_0.775472	607	unaligned
CONTIG	NODE_2593_length_607_cov_0.752830	607	unaligned
CONTIG	NODE_2594_length_607_cov_0.732075	607	unaligned
CONTIG	NODE_2595_length_607_cov_0.637736	607	unaligned
CONTIG	NODE_2596_length_607_cov_0.600000	607	unaligned
CONTIG	NODE_2597_length_607_cov_0.439623	607	unaligned
CONTIG	NODE_2598_length_606_cov_1.107750	606	unaligned
CONTIG	NODE_2599_length_606_cov_1.103970	606	unaligned
CONTIG	NODE_2600_length_606_cov_0.835539	606	unaligned
468	612	10	154	lcl_CM027384.1_cds_KAF9592858.1_32422	NODE_2601_length_606_cov_0.833648	100.0		True
CONTIG	NODE_2601_length_606_cov_0.833648	606	correct
CONTIG	NODE_2602_length_606_cov_0.642722	606	unaligned
600	735	1	136	lcl_CM027378.1_cds_KAF9618258.1_6120	NODE_2603_length_606_cov_0.597353	100.0		True
CONTIG	NODE_2603_length_606_cov_0.597353	606	correct
CONTIG	NODE_2604_length_606_cov_0.582231	606	unaligned
CONTIG	NODE_2605_length_606_cov_0.540643	606	unaligned
CONTIG	NODE_2606_length_606_cov_0.372401	606	unaligned
CONTIG	NODE_2607_length_605_cov_0.996212	605	unaligned
CONTIG	NODE_2608_length_605_cov_0.708333	605	unaligned
CONTIG	NODE_2609_length_605_cov_0.579545	605	unaligned
CONTIG	NODE_2610_length_605_cov_0.549242	605	unaligned
CONTIG	NODE_2611_length_605_cov_0.541667	605	unaligned
CONTIG	NODE_2612_length_600_cov_0.537879	600	unaligned
CONTIG	NODE_2613_length_605_cov_0.532197	605	unaligned
CONTIG	NODE_2614_length_604_cov_1.516129	604	unaligned
130	228	275	177	lcl_CM027381.1_cds_KAF9604652.1_20181	NODE_2615_length_604_cov_1.301708	96.97		True
CONTIG	NODE_2615_length_604_cov_1.301708	604	correct
CONTIG	NODE_2616_length_604_cov_1.222011	604	unaligned
CONTIG	NODE_2617_length_604_cov_0.992410	604	unaligned
CONTIG	NODE_2618_length_604_cov_0.882353	604	unaligned
CONTIG	NODE_2619_length_603_cov_0.703985	603	unaligned
24	193	182	13	lcl_CM027383.1_cds_KAF9597132.1_30385	NODE_2620_length_604_cov_0.650854	95.88		True
CONTIG	NODE_2620_length_604_cov_0.650854	604	correct
22	233	508	297	lcl_CM027380.1_cds_KAF9609360.1_17415	NODE_2621_length_604_cov_0.527514	95.28		True
CONTIG	NODE_2621_length_604_cov_0.527514	604	correct
CONTIG	NODE_2622_length_602_cov_7.941065	602	unaligned
CONTIG	NODE_2623_length_603_cov_0.579848	603	unaligned
CONTIG	NODE_2624_length_602_cov_1.660952	602	unaligned
CONTIG	NODE_2625_length_602_cov_1.160000	602	unaligned
CONTIG	NODE_2626_length_602_cov_0.777143	602	unaligned
220	439	1	220	lcl_CM027379.1_cds_KAF9616157.1_13039	NODE_2627_length_602_cov_0.630476	100.0		True
translocation
407	595	396	584	lcl_CM027384.1_cds_KAF9593204.1_31761	NODE_2627_length_602_cov_0.630476	97.35		True
CONTIG	NODE_2627_length_602_cov_0.630476	602	misassembled
CONTIG	NODE_2628_length_602_cov_0.617143	602	unaligned
CONTIG	NODE_2629_length_602_cov_0.584762	602	unaligned
CONTIG	NODE_2630_length_602_cov_0.573333	602	unaligned
CONTIG	NODE_2631_length_601_cov_1.454198	601	unaligned
CONTIG	NODE_2632_length_602_cov_1.299618	602	unaligned
CONTIG	NODE_2633_length_601_cov_0.912214	601	unaligned
CONTIG	NODE_2634_length_601_cov_0.780534	601	unaligned
CONTIG	NODE_2635_length_601_cov_0.618321	601	unaligned
547	627	600	520	lcl_CM027382.1_cds_KAF9599859.1_23150	NODE_2636_length_600_cov_1.063098	100.0		True
CONTIG	NODE_2636_length_600_cov_1.063098	600	correct_unaligned
86	162	134	210	lcl_CM027383.1_cds_KAF9597278.1_27336	NODE_2637_length_600_cov_0.917782	100.0		True
unknown
961	1107	454	600	lcl_CM027380.1_cds_KAF9612393.1_14611	NODE_2637_length_600_cov_0.917782	97.28		True
unknown
CONTIG	NODE_2637_length_600_cov_0.917782	600	mis_unaligned
1	209	122	330	lcl_CM027383.1_cds_KAF9599356.1_27400	NODE_2638_length_600_cov_0.885277	100.0		True
CONTIG	NODE_2638_length_600_cov_0.885277	600	correct
CONTIG	NODE_2639_length_600_cov_0.810707	600	unaligned
1	191	45	235	lcl_CM027383.1_cds_KAF9597442.1_28281	NODE_2640_length_600_cov_0.770554	96.34		True
CONTIG	NODE_2640_length_600_cov_0.770554	600	correct
CONTIG	NODE_2641_length_600_cov_0.759082	600	unaligned
CONTIG	NODE_2642_length_600_cov_0.699809	600	unaligned
CONTIG	NODE_2643_length_600_cov_0.642447	600	unaligned
283	555	594	325	lcl_CM027380.1_cds_KAF9610990.1_18867	NODE_2644_length_600_cov_0.608031	96.7		True
CONTIG	NODE_2644_length_600_cov_0.608031	600	correct
CONTIG	NODE_2645_length_600_cov_0.606119	600	unaligned
97	343	517	271	lcl_CM027379.1_cds_KAF9615955.1_11861	NODE_2646_length_600_cov_0.520076	95.55		True
CONTIG	NODE_2646_length_600_cov_0.520076	600	correct
2246	2476	230	1	lcl_CM027383.1_cds_KAF9597090.1_28828	NODE_2647_length_600_cov_0.491396	99.13		True
CONTIG	NODE_2647_length_600_cov_0.491396	600	correct
CONTIG	NODE_2648_length_600_cov_0.483748	600	unaligned
CONTIG	NODE_2649_length_600_cov_0.317400	600	unaligned
CONTIG	NODE_2650_length_599_cov_21.697318	599	unaligned
CONTIG	NODE_2651_length_599_cov_1.111111	599	unaligned
194	274	265	345	lcl_CM027383.1_cds_KAF9596048.1_27496	NODE_2652_length_599_cov_1.086207	100.0		True
CONTIG	NODE_2652_length_599_cov_1.086207	599	correct
54	380	272	598	lcl_CM027385.1_cds_KAF9587571.1_36666	NODE_2653_length_599_cov_0.909962	99.39		True
CONTIG	NODE_2653_length_599_cov_0.909962	599	correct
CONTIG	NODE_2654_length_599_cov_0.844828	599	unaligned
634	1003	1	370	lcl_CM027380.1_cds_KAF9610896.1_16817	NODE_2655_length_599_cov_0.775862	97.3		True
CONTIG	NODE_2655_length_599_cov_0.775862	599	correct
CONTIG	NODE_2656_length_599_cov_0.528736	599	unaligned
CONTIG	NODE_2657_length_599_cov_0.325670	599	unaligned
CONTIG	NODE_2658_length_598_cov_14.255278	598	unaligned
702	792	445	355	lcl_CM027382.1_cds_KAF9599982.1_24196	NODE_2659_length_598_cov_1.120921	97.8		True
CONTIG	NODE_2659_length_598_cov_1.120921	598	correct
CONTIG	NODE_2660_length_598_cov_1.086372	598	unaligned
CONTIG	NODE_2661_length_598_cov_0.775432	598	unaligned
CONTIG	NODE_2662_length_598_cov_0.702495	598	unaligned
CONTIG	NODE_2663_length_598_cov_0.667946	598	unaligned
313	399	125	211	lcl_CM027381.1_cds_KAF9605549.1_21572	NODE_2664_length_598_cov_0.656430	100.0		True
CONTIG	NODE_2664_length_598_cov_0.656430	598	correct
CONTIG	NODE_2665_length_597_cov_17.601923	597	unaligned
CONTIG	NODE_2666_length_597_cov_16.575000	597	unaligned
CONTIG	NODE_2667_length_597_cov_2.069231	597	unaligned
CONTIG	NODE_2668_length_597_cov_1.805769	597	unaligned
CONTIG	NODE_2669_length_597_cov_0.850000	597	unaligned
392	502	130	20	lcl_CM027378.1_cds_KAF9620836.1_8297	NODE_2670_length_597_cov_0.809615	98.2		True
unknown
284	391	309	202	lcl_CM027378.1_cds_KAF9620836.1_8297	NODE_2670_length_597_cov_0.809615	99.07		True
unknown
CONTIG	NODE_2670_length_597_cov_0.809615	597	mis_unaligned
CONTIG	NODE_2671_length_596_cov_0.784615	596	unaligned
CONTIG	NODE_2672_length_597_cov_0.761538	597	unaligned
CONTIG	NODE_2673_length_597_cov_0.619231	597	unaligned
CONTIG	NODE_2674_length_597_cov_0.519231	597	unaligned
CONTIG	NODE_2675_length_595_cov_0.515385	595	unaligned
CONTIG	NODE_2676_length_597_cov_0.359615	597	unaligned
675	865	218	409	lcl_CM027380.1_cds_KAF9607877.1_18194	NODE_2677_length_596_cov_1.057803	99.48		True
CONTIG	NODE_2677_length_596_cov_1.057803	596	correct
91	430	1	340	lcl_CM027379.1_cds_KAF9615006.1_10058	NODE_2678_length_596_cov_1.052023	100.0		True
CONTIG	NODE_2678_length_596_cov_1.052023	596	correct
CONTIG	NODE_2679_length_596_cov_0.973025	596	unaligned
CONTIG	NODE_2680_length_596_cov_0.842004	596	unaligned
642	813	380	551	lcl_CM027377.1_cds_KAF9623930.1_2282	NODE_2681_length_596_cov_0.828516	98.84		True
CONTIG	NODE_2681_length_596_cov_0.828516	596	correct
CONTIG	NODE_2682_length_599_cov_0.828516	599	unaligned
1	120	176	57	lcl_CM027385.1_cds_KAF9590020.1_37274	NODE_2683_length_596_cov_0.811175	100.0		True
CONTIG	NODE_2683_length_596_cov_0.811175	596	correct
CONTIG	NODE_2684_length_596_cov_0.745665	596	unaligned
CONTIG	NODE_2685_length_596_cov_0.603083	596	unaligned
1094	1232	451	313	lcl_CM027379.1_cds_KAF9615140.1_11841	NODE_2686_length_596_cov_0.483622	95.68		True
CONTIG	NODE_2686_length_596_cov_0.483622	596	correct
CONTIG	NODE_2687_length_596_cov_0.462428	596	unaligned
CONTIG	NODE_2688_length_595_cov_8.714286	595	unaligned
CONTIG	NODE_2689_length_595_cov_1.534749	595	unaligned
CONTIG	NODE_2690_length_595_cov_1.204633	595	unaligned
CONTIG	NODE_2691_length_595_cov_0.972973	595	unaligned
CONTIG	NODE_2692_length_595_cov_0.955598	595	unaligned
CONTIG	NODE_2693_length_595_cov_0.681467	595	unaligned
CONTIG	NODE_2694_length_595_cov_0.619691	595	unaligned
CONTIG	NODE_2695_length_595_cov_0.559846	595	unaligned
CONTIG	NODE_2696_length_595_cov_0.492278	595	unaligned
CONTIG	NODE_2697_length_595_cov_0.440154	595	unaligned
CONTIG	NODE_2698_length_595_cov_0.432432	595	unaligned
CONTIG	NODE_2699_length_593_cov_0.405405	593	unaligned
CONTIG	NODE_2700_length_594_cov_1.976789	594	unaligned
409	895	502	13	lcl_CM027382.1_cds_KAF9601466.1_23360	NODE_2701_length_594_cov_1.141199	97.76		True
CONTIG	NODE_2701_length_594_cov_1.141199	594	correct
CONTIG	NODE_2702_length_594_cov_0.882012	594	unaligned
865	1151	448	159	lcl_CM027378.1_cds_KAF9621816.1_6010	NODE_2703_length_594_cov_0.854932	97.24		True
CONTIG	NODE_2703_length_594_cov_0.854932	594	correct
480	656	339	163	lcl_CM027378.1_cds_KAF9622864.1_4701	NODE_2704_length_594_cov_0.847195	100.0		True
CONTIG	NODE_2704_length_594_cov_0.847195	594	correct
CONTIG	NODE_2705_length_594_cov_0.787234	594	unaligned
CONTIG	NODE_2706_length_594_cov_0.711799	594	unaligned
CONTIG	NODE_2707_length_594_cov_0.651838	594	unaligned
CONTIG	NODE_2708_length_594_cov_0.649903	594	unaligned
CONTIG	NODE_2709_length_594_cov_0.595745	594	unaligned
CONTIG	NODE_2710_length_594_cov_0.580271	594	unaligned
CONTIG	NODE_2711_length_594_cov_0.539652	594	unaligned
CONTIG	NODE_2712_length_594_cov_0.456480	594	unaligned
CONTIG	NODE_2713_length_593_cov_0.326886	593	unaligned
585	732	300	447	lcl_CM027383.1_cds_KAF9597243.1_27294	NODE_2714_length_593_cov_1.019380	98.65		True
CONTIG	NODE_2714_length_593_cov_1.019380	593	correct
CONTIG	NODE_2715_length_593_cov_0.862403	593	unaligned
265	441	559	383	lcl_CM027378.1_cds_KAF9621632.1_7228	NODE_2716_length_593_cov_0.860465	95.48		True
CONTIG	NODE_2716_length_593_cov_0.860465	593	correct
CONTIG	NODE_2717_length_593_cov_0.738372	593	unaligned
83	281	285	483	lcl_CM027377.1_cds_KAF9626327.1_1794	NODE_2718_length_593_cov_0.571705	95.98		True
CONTIG	NODE_2718_length_593_cov_0.571705	593	correct
CONTIG	NODE_2719_length_593_cov_0.554264	593	unaligned
4	123	137	18	lcl_CM027378.1_cds_KAF9620253.1_3861	NODE_2720_length_592_cov_1.559223	95.83		True
CONTIG	NODE_2720_length_592_cov_1.559223	592	correct
CONTIG	NODE_2721_length_592_cov_1.417476	592	unaligned
CONTIG	NODE_2722_length_592_cov_0.803883	592	unaligned
CONTIG	NODE_2723_length_592_cov_0.782524	592	unaligned
1	186	527	342	lcl_CM027385.1_cds_KAF9589902.1_37208	NODE_2724_length_592_cov_0.747573	99.46		True
CONTIG	NODE_2724_length_592_cov_0.747573	592	correct
1371	1464	537	444	lcl_CM027383.1_cds_KAF9597772.1_27818	NODE_2725_length_592_cov_0.735922	100.0		True
CONTIG	NODE_2725_length_592_cov_0.735922	592	correct
CONTIG	NODE_2726_length_592_cov_0.636893	592	unaligned
CONTIG	NODE_2727_length_592_cov_0.514563	592	unaligned
CONTIG	NODE_2728_length_592_cov_0.508738	592	unaligned
CONTIG	NODE_2729_length_591_cov_13.136187	591	unaligned
CONTIG	NODE_2730_length_591_cov_0.920233	591	unaligned
CONTIG	NODE_2731_length_591_cov_0.883268	591	unaligned
CONTIG	NODE_2732_length_591_cov_0.778210	591	unaligned
CONTIG	NODE_2733_length_591_cov_0.766537	591	unaligned
CONTIG	NODE_2734_length_591_cov_0.752918	591	unaligned
CONTIG	NODE_2735_length_591_cov_0.719844	591	unaligned
CONTIG	NODE_2736_length_591_cov_0.669261	591	unaligned
CONTIG	NODE_2737_length_591_cov_0.566148	591	unaligned
CONTIG	NODE_2738_length_591_cov_0.525292	591	unaligned
CONTIG	NODE_2739_length_591_cov_0.496109	591	unaligned
1818	2052	12	244	lcl_CM027383.1_cds_KAF9599019.1_29046	NODE_2740_length_590_cov_2.200780	95.32		True
CONTIG	NODE_2740_length_590_cov_2.200780	590	correct
1297	1577	1	281	lcl_CM027377.1_cds_KAF9624685.1_1592	NODE_2741_length_590_cov_0.808967	96.09		True
CONTIG	NODE_2741_length_590_cov_0.808967	590	correct
CONTIG	NODE_2742_length_590_cov_0.766082	590	unaligned
625	807	183	1	lcl_CM027380.1_cds_KAF9608897.1_18058	NODE_2743_length_590_cov_0.732943	98.36		True
CONTIG	NODE_2743_length_590_cov_0.732943	590	correct
CONTIG	NODE_2744_length_590_cov_0.711501	590	unaligned
CONTIG	NODE_2745_length_590_cov_0.684211	590	unaligned
CONTIG	NODE_2746_length_590_cov_0.672515	590	unaligned
514	608	496	590	lcl_CM027378.1_cds_KAF9619386.1_4204	NODE_2747_length_590_cov_0.643275	98.95		True
CONTIG	NODE_2747_length_590_cov_0.643275	590	correct
CONTIG	NODE_2748_length_590_cov_0.578947	590	unaligned
CONTIG	NODE_2749_length_590_cov_0.571150	590	unaligned
CONTIG	NODE_2750_length_589_cov_1.425781	589	unaligned
1625	1800	176	1	lcl_CM027384.1_cds_KAF9594924.1_31507	NODE_2751_length_589_cov_0.916016	98.86		True
CONTIG	NODE_2751_length_589_cov_0.916016	589	correct
CONTIG	NODE_2752_length_589_cov_0.789062	589	unaligned
CONTIG	NODE_2753_length_588_cov_0.759766	588	unaligned
CONTIG	NODE_2754_length_589_cov_0.728516	589	unaligned
CONTIG	NODE_2755_length_589_cov_0.712891	589	unaligned
CONTIG	NODE_2756_length_589_cov_0.705078	589	unaligned
CONTIG	NODE_2757_length_589_cov_0.695312	589	unaligned
CONTIG	NODE_2758_length_589_cov_0.626953	589	unaligned
CONTIG	NODE_2759_length_589_cov_0.578125	589	unaligned
CONTIG	NODE_2760_length_588_cov_4.062622	588	unaligned
322	567	91	336	lcl_CM027378.1_cds_KAF9619762.1_4640	NODE_2761_length_588_cov_0.947162	95.55		True
CONTIG	NODE_2761_length_588_cov_0.947162	588	correct
CONTIG	NODE_2762_length_588_cov_0.747554	588	unaligned
CONTIG	NODE_2763_length_588_cov_0.739726	588	unaligned
CONTIG	NODE_2764_length_588_cov_0.727984	588	unaligned
CONTIG	NODE_2765_length_588_cov_0.602740	588	unaligned
CONTIG	NODE_2766_length_588_cov_0.589041	588	unaligned
CONTIG	NODE_2767_length_588_cov_0.440313	588	unaligned
CONTIG	NODE_2768_length_588_cov_0.385519	588	unaligned
CONTIG	NODE_2769_length_587_cov_1.015686	587	unaligned
CONTIG	NODE_2770_length_587_cov_0.929412	587	unaligned
CONTIG	NODE_2771_length_587_cov_0.868627	587	unaligned
1	460	143	587	lcl_CM027381.1_cds_KAF9605973.1_22019	NODE_2772_length_587_cov_0.788235	96.74		True
CONTIG	NODE_2772_length_587_cov_0.788235	587	correct
CONTIG	NODE_2773_length_587_cov_0.676471	587	unaligned
215	394	209	388	lcl_CM027382.1_cds_KAF9602024.1_23620	NODE_2774_length_586_cov_0.660784	95.56		True
CONTIG	NODE_2774_length_586_cov_0.660784	586	correct
CONTIG	NODE_2775_length_586_cov_2.123772	586	unaligned
136	399	479	216	lcl_CM027378.1_cds_KAF9620916.1_5126	NODE_2776_length_586_cov_1.497053	100.0		True
CONTIG	NODE_2776_length_586_cov_1.497053	586	correct
CONTIG	NODE_2777_length_586_cov_1.204322	586	unaligned
CONTIG	NODE_2778_length_586_cov_0.982318	586	unaligned
CONTIG	NODE_2779_length_586_cov_0.787819	586	unaligned
CONTIG	NODE_2780_length_586_cov_0.626719	586	unaligned
CONTIG	NODE_2781_length_586_cov_0.567780	586	unaligned
CONTIG	NODE_2782_length_586_cov_0.552063	586	unaligned
CONTIG	NODE_2783_length_586_cov_0.506876	586	unaligned
367	519	1	153	lcl_CM027382.1_cds_KAF9600355.1_25043	NODE_2784_length_585_cov_1.868110	98.69		True
translocation
159	299	352	213	lcl_CM027383.1_cds_KAF9598024.1_29528	NODE_2784_length_585_cov_1.868110	97.16		True
CONTIG	NODE_2784_length_585_cov_1.868110	585	misassembled
CONTIG	NODE_2785_length_585_cov_1.171260	585	unaligned
808	1236	502	74	lcl_CM027381.1_cds_KAF9607267.1_20812	NODE_2786_length_585_cov_1.090551	97.2		True
CONTIG	NODE_2786_length_585_cov_1.090551	585	correct
CONTIG	NODE_2787_length_585_cov_1.005906	585	unaligned
CONTIG	NODE_2788_length_585_cov_0.818898	585	unaligned
CONTIG	NODE_2789_length_585_cov_0.657480	585	unaligned
222	361	446	585	lcl_CM027385.1_cds_KAF9590708.1_36121	NODE_2790_length_585_cov_0.631890	95.71		True
CONTIG	NODE_2790_length_585_cov_0.631890	585	correct
CONTIG	NODE_2791_length_585_cov_0.594488	585	unaligned
CONTIG	NODE_2792_length_584_cov_0.562992	584	unaligned
CONTIG	NODE_2793_length_585_cov_0.535433	585	unaligned
CONTIG	NODE_2794_length_585_cov_0.505906	585	unaligned
CONTIG	NODE_2795_length_585_cov_0.503937	585	unaligned
CONTIG	NODE_2796_length_585_cov_0.368110	585	unaligned
CONTIG	NODE_2797_length_584_cov_1.710059	584	unaligned
553	886	338	1	lcl_CM027380.1_cds_KAF9611452.1_14742	NODE_2798_length_584_cov_1.145957	95.27		True
local misassembly
198	279	463	382	lcl_CM027380.1_cds_KAF9611452.1_14742	NODE_2798_length_584_cov_1.145957	98.78		True
CONTIG	NODE_2798_length_584_cov_1.145957	584	correct
CONTIG	NODE_2799_length_584_cov_0.980276	584	unaligned
2235	2373	357	219	lcl_CM027385.1_cds_KAF9590796.1_38786	NODE_2800_length_584_cov_0.863905	100.0		True
CONTIG	NODE_2800_length_584_cov_0.863905	584	correct
265	351	411	325	lcl_CM027384.1_cds_KAF9591436.1_34452	NODE_2801_length_587_cov_0.794872	100.0		True
CONTIG	NODE_2801_length_587_cov_0.794872	587	correct
20	258	407	169	lcl_CM027381.1_cds_KAF9605036.1_19874	NODE_2802_length_584_cov_0.735700	98.33		True
CONTIG	NODE_2802_length_584_cov_0.735700	584	correct
CONTIG	NODE_2803_length_584_cov_0.725838	584	unaligned
1	353	356	4	lcl_CM027383.1_cds_KAF9597113.1_30367	NODE_2804_length_584_cov_0.719921	96.32		True
CONTIG	NODE_2804_length_584_cov_0.719921	584	correct
454	544	91	1	lcl_CM027379.1_cds_KAF9616807.1_9258	NODE_2805_length_584_cov_0.710059	96.7		True
CONTIG	NODE_2805_length_584_cov_0.710059	584	correct
CONTIG	NODE_2806_length_584_cov_0.700197	584	unaligned
CONTIG	NODE_2807_length_584_cov_0.510848	584	unaligned
CONTIG	NODE_2808_length_584_cov_0.370809	584	unaligned
CONTIG	NODE_2809_length_583_cov_1.373518	583	unaligned
241	468	173	400	lcl_CM027378.1_cds_KAF9620022.1_5608	NODE_2810_length_583_cov_1.021739	99.56		True
CONTIG	NODE_2810_length_583_cov_1.021739	583	correct
1533	1860	328	1	lcl_JADFTS010000061.1_cds_KAF9586936.1_39555	NODE_2811_length_583_cov_0.901186	97.87		True
CONTIG	NODE_2811_length_583_cov_0.901186	583	correct
CONTIG	NODE_2812_length_583_cov_0.798419	583	unaligned
159	288	454	583	lcl_CM027378.1_cds_KAF9620220.1_3831	NODE_2813_length_583_cov_0.792490	99.23		True
CONTIG	NODE_2813_length_583_cov_0.792490	583	correct
1	407	45	451	lcl_CM027384.1_cds_KAF9592714.1_31905	NODE_2814_length_583_cov_0.788538	98.53		True
CONTIG	NODE_2814_length_583_cov_0.788538	583	correct
CONTIG	NODE_2815_length_583_cov_0.719368	583	unaligned
CONTIG	NODE_2816_length_583_cov_0.715415	583	unaligned
CONTIG	NODE_2817_length_582_cov_0.432806	582	unaligned
CONTIG	NODE_2818_length_582_cov_1.231683	582	unaligned
CONTIG	NODE_2819_length_582_cov_1.178218	582	unaligned
458	815	358	1	lcl_CM027385.1_cds_KAF9588654.1_37539	NODE_2820_length_582_cov_0.863366	98.32		True
translocation
52	196	438	582	lcl_CM027382.1_cds_KAF9599915.1_23199	NODE_2820_length_582_cov_0.863366	96.55		True
CONTIG	NODE_2820_length_582_cov_0.863366	582	misassembled
CONTIG	NODE_2821_length_582_cov_0.764356	582	unaligned
1024	1130	107	1	lcl_CM027382.1_cds_KAF9602462.1_24809	NODE_2822_length_582_cov_0.756436	97.2		True
CONTIG	NODE_2822_length_582_cov_0.756436	582	correct
45	194	433	582	lcl_CM027377.1_cds_KAF9626346.1_1769	NODE_2823_length_582_cov_0.752475	95.33		True
CONTIG	NODE_2823_length_582_cov_0.752475	582	correct
803	875	379	451	lcl_CM027380.1_cds_KAF9610480.1_15093	NODE_2824_length_582_cov_0.669307	100.0		True
CONTIG	NODE_2824_length_582_cov_0.669307	582	correct
CONTIG	NODE_2825_length_581_cov_0.657426	581	unaligned
916	1086	552	382	lcl_CM027380.1_cds_KAF9611131.1_16180	NODE_2826_length_582_cov_0.635644	95.91		True
CONTIG	NODE_2826_length_582_cov_0.635644	582	correct
CONTIG	NODE_2827_length_582_cov_0.633663	582	unaligned
CONTIG	NODE_2828_length_582_cov_0.633663	582	unaligned
CONTIG	NODE_2829_length_582_cov_0.552475	582	unaligned
527	676	365	216	lcl_CM027383.1_cds_KAF9596684.1_31062	NODE_2830_length_582_cov_0.542574	97.33		True
CONTIG	NODE_2830_length_582_cov_0.542574	582	correct
CONTIG	NODE_2831_length_581_cov_16.222222	581	unaligned
CONTIG	NODE_2832_length_581_cov_1.587302	581	unaligned
CONTIG	NODE_2833_length_581_cov_1.408730	581	unaligned
CONTIG	NODE_2834_length_581_cov_0.962302	581	unaligned
75	250	119	294	lcl_CM027380.1_cds_KAF9611581.1_17732	NODE_2835_length_581_cov_0.904762	96.02		True
CONTIG	NODE_2835_length_581_cov_0.904762	581	correct
2606	2811	13	211	lcl_CM027379.1_cds_KAF9616120.1_13001	NODE_2836_length_581_cov_0.724206	96.6		True
CONTIG	NODE_2836_length_581_cov_0.724206	581	correct
CONTIG	NODE_2837_length_581_cov_0.652778	581	unaligned
CONTIG	NODE_2838_length_581_cov_0.615079	581	unaligned
CONTIG	NODE_2839_length_581_cov_0.557540	581	unaligned
1	185	416	235	lcl_CM027381.1_cds_KAF9605011.1_19931	NODE_2840_length_580_cov_0.978131	95.68		True
CONTIG	NODE_2840_length_580_cov_0.978131	580	correct
CONTIG	NODE_2841_length_580_cov_0.882704	580	unaligned
83	625	544	1	lcl_CM027382.1_cds_KAF9599748.1_23042	NODE_2842_length_580_cov_0.836978	97.06		True
CONTIG	NODE_2842_length_580_cov_0.836978	580	correct
CONTIG	NODE_2843_length_580_cov_0.725646	580	unaligned
CONTIG	NODE_2844_length_580_cov_0.693837	580	unaligned
1	83	395	313	lcl_CM027385.1_cds_KAF9589636.1_36509	NODE_2845_length_580_cov_0.608350	100.0		True
CONTIG	NODE_2845_length_580_cov_0.608350	580	correct
CONTIG	NODE_2846_length_580_cov_0.600398	580	unaligned
CONTIG	NODE_2847_length_580_cov_0.524851	580	unaligned
CONTIG	NODE_2848_length_579_cov_0.872510	579	unaligned
334	443	162	271	lcl_CM027379.1_cds_KAF9616260.1_10319	NODE_2849_length_579_cov_0.762948	97.27		True
unknown
149	225	538	462	lcl_CM027379.1_cds_KAF9617689.1_8847	NODE_2849_length_579_cov_0.762948	100.0		True
unknown
CONTIG	NODE_2849_length_579_cov_0.762948	579	mis_unaligned
CONTIG	NODE_2850_length_579_cov_0.677291	579	unaligned
CONTIG	NODE_2851_length_579_cov_0.613546	579	unaligned
CONTIG	NODE_2852_length_579_cov_0.529880	579	unaligned
CONTIG	NODE_2853_length_578_cov_2.331337	578	unaligned
CONTIG	NODE_2854_length_578_cov_0.920160	578	unaligned
1036	1139	46	149	lcl_CM027380.1_cds_KAF9611752.1_19033	NODE_2855_length_578_cov_0.806387	100.0		True
unknown
288	370	150	232	lcl_CM027381.1_cds_KAF9604386.1_19661	NODE_2855_length_578_cov_0.806387	100.0		True
unknown
CONTIG	NODE_2855_length_578_cov_0.806387	578	mis_unaligned
CONTIG	NODE_2856_length_574_cov_0.694611	574	unaligned
CONTIG	NODE_2857_length_578_cov_0.688623	578	unaligned
CONTIG	NODE_2858_length_578_cov_0.640719	578	unaligned
254	380	170	44	lcl_CM027377.1_cds_KAF9623919.1_2264	NODE_2859_length_578_cov_0.564870	97.64		True
CONTIG	NODE_2859_length_578_cov_0.564870	578	correct
CONTIG	NODE_2860_length_578_cov_0.556886	578	unaligned
1499	1634	136	1	lcl_CM027379.1_cds_KAF9616248.1_10303	NODE_2861_length_577_cov_1.456000	98.53		True
unknown
1400	1501	507	406	lcl_CM027379.1_cds_KAF9616248.1_10303	NODE_2861_length_577_cov_1.456000	100.0		True
unknown
CONTIG	NODE_2861_length_577_cov_1.456000	577	mis_unaligned
CONTIG	NODE_2862_length_577_cov_1.454000	577	unaligned
CONTIG	NODE_2863_length_577_cov_1.100000	577	unaligned
CONTIG	NODE_2864_length_577_cov_0.942000	577	unaligned
406	982	1	577	lcl_CM027380.1_cds_KAF9611150.1_14659	NODE_2865_length_577_cov_0.862000	99.65		True
CONTIG	NODE_2865_length_577_cov_0.862000	577	correct
54	155	476	577	lcl_CM027377.1_cds_KAF9624339.1_2688	NODE_2866_length_577_cov_0.792000	97.06		True
CONTIG	NODE_2866_length_577_cov_0.792000	577	correct
CONTIG	NODE_2867_length_573_cov_0.702000	573	unaligned
CONTIG	NODE_2868_length_576_cov_0.684000	576	unaligned
CONTIG	NODE_2869_length_574_cov_0.600000	574	unaligned
137	238	387	488	lcl_JADFTS010000063.1_cds_KAF9586912.1_39850	NODE_2870_length_577_cov_0.576000	97.06		True
CONTIG	NODE_2870_length_577_cov_0.576000	577	correct
CONTIG	NODE_2871_length_577_cov_0.494000	577	unaligned
CONTIG	NODE_2872_length_576_cov_1.212425	576	unaligned
CONTIG	NODE_2873_length_576_cov_1.054108	576	unaligned
CONTIG	NODE_2874_length_576_cov_0.907816	576	unaligned
198	310	265	377	lcl_CM027378.1_cds_KAF9618641.1_6642	NODE_2875_length_576_cov_0.895792	100.0		True
CONTIG	NODE_2875_length_576_cov_0.895792	576	correct
CONTIG	NODE_2876_length_576_cov_0.821643	576	unaligned
CONTIG	NODE_2877_length_576_cov_0.727455	576	unaligned
CONTIG	NODE_2878_length_576_cov_0.715431	576	unaligned
CONTIG	NODE_2879_length_576_cov_0.709419	576	unaligned
1	139	478	340	lcl_CM027377.1_cds_KAF9626115.1_3309	NODE_2880_length_576_cov_0.579158	100.0		True
CONTIG	NODE_2880_length_576_cov_0.579158	576	correct
CONTIG	NODE_2881_length_575_cov_1.512048	575	unaligned
CONTIG	NODE_2882_length_575_cov_1.457831	575	unaligned
CONTIG	NODE_2883_length_575_cov_1.172691	575	unaligned
39	441	57	459	lcl_CM027380.1_cds_KAF9610109.1_16358	NODE_2884_length_557_cov_0.941767	97.77		True
CONTIG	NODE_2884_length_557_cov_0.941767	557	correct
847	954	575	471	lcl_CM027382.1_cds_KAF9600600.1_24634	NODE_2885_length_575_cov_0.853414	96.3		True
CONTIG	NODE_2885_length_575_cov_0.853414	575	correct
CONTIG	NODE_2886_length_575_cov_0.805221	575	unaligned
CONTIG	NODE_2887_length_575_cov_0.783133	575	unaligned
548	694	147	1	lcl_CM027384.1_cds_KAF9595154.1_35509	NODE_2888_length_575_cov_0.732932	99.32		True
CONTIG	NODE_2888_length_575_cov_0.732932	575	correct
CONTIG	NODE_2889_length_575_cov_0.648594	575	unaligned
97	209	113	1	lcl_CM027385.1_cds_KAF9588658.1_37528	NODE_2890_length_575_cov_0.632530	97.35		True
unknown
497	568	281	210	lcl_CM027382.1_cds_KAF9601421.1_24525	NODE_2890_length_575_cov_0.632530	100.0		True
unknown
CONTIG	NODE_2890_length_575_cov_0.632530	575	mis_unaligned
CONTIG	NODE_2891_length_575_cov_0.606426	575	unaligned
210	311	575	474	lcl_CM027385.1_cds_KAF9589655.1_38138	NODE_2892_length_575_cov_0.550201	100.0		True
CONTIG	NODE_2892_length_575_cov_0.550201	575	correct
CONTIG	NODE_2893_length_573_cov_5.352113	573	unaligned
CONTIG	NODE_2894_length_574_cov_1.718310	574	unaligned
CONTIG	NODE_2895_length_572_cov_1.082495	572	unaligned
197	339	2	144	lcl_CM027381.1_cds_KAF9605318.1_19881	NODE_2896_length_574_cov_0.871227	97.9		True
translocation
1	242	214	455	lcl_CM027381.1_cds_KAF9605319.1_19882	NODE_2896_length_574_cov_0.871227	97.93		True
translocation
501	619	456	574	lcl_CM027379.1_cds_KAF9616922.1_14329	NODE_2896_length_574_cov_0.871227	100.0		True
CONTIG	NODE_2896_length_574_cov_0.871227	574	misassembled
CONTIG	NODE_2897_length_574_cov_0.820926	574	unaligned
CONTIG	NODE_2898_length_574_cov_0.748491	574	unaligned
CONTIG	NODE_2899_length_574_cov_0.609658	574	unaligned
CONTIG	NODE_2900_length_574_cov_0.577465	574	unaligned
CONTIG	NODE_2901_length_574_cov_0.559356	574	unaligned
CONTIG	NODE_2902_length_573_cov_0.820565	573	unaligned
CONTIG	NODE_2903_length_573_cov_0.764113	573	unaligned
CONTIG	NODE_2904_length_573_cov_0.733871	573	unaligned
CONTIG	NODE_2905_length_573_cov_0.687500	573	unaligned
215	315	44	144	lcl_CM027380.1_cds_KAF9609789.1_15914	NODE_2906_length_573_cov_0.651210	100.0		True
CONTIG	NODE_2906_length_573_cov_0.651210	573	correct
CONTIG	NODE_2907_length_573_cov_0.544355	573	unaligned
188	264	1	77	lcl_CM027381.1_cds_KAF9604987.1_21769	NODE_2908_length_570_cov_0.540323	100.0		True
CONTIG	NODE_2908_length_570_cov_0.540323	570	correct
CONTIG	NODE_2909_length_572_cov_17.369697	572	unaligned
CONTIG	NODE_2910_length_572_cov_1.327273	572	unaligned
CONTIG	NODE_2911_length_572_cov_1.311111	572	unaligned
CONTIG	NODE_2912_length_572_cov_1.092929	572	unaligned
1	190	263	452	lcl_CM027379.1_cds_KAF9614834.1_12931	NODE_2913_length_572_cov_0.965657	98.42		True
CONTIG	NODE_2913_length_572_cov_0.965657	572	correct
CONTIG	NODE_2914_length_572_cov_0.836364	572	unaligned
857	1042	186	1	lcl_CM027381.1_cds_KAF9606990.1_19114	NODE_2915_length_572_cov_0.723232	99.46		True
translocation
1268	1578	572	262	lcl_CM027380.1_cds_KAF9612044.1_15279	NODE_2915_length_572_cov_0.723232	99.36		True
CONTIG	NODE_2915_length_572_cov_0.723232	572	misassembled
CONTIG	NODE_2916_length_572_cov_0.622222	572	unaligned
CONTIG	NODE_2917_length_572_cov_0.571717	572	unaligned
CONTIG	NODE_2918_length_572_cov_0.498990	572	unaligned
CONTIG	NODE_2919_length_572_cov_0.460606	572	unaligned
CONTIG	NODE_2920_length_572_cov_0.430303	572	unaligned
CONTIG	NODE_2921_length_572_cov_0.416162	572	unaligned
CONTIG	NODE_2922_length_571_cov_1.319838	571	unaligned
CONTIG	NODE_2923_length_571_cov_1.299595	571	unaligned
CONTIG	NODE_2924_length_571_cov_1.123482	571	unaligned
CONTIG	NODE_2925_length_571_cov_0.912955	571	unaligned
3	72	143	74	lcl_CM027380.1_cds_KAF9609500.1_16077	NODE_2926_length_571_cov_0.908907	100.0		True
CONTIG	NODE_2926_length_571_cov_0.908907	571	correct
CONTIG	NODE_2927_length_571_cov_0.682186	571	unaligned
CONTIG	NODE_2928_length_571_cov_0.578947	571	unaligned
CONTIG	NODE_2929_length_571_cov_0.526316	571	unaligned
CONTIG	NODE_2930_length_571_cov_0.380567	571	unaligned
CONTIG	NODE_2931_length_570_cov_1.764706	570	unaligned
CONTIG	NODE_2932_length_570_cov_1.586207	570	unaligned
CONTIG	NODE_2933_length_570_cov_0.855984	570	unaligned
272	391	301	420	lcl_CM027381.1_cds_KAF9605490.1_21628	NODE_2934_length_570_cov_0.793103	95.0		True
CONTIG	NODE_2934_length_570_cov_0.793103	570	correct
513	813	78	378	lcl_CM027378.1_cds_KAF9621345.1_7094	NODE_2935_length_570_cov_0.667343	98.34		True
translocation
748	939	379	570	lcl_CM027378.1_cds_KAF9620969.1_5775	NODE_2935_length_570_cov_0.667343	99.55		True
CONTIG	NODE_2935_length_570_cov_0.667343	570	misassembled
CONTIG	NODE_2936_length_570_cov_0.649087	570	unaligned
CONTIG	NODE_2937_length_570_cov_0.576065	570	unaligned
CONTIG	NODE_2938_length_569_cov_1.632114	569	unaligned
CONTIG	NODE_2939_length_569_cov_1.380081	569	unaligned
CONTIG	NODE_2940_length_569_cov_1.335366	569	unaligned
CONTIG	NODE_2941_length_566_cov_0.670732	566	unaligned
1018	1127	1	110	lcl_CM027379.1_cds_KAF9616769.1_10703	NODE_2942_length_569_cov_0.526423	100.0		True
CONTIG	NODE_2942_length_569_cov_0.526423	569	correct
CONTIG	NODE_2943_length_569_cov_0.495935	569	unaligned
CONTIG	NODE_2944_length_569_cov_0.323171	569	unaligned
321	412	121	212	lcl_CM027380.1_cds_KAF9608495.1_14421	NODE_2945_length_568_cov_1.203666	98.91		True
CONTIG	NODE_2945_length_568_cov_1.203666	568	correct
CONTIG	NODE_2946_length_568_cov_1.189409	568	unaligned
870	1437	1	568	lcl_JADFTS010000091.1_cds_KAF9586819.1_39497	NODE_2947_length_568_cov_0.942974	99.82		True
CONTIG	NODE_2947_length_568_cov_0.942974	568	correct
425	514	167	256	lcl_CM027382.1_cds_KAF9600038.1_26211	NODE_2948_length_568_cov_0.845214	98.89		True
unknown
167	260	377	470	lcl_CM027381.1_cds_KAF9606291.1_20237	NODE_2948_length_568_cov_0.845214	96.81		True
unknown
CONTIG	NODE_2948_length_568_cov_0.845214	568	mis_unaligned
CONTIG	NODE_2949_length_568_cov_0.837067	568	unaligned
CONTIG	NODE_2950_length_568_cov_0.784114	568	unaligned
CONTIG	NODE_2951_length_568_cov_0.780041	568	unaligned
CONTIG	NODE_2952_length_568_cov_0.771894	568	unaligned
CONTIG	NODE_2953_length_568_cov_0.651731	568	unaligned
CONTIG	NODE_2954_length_568_cov_0.582485	568	unaligned
CONTIG	NODE_2955_length_568_cov_0.515275	568	unaligned
268	361	94	1	lcl_CM027383.1_cds_KAF9595711.1_27968	NODE_2956_length_568_cov_0.498982	98.94		True
CONTIG	NODE_2956_length_568_cov_0.498982	568	correct
CONTIG	NODE_2957_length_567_cov_1.634694	567	unaligned
CONTIG	NODE_2958_length_567_cov_1.204082	567	unaligned
CONTIG	NODE_2959_length_567_cov_0.761224	567	unaligned
CONTIG	NODE_2960_length_567_cov_0.755102	567	unaligned
126	228	465	567	lcl_CM027384.1_cds_KAF9594002.1_35685	NODE_2961_length_567_cov_0.667347	100.0		True
CONTIG	NODE_2961_length_567_cov_0.667347	567	correct
136	227	476	567	lcl_CM027384.1_cds_KAF9592376.1_32143	NODE_2962_length_567_cov_0.661224	98.91		True
CONTIG	NODE_2962_length_567_cov_0.661224	567	correct
1777	1956	296	117	lcl_JADFTS010000061.1_cds_KAF9586987.1_39582	NODE_2963_length_567_cov_0.644898	98.33		True
CONTIG	NODE_2963_length_567_cov_0.644898	567	correct
CONTIG	NODE_2964_length_567_cov_0.536735	567	unaligned
948	1057	255	146	lcl_CM027377.1_cds_KAF9623965.1_2312	NODE_2965_length_567_cov_0.530612	97.27		True
unknown
868	947	408	329	lcl_CM027377.1_cds_KAF9623965.1_2312	NODE_2965_length_567_cov_0.530612	96.25		True
unknown
658	736	567	489	lcl_CM027384.1_cds_KAF9593412.1_34265	NODE_2965_length_567_cov_0.530612	98.73		True
unknown
CONTIG	NODE_2965_length_567_cov_0.530612	567	mis_unaligned
CONTIG	NODE_2966_length_567_cov_0.516327	567	unaligned
CONTIG	NODE_2967_length_567_cov_0.475510	567	unaligned
CONTIG	NODE_2968_length_567_cov_0.387755	567	unaligned
CONTIG	NODE_2969_length_566_cov_1.343558	566	unaligned
CONTIG	NODE_2970_length_566_cov_1.141104	566	unaligned
CONTIG	NODE_2971_length_566_cov_0.899796	566	unaligned
CONTIG	NODE_2972_length_566_cov_0.889571	566	unaligned
1	423	423	1	lcl_CM027383.1_cds_KAF9595568.1_31232	NODE_2973_length_566_cov_0.828221	95.74		True
CONTIG	NODE_2973_length_566_cov_0.828221	566	correct
CONTIG	NODE_2974_length_559_cov_0.713701	559	unaligned
CONTIG	NODE_2975_length_566_cov_0.621677	566	unaligned
CONTIG	NODE_2976_length_566_cov_0.595092	566	unaligned
CONTIG	NODE_2977_length_565_cov_1.297131	565	unaligned
CONTIG	NODE_2978_length_565_cov_1.196721	565	unaligned
CONTIG	NODE_2979_length_565_cov_0.897541	565	unaligned
CONTIG	NODE_2980_length_565_cov_0.852459	565	unaligned
CONTIG	NODE_2981_length_565_cov_0.774590	565	unaligned
CONTIG	NODE_2982_length_565_cov_0.653689	565	unaligned
CONTIG	NODE_2983_length_565_cov_0.581967	565	unaligned
CONTIG	NODE_2984_length_565_cov_0.569672	565	unaligned
225	365	264	121	lcl_CM027380.1_cds_KAF9611765.1_17111	NODE_2985_length_565_cov_0.526639	95.83		True
CONTIG	NODE_2985_length_565_cov_0.526639	565	correct
CONTIG	NODE_2986_length_564_cov_1.677618	564	unaligned
CONTIG	NODE_2987_length_564_cov_1.498973	564	unaligned
CONTIG	NODE_2988_length_564_cov_1.494867	564	unaligned
CONTIG	NODE_2989_length_562_cov_1.312115	562	unaligned
CONTIG	NODE_2990_length_564_cov_1.151951	564	unaligned
CONTIG	NODE_2991_length_564_cov_1.041068	564	unaligned
CONTIG	NODE_2992_length_564_cov_0.716632	564	unaligned
20	168	149	1	lcl_CM027379.1_cds_KAF9617676.1_11947	NODE_2993_length_564_cov_0.665298	99.33		True
unknown
1	73	327	255	lcl_CM027377.1_cds_KAF9626223.1_1219	NODE_2993_length_564_cov_0.665298	98.63		True
unknown
CONTIG	NODE_2993_length_564_cov_0.665298	564	mis_unaligned
CONTIG	NODE_2994_length_560_cov_0.626283	560	unaligned
CONTIG	NODE_2995_length_564_cov_0.622177	564	unaligned
CONTIG	NODE_2996_length_564_cov_0.552361	564	unaligned
CONTIG	NODE_2997_length_563_cov_0.786008	563	unaligned
CONTIG	NODE_2998_length_563_cov_0.761317	563	unaligned
CONTIG	NODE_2999_length_563_cov_0.751029	563	unaligned
276	561	66	351	lcl_CM027384.1_cds_KAF9592913.1_33069	NODE_3000_length_563_cov_0.728395	99.65		True
translocation
197	309	464	352	lcl_CM027382.1_cds_KAF9601232.1_25220	NODE_3000_length_563_cov_0.728395	98.31		True
CONTIG	NODE_3000_length_563_cov_0.728395	563	misassembled
805	904	327	426	lcl_CM027382.1_cds_KAF9599699.1_22995	NODE_3001_length_563_cov_0.656379	99.0		True
unknown
1	71	439	509	lcl_CM027379.1_cds_KAF9616862.1_9312	NODE_3001_length_563_cov_0.656379	100.0		True
unknown
CONTIG	NODE_3001_length_563_cov_0.656379	563	mis_unaligned
CONTIG	NODE_3002_length_563_cov_0.539095	563	unaligned
CONTIG	NODE_3003_length_562_cov_1.323711	562	unaligned
CONTIG	NODE_3004_length_562_cov_1.251546	562	unaligned
1	487	487	1	lcl_CM027379.1_cds_KAF9615748.1_11973	NODE_3005_length_562_cov_1.063918	97.13		True
CONTIG	NODE_3005_length_562_cov_1.063918	562	correct
CONTIG	NODE_3006_length_562_cov_0.987629	562	unaligned
CONTIG	NODE_3007_length_562_cov_0.791753	562	unaligned
179	315	557	421	lcl_CM027380.1_cds_KAF9607823.1_15531	NODE_3008_length_562_cov_0.729897	100.0		True
CONTIG	NODE_3008_length_562_cov_0.729897	562	correct
CONTIG	NODE_3009_length_562_cov_0.688660	562	unaligned
427	588	401	240	lcl_CM027381.1_cds_KAF9606763.1_22463	NODE_3010_length_562_cov_0.647423	100.0		True
CONTIG	NODE_3010_length_562_cov_0.647423	562	correct
1334	1530	272	76	lcl_CM027385.1_cds_KAF9590791.1_38782	NODE_3011_length_562_cov_0.616495	98.48		True
CONTIG	NODE_3011_length_562_cov_0.616495	562	correct
271	485	357	143	lcl_CM027381.1_cds_KAF9607713.1_21496	NODE_3012_length_561_cov_1.198347	99.07		True
translocation
155	220	555	490	lcl_CM027378.1_cds_KAF9619173.1_7764	NODE_3012_length_561_cov_1.198347	100.0		True
CONTIG	NODE_3012_length_561_cov_1.198347	561	misassembled
213	357	119	263	lcl_CM027385.1_cds_KAF9588023.1_36246	NODE_3013_length_561_cov_1.101240	97.24		True
CONTIG	NODE_3013_length_561_cov_1.101240	561	correct
CONTIG	NODE_3014_length_561_cov_1.086777	561	unaligned
CONTIG	NODE_3015_length_561_cov_0.706612	561	unaligned
CONTIG	NODE_3016_length_561_cov_0.679752	561	unaligned
CONTIG	NODE_3017_length_561_cov_0.667355	561	unaligned
CONTIG	NODE_3018_length_561_cov_0.650826	561	unaligned
753	927	446	272	lcl_CM027379.1_cds_KAF9614900.1_9585	NODE_3019_length_559_cov_0.619835	97.71		True
CONTIG	NODE_3019_length_559_cov_0.619835	559	correct
CONTIG	NODE_3020_length_561_cov_0.609504	561	unaligned
262	363	102	1	lcl_CM027382.1_cds_KAF9600492.1_25942	NODE_3021_length_561_cov_0.595041	98.04		True
CONTIG	NODE_3021_length_561_cov_0.595041	561	correct
CONTIG	NODE_3022_length_561_cov_0.588843	561	unaligned
1	265	15	279	lcl_CM027379.1_cds_KAF9616603.1_10671	NODE_3023_length_561_cov_0.559917	97.74		True
translocation
1103	1221	280	398	lcl_CM027380.1_cds_KAF9611608.1_17758	NODE_3023_length_561_cov_0.559917	98.09		True
CONTIG	NODE_3023_length_561_cov_0.559917	561	misassembled
CONTIG	NODE_3024_length_561_cov_0.504132	561	unaligned
4871	4946	124	199	lcl_CM027382.1_cds_KAF9601488.1_23386	NODE_3025_length_561_cov_0.464876	98.68		True
CONTIG	NODE_3025_length_561_cov_0.464876	561	correct
CONTIG	NODE_3026_length_560_cov_1.662526	560	unaligned
CONTIG	NODE_3027_length_560_cov_1.209110	560	unaligned
CONTIG	NODE_3028_length_560_cov_0.805383	560	unaligned
CONTIG	NODE_3029_length_560_cov_0.795031	560	unaligned
CONTIG	NODE_3030_length_560_cov_0.755694	560	unaligned
CONTIG	NODE_3031_length_560_cov_0.718427	560	unaligned
CONTIG	NODE_3032_length_560_cov_0.706004	560	unaligned
CONTIG	NODE_3033_length_560_cov_0.691511	560	unaligned
CONTIG	NODE_3034_length_560_cov_0.672878	560	unaligned
CONTIG	NODE_3035_length_560_cov_0.635611	560	unaligned
CONTIG	NODE_3036_length_560_cov_0.517598	560	unaligned
CONTIG	NODE_3037_length_560_cov_0.476190	560	unaligned
CONTIG	NODE_3038_length_560_cov_0.461698	560	unaligned
CONTIG	NODE_3039_length_559_cov_0.697095	559	unaligned
CONTIG	NODE_3040_length_559_cov_0.655602	559	unaligned
CONTIG	NODE_3041_length_558_cov_0.639004	558	unaligned
CONTIG	NODE_3042_length_558_cov_1.293139	558	unaligned
CONTIG	NODE_3043_length_558_cov_1.081081	558	unaligned
296	391	153	58	lcl_CM027379.1_cds_KAF9616264.1_10315	NODE_3044_length_558_cov_0.950104	100.0		True
translocation
1921	2218	558	261	lcl_CM027381.1_cds_KAF9607658.1_20076	NODE_3044_length_558_cov_0.950104	99.33		True
CONTIG	NODE_3044_length_558_cov_0.950104	558	misassembled
CONTIG	NODE_3045_length_558_cov_0.823285	558	unaligned
CONTIG	NODE_3046_length_558_cov_0.569647	558	unaligned
564	719	548	393	lcl_CM027380.1_cds_KAF9610151.1_18236	NODE_3047_length_558_cov_0.478170	96.15		True
CONTIG	NODE_3047_length_558_cov_0.478170	558	correct
CONTIG	NODE_3048_length_557_cov_1.806250	557	unaligned
1025	1314	557	268	lcl_CM027382.1_cds_KAF9600361.1_26704	NODE_3049_length_557_cov_1.064583	99.66		True
CONTIG	NODE_3049_length_557_cov_1.064583	557	correct
CONTIG	NODE_3050_length_557_cov_0.962500	557	unaligned
19	107	509	421	lcl_CM027380.1_cds_KAF9609887.1_15629	NODE_3051_length_557_cov_0.858333	95.51		True
CONTIG	NODE_3051_length_557_cov_0.858333	557	correct
CONTIG	NODE_3052_length_557_cov_0.829167	557	unaligned
801	964	1	164	lcl_CM027377.1_cds_KAF9623455.1_19	NODE_3053_length_557_cov_0.818750	100.0		True
unknown
963	1060	460	557	lcl_CM027377.1_cds_KAF9623455.1_19	NODE_3053_length_557_cov_0.818750	98.98		True
unknown
CONTIG	NODE_3053_length_557_cov_0.818750	557	mis_unaligned
616	902	1	287	lcl_CM027382.1_cds_KAF9601697.1_24105	NODE_3054_length_557_cov_0.816667	99.65		True
CONTIG	NODE_3054_length_557_cov_0.816667	557	correct
649	716	260	193	lcl_JADFTS010000056.1_cds_KAF9587027.1_39688	NODE_3055_length_557_cov_0.772917	100.0		True
CONTIG	NODE_3055_length_557_cov_0.772917	557	correct
CONTIG	NODE_3056_length_557_cov_0.656250	557	unaligned
CONTIG	NODE_3057_length_557_cov_0.643750	557	unaligned
2324	2477	1	154	lcl_CM027382.1_cds_KAF9599694.1_22986	NODE_3058_length_557_cov_0.639583	99.35		True
indel: indel (> 5bp)
2478	2629	250	401	lcl_CM027382.1_cds_KAF9599694.1_22986	NODE_3058_length_557_cov_0.639583	97.37		True
CONTIG	NODE_3058_length_557_cov_0.639583	557	correct
CONTIG	NODE_3059_length_557_cov_0.535417	557	unaligned
CONTIG	NODE_3060_length_557_cov_0.472917	557	unaligned
CONTIG	NODE_3061_length_557_cov_0.460417	557	unaligned
CONTIG	NODE_3062_length_556_cov_1.828810	556	unaligned
CONTIG	NODE_3063_length_556_cov_1.031315	556	unaligned
CONTIG	NODE_3064_length_556_cov_0.762004	556	unaligned
CONTIG	NODE_3065_length_556_cov_0.762004	556	unaligned
266	359	404	311	lcl_CM027385.1_cds_KAF9588090.1_38342	NODE_3066_length_552_cov_0.722338	95.74		True
CONTIG	NODE_3066_length_552_cov_0.722338	552	correct
CONTIG	NODE_3067_length_556_cov_0.720251	556	unaligned
CONTIG	NODE_3068_length_556_cov_0.718163	556	unaligned
279	402	556	433	lcl_CM027383.1_cds_KAF9596926.1_29502	NODE_3069_length_556_cov_0.713987	98.39		True
CONTIG	NODE_3069_length_556_cov_0.713987	556	correct
302	456	10	164	lcl_CM027380.1_cds_KAF9611004.1_16521	NODE_3070_length_556_cov_0.693111	98.71		True
CONTIG	NODE_3070_length_556_cov_0.693111	556	correct
CONTIG	NODE_3071_length_556_cov_0.628392	556	unaligned
CONTIG	NODE_3072_length_556_cov_0.490605	556	unaligned
CONTIG	NODE_3073_length_556_cov_0.461378	556	unaligned
CONTIG	NODE_3074_length_556_cov_0.430063	556	unaligned
CONTIG	NODE_3075_length_555_cov_1.985356	555	unaligned
CONTIG	NODE_3076_length_555_cov_1.788703	555	unaligned
CONTIG	NODE_3077_length_555_cov_1.527197	555	unaligned
CONTIG	NODE_3078_length_555_cov_1.194561	555	unaligned
1252	1374	306	184	lcl_CM027379.1_cds_KAF9617955.1_9095	NODE_3079_length_555_cov_1.092050	100.0		True
CONTIG	NODE_3079_length_555_cov_1.092050	555	correct
345	485	247	389	lcl_CM027378.1_cds_KAF9621049.1_5861	NODE_3080_length_555_cov_1.043933	96.5		True
CONTIG	NODE_3080_length_555_cov_1.043933	555	correct
CONTIG	NODE_3081_length_555_cov_0.997908	555	unaligned
CONTIG	NODE_3082_length_555_cov_0.822176	555	unaligned
523	665	389	247	lcl_CM027377.1_cds_KAF9623659.1_3366	NODE_3083_length_555_cov_0.822176	100.0		True
CONTIG	NODE_3083_length_555_cov_0.822176	555	correct
961	1288	555	229	lcl_CM027383.1_cds_KAF9597014.1_29345	NODE_3084_length_555_cov_0.765690	96.96		True
CONTIG	NODE_3084_length_555_cov_0.765690	555	correct
174	368	480	287	lcl_CM027383.1_cds_KAF9595663.1_27725	NODE_3085_length_555_cov_0.744770	95.38		True
CONTIG	NODE_3085_length_555_cov_0.744770	555	correct
CONTIG	NODE_3086_length_555_cov_0.730126	555	unaligned
CONTIG	NODE_3087_length_554_cov_0.631799	554	unaligned
CONTIG	NODE_3088_length_555_cov_0.604603	555	unaligned
CONTIG	NODE_3089_length_554_cov_1.530398	554	unaligned
CONTIG	NODE_3090_length_554_cov_1.530398	554	unaligned
CONTIG	NODE_3091_length_554_cov_1.264151	554	unaligned
CONTIG	NODE_3092_length_554_cov_0.870021	554	unaligned
CONTIG	NODE_3093_length_554_cov_0.832285	554	unaligned
44	113	220	151	lcl_CM027383.1_cds_KAF9596568.1_27905	NODE_3094_length_554_cov_0.777778	100.0		True
CONTIG	NODE_3094_length_554_cov_0.777778	554	correct
CONTIG	NODE_3095_length_559_cov_0.754717	559	unaligned
CONTIG	NODE_3096_length_554_cov_0.740042	554	unaligned
CONTIG	NODE_3097_length_554_cov_0.702306	554	unaligned
CONTIG	NODE_3098_length_554_cov_0.670860	554	unaligned
1	89	89	1	lcl_CM027384.1_cds_KAF9590936.1_33600	NODE_3099_length_554_cov_0.626834	100.0		True
CONTIG	NODE_3099_length_554_cov_0.626834	554	correct
CONTIG	NODE_3100_length_553_cov_4.516807	553	unaligned
CONTIG	NODE_3101_length_553_cov_1.264706	553	unaligned
1580	1721	90	231	lcl_CM027382.1_cds_KAF9600932.1_26277	NODE_3102_length_553_cov_1.014706	97.89		True
CONTIG	NODE_3102_length_553_cov_1.014706	553	correct
CONTIG	NODE_3103_length_553_cov_0.800420	553	unaligned
CONTIG	NODE_3104_length_553_cov_0.785714	553	unaligned
CONTIG	NODE_3105_length_553_cov_0.693277	553	unaligned
CONTIG	NODE_3106_length_553_cov_0.684874	553	unaligned
548	765	74	291	lcl_CM027377.1_cds_KAF9623452.1_25	NODE_3107_length_553_cov_0.642857	98.62		True
CONTIG	NODE_3107_length_553_cov_0.642857	553	correct
1872	1957	181	266	lcl_CM027378.1_cds_KAF9618905.1_8227	NODE_3108_length_553_cov_0.609244	98.84		True
unknown
266	375	267	376	lcl_CM027385.1_cds_KAF9589924.1_37738	NODE_3108_length_553_cov_0.609244	98.18		True
unknown
CONTIG	NODE_3108_length_553_cov_0.609244	553	mis_unaligned
CONTIG	NODE_3109_length_553_cov_0.581933	553	unaligned
602	724	95	217	lcl_CM027382.1_cds_KAF9599896.1_23184	NODE_3110_length_551_cov_1.008421	99.19		True
CONTIG	NODE_3110_length_551_cov_1.008421	551	correct
359	699	1	341	lcl_CM027384.1_cds_KAF9593574.1_33283	NODE_3111_length_552_cov_0.972632	97.95		True
CONTIG	NODE_3111_length_552_cov_0.972632	552	correct
CONTIG	NODE_3112_length_551_cov_0.928421	551	unaligned
25	165	12	152	lcl_CM027382.1_cds_KAF9600948.1_26261	NODE_3113_length_552_cov_0.880000	97.87		True
CONTIG	NODE_3113_length_552_cov_0.880000	552	correct
CONTIG	NODE_3114_length_552_cov_0.795789	552	unaligned
CONTIG	NODE_3115_length_552_cov_0.776842	552	unaligned
CONTIG	NODE_3116_length_552_cov_0.690526	552	unaligned
CONTIG	NODE_3117_length_553_cov_0.473684	553	unaligned
CONTIG	NODE_3118_length_551_cov_3.069620	551	unaligned
CONTIG	NODE_3119_length_551_cov_2.189873	551	unaligned
388	471	359	442	lcl_CM027379.1_cds_KAF9614930.1_13605	NODE_3120_length_551_cov_1.092827	100.0		True
CONTIG	NODE_3120_length_551_cov_1.092827	551	correct
CONTIG	NODE_3121_length_551_cov_1.016878	551	unaligned
CONTIG	NODE_3122_length_551_cov_0.786920	551	unaligned
273	686	1	414	lcl_CM027385.1_cds_KAF9587601.1_39449	NODE_3123_length_551_cov_0.786920	95.89		True
CONTIG	NODE_3123_length_551_cov_0.786920	551	correct
CONTIG	NODE_3124_length_551_cov_0.753165	551	unaligned
CONTIG	NODE_3125_length_551_cov_0.725738	551	unaligned
CONTIG	NODE_3126_length_551_cov_0.694093	551	unaligned
CONTIG	NODE_3127_length_551_cov_0.687764	551	unaligned
CONTIG	NODE_3128_length_550_cov_2.467230	550	unaligned
CONTIG	NODE_3129_length_550_cov_1.109937	550	unaligned
CONTIG	NODE_3130_length_550_cov_0.997886	550	unaligned
375	484	99	208	lcl_CM027381.1_cds_KAF9604164.1_20058	NODE_3131_length_550_cov_0.913319	100.0		True
CONTIG	NODE_3131_length_550_cov_0.913319	550	correct
CONTIG	NODE_3132_length_550_cov_0.898520	550	unaligned
470	631	35	196	lcl_CM027382.1_cds_KAF9603584.1_23271	NODE_3133_length_550_cov_0.769556	95.68		True
indel: indel (> 5bp)
632	899	283	549	lcl_CM027382.1_cds_KAF9603584.1_23271	NODE_3133_length_550_cov_0.769556	97.39		True
CONTIG	NODE_3133_length_550_cov_0.769556	550	correct
CONTIG	NODE_3134_length_550_cov_0.653277	550	unaligned
CONTIG	NODE_3135_length_550_cov_0.610994	550	unaligned
CONTIG	NODE_3136_length_550_cov_0.570825	550	unaligned
CONTIG	NODE_3137_length_550_cov_0.543340	550	unaligned
419	533	209	95	lcl_CM027383.1_cds_KAF9595546.1_28694	NODE_3138_length_549_cov_1.254237	95.65		True
CONTIG	NODE_3138_length_549_cov_1.254237	549	correct
167	300	320	453	lcl_CM027380.1_cds_KAF9609241.1_17223	NODE_3139_length_549_cov_1.097458	96.27		True
CONTIG	NODE_3139_length_549_cov_1.097458	549	correct
CONTIG	NODE_3140_length_549_cov_0.885593	549	unaligned
CONTIG	NODE_3141_length_549_cov_0.824153	549	unaligned
CONTIG	NODE_3142_length_549_cov_0.718220	549	unaligned
CONTIG	NODE_3143_length_549_cov_0.686441	549	unaligned
CONTIG	NODE_3144_length_549_cov_0.675847	549	unaligned
CONTIG	NODE_3145_length_549_cov_0.656780	549	unaligned
CONTIG	NODE_3146_length_549_cov_0.614407	549	unaligned
CONTIG	NODE_3147_length_549_cov_0.525424	549	unaligned
CONTIG	NODE_3148_length_549_cov_0.510593	549	unaligned
CONTIG	NODE_3149_length_547_cov_14.456476	547	unaligned
CONTIG	NODE_3150_length_548_cov_1.543524	548	unaligned
94	299	137	342	lcl_CM027383.1_cds_KAF9598707.1_28818	NODE_3151_length_548_cov_1.333333	99.51		True
CONTIG	NODE_3151_length_548_cov_1.333333	548	correct
CONTIG	NODE_3152_length_548_cov_1.148620	548	unaligned
CONTIG	NODE_3153_length_548_cov_1.055202	548	unaligned
CONTIG	NODE_3154_length_548_cov_1.050955	548	unaligned
CONTIG	NODE_3155_length_548_cov_0.929936	548	unaligned
CONTIG	NODE_3156_length_548_cov_0.864119	548	unaligned
557	687	189	59	lcl_CM027379.1_cds_KAF9613524.1_12509	NODE_3157_length_548_cov_0.787686	100.0		True
CONTIG	NODE_3157_length_548_cov_0.787686	548	correct
CONTIG	NODE_3158_length_548_cov_0.738854	548	unaligned
CONTIG	NODE_3159_length_548_cov_0.732484	548	unaligned
2033	2255	299	521	lcl_CM027383.1_cds_KAF9596961.1_29678	NODE_3160_length_548_cov_0.721868	99.55		True
CONTIG	NODE_3160_length_548_cov_0.721868	548	correct
510	642	339	471	lcl_CM027379.1_cds_KAF9614255.1_13380	NODE_3161_length_548_cov_0.700637	100.0		True
CONTIG	NODE_3161_length_548_cov_0.700637	548	correct
CONTIG	NODE_3162_length_548_cov_0.664544	548	unaligned
CONTIG	NODE_3163_length_548_cov_0.664544	548	unaligned
CONTIG	NODE_3164_length_548_cov_0.636943	548	unaligned
CONTIG	NODE_3165_length_548_cov_0.624204	548	unaligned
CONTIG	NODE_3166_length_548_cov_0.596603	548	unaligned
CONTIG	NODE_3167_length_548_cov_0.560510	548	unaligned
CONTIG	NODE_3168_length_548_cov_0.554140	548	unaligned
1191	1263	47	119	lcl_CM027384.1_cds_KAF9593690.1_32114	NODE_3169_length_547_cov_1.242553	98.63		True
CONTIG	NODE_3169_length_547_cov_1.242553	547	correct
CONTIG	NODE_3170_length_547_cov_0.980851	547	unaligned
CONTIG	NODE_3171_length_547_cov_0.925532	547	unaligned
1	449	449	1	lcl_CM027382.1_cds_KAF9601444.1_23342	NODE_3172_length_547_cov_0.891489	98.89		True
CONTIG	NODE_3172_length_547_cov_0.891489	547	correct
420	584	384	547	lcl_CM027377.1_cds_KAF9625106.1_1542	NODE_3173_length_547_cov_0.846809	96.97		True
CONTIG	NODE_3173_length_547_cov_0.846809	547	correct
CONTIG	NODE_3174_length_547_cov_0.653191	547	unaligned
CONTIG	NODE_3175_length_547_cov_0.621277	547	unaligned
5	154	244	393	lcl_CM027384.1_cds_KAF9594226.1_33946	NODE_3176_length_547_cov_0.602128	98.67		True
CONTIG	NODE_3176_length_547_cov_0.602128	547	correct
CONTIG	NODE_3177_length_547_cov_0.600000	547	unaligned
CONTIG	NODE_3178_length_547_cov_0.561702	547	unaligned
CONTIG	NODE_3179_length_547_cov_0.408511	547	unaligned
CONTIG	NODE_3180_length_546_cov_1.360341	546	unaligned
1101	1232	192	322	lcl_CM027378.1_cds_KAF9622437.1_4508	NODE_3181_length_546_cov_1.168443	98.48		True
unknown
1233	1343	398	508	lcl_CM027378.1_cds_KAF9622437.1_4508	NODE_3181_length_546_cov_1.168443	100.0		True
unknown
CONTIG	NODE_3181_length_546_cov_1.168443	546	mis_unaligned
CONTIG	NODE_3182_length_546_cov_1.089552	546	unaligned
CONTIG	NODE_3183_length_546_cov_1.081023	546	unaligned
54	198	264	120	lcl_CM027383.1_cds_KAF9597952.1_29014	NODE_3184_length_546_cov_0.942431	100.0		True
translocation
14	147	546	413	lcl_CM027378.1_cds_KAF9620338.1_3943	NODE_3184_length_546_cov_0.942431	100.0		True
CONTIG	NODE_3184_length_546_cov_0.942431	546	misassembled
26	228	448	246	lcl_CM027383.1_cds_KAF9595982.1_27556	NODE_3185_length_546_cov_0.788913	96.06		True
CONTIG	NODE_3185_length_546_cov_0.788913	546	correct
38	318	281	1	lcl_CM027382.1_cds_KAF9600311.1_24064	NODE_3186_length_546_cov_0.769723	99.29		True
CONTIG	NODE_3186_length_546_cov_0.769723	546	correct
CONTIG	NODE_3187_length_546_cov_0.733475	546	unaligned
CONTIG	NODE_3188_length_546_cov_0.665245	546	unaligned
CONTIG	NODE_3189_length_546_cov_0.622601	546	unaligned
CONTIG	NODE_3190_length_546_cov_0.611940	546	unaligned
893	1046	280	432	lcl_CM027384.1_cds_KAF9593628.1_34416	NODE_3191_length_546_cov_0.575693	96.75		True
unknown
1475	1601	420	546	lcl_CM027384.1_cds_KAF9592638.1_32961	NODE_3191_length_546_cov_0.575693	99.21		True
unknown
CONTIG	NODE_3191_length_546_cov_0.575693	546	mis_unaligned
CONTIG	NODE_3192_length_545_cov_8.641026	545	unaligned
CONTIG	NODE_3193_length_545_cov_1.247863	545	unaligned
CONTIG	NODE_3194_length_545_cov_0.961538	545	unaligned
CONTIG	NODE_3195_length_544_cov_0.933761	544	unaligned
CONTIG	NODE_3196_length_545_cov_0.829060	545	unaligned
CONTIG	NODE_3197_length_545_cov_0.739316	545	unaligned
CONTIG	NODE_3198_length_545_cov_0.641026	545	unaligned
CONTIG	NODE_3199_length_544_cov_0.606838	544	unaligned
CONTIG	NODE_3200_length_545_cov_0.544872	545	unaligned
CONTIG	NODE_3201_length_545_cov_0.459402	545	unaligned
CONTIG	NODE_3202_length_544_cov_1.875803	544	unaligned
219	300	210	291	lcl_CM027384.1_cds_KAF9592730.1_35301	NODE_3203_length_544_cov_0.972163	98.78		True
unknown
346	435	287	376	lcl_CM027381.1_cds_KAF9604533.1_19229	NODE_3203_length_544_cov_0.972163	97.78		True
unknown
CONTIG	NODE_3203_length_544_cov_0.972163	544	mis_unaligned
CONTIG	NODE_3204_length_544_cov_0.970021	544	unaligned
841	1083	537	295	lcl_CM027378.1_cds_KAF9619646.1_8519	NODE_3205_length_544_cov_0.858672	100.0		True
CONTIG	NODE_3205_length_544_cov_0.858672	544	correct
CONTIG	NODE_3206_length_544_cov_0.800857	544	unaligned
355	491	9	145	lcl_CM027384.1_cds_KAF9595186.1_35483	NODE_3207_length_544_cov_0.678801	99.27		True
indel: indel (> 5bp)
492	655	244	407	lcl_CM027384.1_cds_KAF9595186.1_35483	NODE_3207_length_544_cov_0.678801	98.17		True
CONTIG	NODE_3207_length_544_cov_0.678801	544	correct
15	453	439	1	lcl_CM027381.1_cds_KAF9604573.1_20771	NODE_3208_length_544_cov_0.650964	95.44		True
translocation
796	900	544	440	lcl_CM027384.1_cds_KAF9590945.1_33591	NODE_3208_length_544_cov_0.650964	99.06		True
CONTIG	NODE_3208_length_544_cov_0.650964	544	misassembled
CONTIG	NODE_3209_length_544_cov_0.618844	544	unaligned
CONTIG	NODE_3210_length_544_cov_0.618844	544	unaligned
CONTIG	NODE_3211_length_544_cov_0.498929	544	unaligned
CONTIG	NODE_3212_length_543_cov_31.012876	543	unaligned
465	591	359	485	lcl_CM027378.1_cds_KAF9623097.1_5590	NODE_3213_length_537_cov_1.437768	100.0		True
CONTIG	NODE_3213_length_537_cov_1.437768	537	correct
CONTIG	NODE_3214_length_543_cov_1.253219	543	unaligned
417	507	274	184	lcl_CM027384.1_cds_KAF9592679.1_32850	NODE_3215_length_543_cov_1.081545	96.7		True
CONTIG	NODE_3215_length_543_cov_1.081545	543	correct
CONTIG	NODE_3216_length_543_cov_0.950644	543	unaligned
CONTIG	NODE_3217_length_543_cov_0.763948	543	unaligned
988	1053	392	327	lcl_CM027380.1_cds_KAF9611578.1_17727	NODE_3218_length_543_cov_0.746781	98.48		True
CONTIG	NODE_3218_length_543_cov_0.746781	543	correct
CONTIG	NODE_3219_length_543_cov_0.654506	543	unaligned
CONTIG	NODE_3220_length_543_cov_0.626609	543	unaligned
CONTIG	NODE_3221_length_543_cov_0.613734	543	unaligned
CONTIG	NODE_3222_length_543_cov_0.572961	543	unaligned
CONTIG	NODE_3223_length_542_cov_1.098925	542	unaligned
CONTIG	NODE_3224_length_542_cov_0.772043	542	unaligned
CONTIG	NODE_3225_length_539_cov_0.763441	539	unaligned
1	452	455	1	lcl_CM027385.1_cds_KAF9589479.1_36545	NODE_3226_length_542_cov_0.741935	97.8		True
CONTIG	NODE_3226_length_542_cov_0.741935	542	correct
CONTIG	NODE_3227_length_535_cov_0.696774	535	unaligned
CONTIG	NODE_3228_length_542_cov_0.529032	542	unaligned
757	967	10	220	lcl_CM027384.1_cds_KAF9594339.1_32709	NODE_3229_length_542_cov_0.501075	99.53		True
CONTIG	NODE_3229_length_542_cov_0.501075	542	correct
CONTIG	NODE_3230_length_542_cov_0.486022	542	unaligned
CONTIG	NODE_3231_length_541_cov_0.458065	541	unaligned
CONTIG	NODE_3232_length_541_cov_0.943966	541	unaligned
CONTIG	NODE_3233_length_541_cov_0.877155	541	unaligned
CONTIG	NODE_3234_length_541_cov_0.862069	541	unaligned
CONTIG	NODE_3235_length_541_cov_0.795259	541	unaligned
160	264	280	384	lcl_CM027383.1_cds_KAF9598183.1_31100	NODE_3236_length_541_cov_0.762931	97.14		True
CONTIG	NODE_3236_length_541_cov_0.762931	541	correct
333	471	443	305	lcl_CM027385.1_cds_KAF9589681.1_38835	NODE_3237_length_526_cov_0.713362	99.28		True
CONTIG	NODE_3237_length_526_cov_0.713362	526	correct
661	843	1	183	lcl_CM027378.1_cds_KAF9618798.1_6382	NODE_3238_length_541_cov_0.702586	98.91		True
translocation
48	319	270	541	lcl_CM027377.1_cds_KAF9623970.1_2316	NODE_3238_length_541_cov_0.702586	99.63		True
CONTIG	NODE_3238_length_541_cov_0.702586	541	misassembled
94	161	418	485	lcl_CM027379.1_cds_KAF9612638.1_11416	NODE_3239_length_541_cov_0.672414	100.0		True
CONTIG	NODE_3239_length_541_cov_0.672414	541	correct
CONTIG	NODE_3240_length_541_cov_0.566810	541	unaligned
CONTIG	NODE_3241_length_541_cov_0.525862	541	unaligned
CONTIG	NODE_3242_length_541_cov_0.435345	541	unaligned
139	263	163	39	lcl_CM027378.1_cds_KAF9620801.1_8256	NODE_3243_length_540_cov_0.909287	99.2		True
CONTIG	NODE_3243_length_540_cov_0.909287	540	correct
1544	1710	109	275	lcl_CM027381.1_cds_KAF9606270.1_20558	NODE_3244_length_540_cov_0.894168	96.41		True
indel: indel (> 5bp)
1711	1888	363	540	lcl_CM027381.1_cds_KAF9606270.1_20558	NODE_3244_length_540_cov_0.894168	99.44		True
CONTIG	NODE_3244_length_540_cov_0.894168	540	correct
CONTIG	NODE_3245_length_540_cov_0.794816	540	unaligned
668	755	115	202	lcl_CM027379.1_cds_KAF9612839.1_11902	NODE_3246_length_540_cov_0.792657	96.63		True
unknown
707	796	193	281	lcl_CM027379.1_cds_KAF9616750.1_13228	NODE_3246_length_540_cov_0.792657	96.67		True
unknown
CONTIG	NODE_3246_length_540_cov_0.792657	540	mis_unaligned
635	736	6	107	lcl_CM027384.1_cds_KAF9591411.1_34426	NODE_3247_length_540_cov_0.753780	99.02		True
CONTIG	NODE_3247_length_540_cov_0.753780	540	correct
CONTIG	NODE_3248_length_540_cov_0.699784	540	unaligned
CONTIG	NODE_3249_length_540_cov_0.650108	540	unaligned
CONTIG	NODE_3250_length_540_cov_0.645788	540	unaligned
CONTIG	NODE_3251_length_540_cov_0.596112	540	unaligned
CONTIG	NODE_3252_length_540_cov_0.578834	540	unaligned
CONTIG	NODE_3253_length_540_cov_0.559395	540	unaligned
CONTIG	NODE_3254_length_540_cov_0.552916	540	unaligned
CONTIG	NODE_3255_length_540_cov_0.531317	540	unaligned
CONTIG	NODE_3256_length_539_cov_1.541126	539	unaligned
CONTIG	NODE_3257_length_539_cov_1.463203	539	unaligned
CONTIG	NODE_3258_length_539_cov_0.926407	539	unaligned
CONTIG	NODE_3259_length_539_cov_0.902597	539	unaligned
1005	1077	355	283	lcl_CM027383.1_cds_KAF9597297.1_27343	NODE_3260_length_539_cov_0.755411	100.0		True
unknown
922	1004	539	457	lcl_CM027383.1_cds_KAF9597297.1_27343	NODE_3260_length_539_cov_0.755411	98.8		True
unknown
CONTIG	NODE_3260_length_539_cov_0.755411	539	mis_unaligned
CONTIG	NODE_3261_length_539_cov_0.666667	539	unaligned
CONTIG	NODE_3262_length_539_cov_0.653680	539	unaligned
CONTIG	NODE_3263_length_539_cov_0.614719	539	unaligned
CONTIG	NODE_3264_length_539_cov_0.562771	539	unaligned
CONTIG	NODE_3265_length_539_cov_0.504329	539	unaligned
179	285	515	409	lcl_CM027385.1_cds_KAF9588696.1_37683	NODE_3266_length_538_cov_1.548807	97.2		True
CONTIG	NODE_3266_length_538_cov_1.548807	538	correct
1064	1146	83	1	lcl_CM027380.1_cds_KAF9612226.1_15749	NODE_3267_length_538_cov_1.494577	98.8		True
CONTIG	NODE_3267_length_538_cov_1.494577	538	correct
CONTIG	NODE_3268_length_538_cov_1.401302	538	unaligned
CONTIG	NODE_3269_length_538_cov_1.277657	538	unaligned
CONTIG	NODE_3270_length_538_cov_1.000000	538	unaligned
CONTIG	NODE_3271_length_538_cov_0.950108	538	unaligned
CONTIG	NODE_3272_length_538_cov_0.783080	538	unaligned
261	558	518	218	lcl_CM027384.1_cds_KAF9593273.1_35245	NODE_3273_length_538_cov_0.748373	98.34		True
CONTIG	NODE_3273_length_538_cov_0.748373	538	correct
CONTIG	NODE_3274_length_538_cov_0.741866	538	unaligned
CONTIG	NODE_3275_length_538_cov_0.665944	538	unaligned
412	492	391	311	lcl_JADFTS010000065.1_cds_KAF9586892.1_39857	NODE_3276_length_538_cov_0.603037	100.0		True
CONTIG	NODE_3276_length_538_cov_0.603037	538	correct
CONTIG	NODE_3277_length_538_cov_0.527115	538	unaligned
CONTIG	NODE_3278_length_537_cov_2.221739	537	unaligned
CONTIG	NODE_3279_length_537_cov_1.223913	537	unaligned
1	268	63	330	lcl_CM027378.1_cds_KAF9620342.1_3956	NODE_3280_length_537_cov_1.100000	96.64		True
CONTIG	NODE_3280_length_537_cov_1.100000	537	correct
CONTIG	NODE_3281_length_537_cov_1.032609	537	unaligned
180	330	310	159	lcl_CM027377.1_cds_KAF9625464.1_1939	NODE_3282_length_537_cov_0.819565	95.39		True
CONTIG	NODE_3282_length_537_cov_0.819565	537	correct
CONTIG	NODE_3283_length_537_cov_0.813043	537	unaligned
CONTIG	NODE_3284_length_537_cov_0.721739	537	unaligned
409	917	29	537	lcl_CM027382.1_cds_KAF9602491.1_26885	NODE_3285_length_537_cov_0.691304	95.9		True
CONTIG	NODE_3285_length_537_cov_0.691304	537	correct
CONTIG	NODE_3286_length_537_cov_0.621739	537	unaligned
406	480	333	407	lcl_CM027385.1_cds_KAF9590405.1_36194	NODE_3287_length_536_cov_1.908497	98.67		True
CONTIG	NODE_3287_length_536_cov_1.908497	536	correct
CONTIG	NODE_3288_length_536_cov_1.431373	536	unaligned
CONTIG	NODE_3289_length_536_cov_1.416122	536	unaligned
CONTIG	NODE_3290_length_536_cov_1.106754	536	unaligned
CONTIG	NODE_3291_length_536_cov_0.984749	536	unaligned
1919	1997	253	331	lcl_CM027380.1_cds_KAF9611084.1_18839	NODE_3292_length_536_cov_0.847495	98.73		True
unknown
1998	2095	414	511	lcl_CM027380.1_cds_KAF9611084.1_18839	NODE_3292_length_536_cov_0.847495	97.96		True
unknown
CONTIG	NODE_3292_length_536_cov_0.847495	536	mis_unaligned
2601	3136	1	536	lcl_CM027379.1_cds_KAF9616597.1_10965	NODE_3293_length_536_cov_0.797386	99.44		True
CONTIG	NODE_3293_length_536_cov_0.797386	536	correct
CONTIG	NODE_3294_length_536_cov_0.620915	536	unaligned
CONTIG	NODE_3295_length_536_cov_0.603486	536	unaligned
CONTIG	NODE_3296_length_536_cov_0.538126	536	unaligned
CONTIG	NODE_3297_length_536_cov_0.535948	536	unaligned
CONTIG	NODE_3298_length_535_cov_1.753275	535	unaligned
35	388	358	1	lcl_CM027383.1_cds_KAF9598297.1_27660	NODE_3299_length_534_cov_1.395197	98.88		True
CONTIG	NODE_3299_length_534_cov_1.395197	534	correct
241	361	122	2	lcl_CM027385.1_cds_KAF9588235.1_38030	NODE_3300_length_535_cov_1.106987	95.04		True
CONTIG	NODE_3300_length_535_cov_1.106987	535	correct
CONTIG	NODE_3301_length_535_cov_1.078603	535	unaligned
CONTIG	NODE_3302_length_535_cov_0.991266	535	unaligned
CONTIG	NODE_3303_length_535_cov_0.897380	535	unaligned
CONTIG	NODE_3304_length_535_cov_0.753275	535	unaligned
CONTIG	NODE_3305_length_535_cov_0.724891	535	unaligned
436	520	424	340	lcl_CM027378.1_cds_KAF9621616.1_7673	NODE_3306_length_535_cov_0.637555	98.82		True
CONTIG	NODE_3306_length_535_cov_0.637555	535	correct
CONTIG	NODE_3307_length_535_cov_0.558952	535	unaligned
CONTIG	NODE_3308_length_535_cov_0.530568	535	unaligned
CONTIG	NODE_3309_length_534_cov_0.456332	534	unaligned
CONTIG	NODE_3310_length_534_cov_1.597374	534	unaligned
CONTIG	NODE_3311_length_534_cov_0.927790	534	unaligned
CONTIG	NODE_3312_length_534_cov_0.903720	534	unaligned
CONTIG	NODE_3313_length_534_cov_0.814004	534	unaligned
CONTIG	NODE_3314_length_534_cov_0.792123	534	unaligned
CONTIG	NODE_3315_length_534_cov_0.719912	534	unaligned
CONTIG	NODE_3316_length_534_cov_0.695842	534	unaligned
CONTIG	NODE_3317_length_534_cov_0.490153	534	unaligned
CONTIG	NODE_3318_length_533_cov_1.043860	533	unaligned
CONTIG	NODE_3319_length_533_cov_0.960526	533	unaligned
CONTIG	NODE_3320_length_533_cov_0.940789	533	unaligned
5	145	355	215	lcl_CM027378.1_cds_KAF9622410.1_4484	NODE_3321_length_533_cov_0.835526	95.74		True
CONTIG	NODE_3321_length_533_cov_0.835526	533	correct
CONTIG	NODE_3322_length_533_cov_0.809211	533	unaligned
CONTIG	NODE_3323_length_533_cov_0.741228	533	unaligned
400	632	233	1	lcl_CM027380.1_cds_KAF9608835.1_14923	NODE_3324_length_533_cov_0.697368	100.0		True
translocation
1	171	403	234	lcl_CM027378.1_cds_KAF9620447.1_3738	NODE_3324_length_533_cov_0.697368	97.47		True
translocation
346	456	404	514	lcl_CM027385.1_cds_KAF9589369.1_38539	NODE_3324_length_533_cov_0.697368	99.17		True
CONTIG	NODE_3324_length_533_cov_0.697368	533	misassembled
CONTIG	NODE_3325_length_533_cov_0.688596	533	unaligned
376	610	126	364	lcl_CM027384.1_cds_KAF9594376.1_34398	NODE_3326_length_533_cov_0.677632	95.42		True
CONTIG	NODE_3326_length_533_cov_0.677632	533	correct
108	210	1	103	lcl_CM027383.1_cds_KAF9598923.1_28238	NODE_3327_length_533_cov_0.666667	98.06		True
translocation
1	351	160	508	lcl_CM027380.1_cds_KAF9611597.1_17747	NODE_3327_length_533_cov_0.666667	96.58		True
CONTIG	NODE_3327_length_533_cov_0.666667	533	misassembled
CONTIG	NODE_3328_length_533_cov_0.662281	533	unaligned
CONTIG	NODE_3329_length_533_cov_0.635965	533	unaligned
CONTIG	NODE_3330_length_533_cov_0.581140	533	unaligned
CONTIG	NODE_3331_length_533_cov_0.578947	533	unaligned
CONTIG	NODE_3332_length_533_cov_0.570175	533	unaligned
308	387	238	317	lcl_JADFTS010000061.1_cds_KAF9586991.1_39583	NODE_3333_length_533_cov_0.524123	98.75		True
CONTIG	NODE_3333_length_533_cov_0.524123	533	correct
CONTIG	NODE_3334_length_533_cov_0.515351	533	unaligned
CONTIG	NODE_3335_length_533_cov_0.491228	533	unaligned
CONTIG	NODE_3336_length_532_cov_37.723077	532	unaligned
CONTIG	NODE_3337_length_532_cov_34.450549	532	unaligned
CONTIG	NODE_3338_length_532_cov_4.863736	532	unaligned
CONTIG	NODE_3339_length_531_cov_1.465934	531	unaligned
CONTIG	NODE_3340_length_532_cov_1.131868	532	unaligned
CONTIG	NODE_3341_length_532_cov_1.112088	532	unaligned
CONTIG	NODE_3342_length_532_cov_1.107692	532	unaligned
CONTIG	NODE_3343_length_532_cov_0.795604	532	unaligned
208	697	11	501	lcl_CM027380.1_cds_KAF9608122.1_18067	NODE_3344_length_532_cov_0.791209	98.37		True
CONTIG	NODE_3344_length_532_cov_0.791209	532	correct
CONTIG	NODE_3345_length_532_cov_0.738462	532	unaligned
CONTIG	NODE_3346_length_532_cov_0.718681	532	unaligned
CONTIG	NODE_3347_length_532_cov_0.698901	532	unaligned
CONTIG	NODE_3348_length_532_cov_0.692308	532	unaligned
CONTIG	NODE_3349_length_532_cov_0.646154	532	unaligned
2080	2184	314	418	lcl_CM027377.1_cds_KAF9626229.1_1215	NODE_3350_length_532_cov_0.643956	100.0		True
CONTIG	NODE_3350_length_532_cov_0.643956	532	correct
CONTIG	NODE_3351_length_532_cov_0.536264	532	unaligned
CONTIG	NODE_3352_length_533_cov_0.485714	533	unaligned
CONTIG	NODE_3353_length_532_cov_0.424176	532	unaligned
CONTIG	NODE_3354_length_531_cov_1.768722	531	unaligned
CONTIG	NODE_3355_length_531_cov_1.751101	531	unaligned
CONTIG	NODE_3356_length_531_cov_1.607930	531	unaligned
CONTIG	NODE_3357_length_531_cov_1.286344	531	unaligned
CONTIG	NODE_3358_length_531_cov_1.046256	531	unaligned
CONTIG	NODE_3359_length_531_cov_0.843612	531	unaligned
CONTIG	NODE_3360_length_531_cov_0.786344	531	unaligned
202	351	14	159	lcl_CM027384.1_cds_KAF9594639.1_32651	NODE_3361_length_531_cov_0.775330	95.33		True
CONTIG	NODE_3361_length_531_cov_0.775330	531	correct
CONTIG	NODE_3362_length_531_cov_0.638767	531	unaligned
CONTIG	NODE_3363_length_531_cov_0.623348	531	unaligned
CONTIG	NODE_3364_length_531_cov_0.570485	531	unaligned
575	681	107	1	lcl_CM027382.1_cds_KAF9602561.1_26349	NODE_3365_length_531_cov_0.563877	99.07		True
CONTIG	NODE_3365_length_531_cov_0.563877	531	correct
430	691	393	132	lcl_CM027382.1_cds_KAF9603050.1_25439	NODE_3366_length_530_cov_1.044150	96.18		True
CONTIG	NODE_3366_length_530_cov_1.044150	530	correct
182	543	373	12	lcl_CM027381.1_cds_KAF9606509.1_20265	NODE_3367_length_530_cov_0.955850	98.34		True
CONTIG	NODE_3367_length_530_cov_0.955850	530	correct
CONTIG	NODE_3368_length_530_cov_0.827815	530	unaligned
1187	1348	260	421	lcl_CM027379.1_cds_KAF9616530.1_12414	NODE_3369_length_530_cov_0.677704	97.53		True
CONTIG	NODE_3369_length_530_cov_0.677704	530	correct
CONTIG	NODE_3370_length_528_cov_0.677704	528	unaligned
48	155	523	416	lcl_CM027380.1_cds_KAF9611805.1_17328	NODE_3371_length_530_cov_0.620309	96.3		True
CONTIG	NODE_3371_length_530_cov_0.620309	530	correct
45	286	254	495	lcl_CM027383.1_cds_KAF9598981.1_29083	NODE_3372_length_530_cov_0.609272	99.17		True
CONTIG	NODE_3372_length_530_cov_0.609272	530	correct
CONTIG	NODE_3373_length_530_cov_0.607064	530	unaligned
CONTIG	NODE_3374_length_530_cov_0.593819	530	unaligned
CONTIG	NODE_3375_length_530_cov_0.569536	530	unaligned
CONTIG	NODE_3376_length_530_cov_0.487859	530	unaligned
CONTIG	NODE_3377_length_529_cov_1.008850	529	unaligned
1562	1638	102	178	lcl_CM027380.1_cds_KAF9609841.1_14680	NODE_3378_length_529_cov_0.889381	97.4		True
CONTIG	NODE_3378_length_529_cov_0.889381	529	correct
CONTIG	NODE_3379_length_529_cov_0.851770	529	unaligned
CONTIG	NODE_3380_length_529_cov_0.769912	529	unaligned
CONTIG	NODE_3381_length_529_cov_0.750000	529	unaligned
CONTIG	NODE_3382_length_529_cov_0.743363	529	unaligned
CONTIG	NODE_3383_length_529_cov_0.725664	529	unaligned
CONTIG	NODE_3384_length_529_cov_0.646018	529	unaligned
1	493	493	1	lcl_CM027382.1_cds_KAF9602557.1_26355	NODE_3385_length_529_cov_0.643805	97.36		True
CONTIG	NODE_3385_length_529_cov_0.643805	529	correct
CONTIG	NODE_3386_length_529_cov_0.634956	529	unaligned
CONTIG	NODE_3387_length_529_cov_0.601770	529	unaligned
CONTIG	NODE_3388_length_529_cov_0.579646	529	unaligned
CONTIG	NODE_3389_length_529_cov_0.573009	529	unaligned
CONTIG	NODE_3390_length_528_cov_1.780488	528	unaligned
CONTIG	NODE_3391_length_528_cov_1.616408	528	unaligned
CONTIG	NODE_3392_length_528_cov_1.458980	528	unaligned
CONTIG	NODE_3393_length_528_cov_1.396896	528	unaligned
CONTIG	NODE_3394_length_528_cov_1.230599	528	unaligned
CONTIG	NODE_3395_length_528_cov_0.980044	528	unaligned
782	940	299	457	lcl_CM027381.1_cds_KAF9604503.1_19258	NODE_3396_length_528_cov_0.807095	98.74		True
CONTIG	NODE_3396_length_528_cov_0.807095	528	correct
7	90	211	128	lcl_CM027383.1_cds_KAF9595857.1_31401	NODE_3397_length_528_cov_0.798226	100.0		True
CONTIG	NODE_3397_length_528_cov_0.798226	528	correct
CONTIG	NODE_3398_length_528_cov_0.778271	528	unaligned
CONTIG	NODE_3399_length_528_cov_0.753880	528	unaligned
CONTIG	NODE_3400_length_528_cov_0.731707	528	unaligned
CONTIG	NODE_3401_length_528_cov_0.725055	528	unaligned
CONTIG	NODE_3402_length_528_cov_0.625277	528	unaligned
CONTIG	NODE_3403_length_528_cov_0.596452	528	unaligned
1	385	385	1	lcl_CM027380.1_cds_KAF9608033.1_17169	NODE_3404_length_528_cov_0.574279	95.58		True
CONTIG	NODE_3404_length_528_cov_0.574279	528	correct
CONTIG	NODE_3405_length_528_cov_0.552106	528	unaligned
CONTIG	NODE_3406_length_528_cov_0.427938	528	unaligned
6037	6156	125	6	lcl_CM027380.1_cds_KAF9611532.1_15559	NODE_3407_length_528_cov_0.368071	100.0		True
CONTIG	NODE_3407_length_528_cov_0.368071	528	correct
1263	1538	124	399	lcl_CM027382.1_cds_KAF9602589.1_26056	NODE_3408_length_527_cov_1.280000	98.19		True
CONTIG	NODE_3408_length_527_cov_1.280000	527	correct
CONTIG	NODE_3409_length_527_cov_1.135556	527	unaligned
CONTIG	NODE_3410_length_527_cov_0.944444	527	unaligned
CONTIG	NODE_3411_length_527_cov_0.842222	527	unaligned
1131	1209	94	172	lcl_CM027382.1_cds_KAF9599784.1_23072	NODE_3412_length_527_cov_0.804444	100.0		True
CONTIG	NODE_3412_length_527_cov_0.804444	527	correct
165	288	359	482	lcl_CM027380.1_cds_KAF9609797.1_14823	NODE_3413_length_527_cov_0.791111	96.77		True
CONTIG	NODE_3413_length_527_cov_0.791111	527	correct
CONTIG	NODE_3414_length_527_cov_0.771111	527	unaligned
1405	1525	121	1	lcl_CM027385.1_cds_KAF9588530.1_35927	NODE_3415_length_527_cov_0.713333	99.17		True
CONTIG	NODE_3415_length_527_cov_0.713333	527	correct
CONTIG	NODE_3416_length_527_cov_0.682222	527	unaligned
CONTIG	NODE_3417_length_527_cov_0.666667	527	unaligned
CONTIG	NODE_3418_length_527_cov_0.657778	527	unaligned
634	722	96	184	lcl_CM027382.1_cds_KAF9602128.1_23331	NODE_3419_length_527_cov_0.648889	97.75		True
CONTIG	NODE_3419_length_527_cov_0.648889	527	correct
CONTIG	NODE_3420_length_527_cov_0.595556	527	unaligned
CONTIG	NODE_3421_length_527_cov_0.591111	527	unaligned
3	248	246	1	lcl_CM027380.1_cds_KAF9611968.1_16642	NODE_3422_length_527_cov_0.446667	96.75		True
translocation
1329	1472	393	250	lcl_CM027382.1_cds_KAF9600757.1_23516	NODE_3422_length_527_cov_0.446667	100.0		True
CONTIG	NODE_3422_length_527_cov_0.446667	527	misassembled
CONTIG	NODE_3423_length_527_cov_0.271111	527	unaligned
136	470	337	4	lcl_CM027377.1_cds_KAF9623581.1_646	NODE_3424_length_526_cov_1.409800	97.31		True
indel: indel (> 5bp)
54	135	464	383	lcl_CM027377.1_cds_KAF9623581.1_646	NODE_3424_length_526_cov_1.409800	96.34		True
CONTIG	NODE_3424_length_526_cov_1.409800	526	correct
CONTIG	NODE_3425_length_526_cov_1.265033	526	unaligned
CONTIG	NODE_3426_length_526_cov_1.084633	526	unaligned
746	904	236	394	lcl_CM027379.1_cds_KAF9614147.1_13795	NODE_3427_length_526_cov_0.997773	100.0		True
CONTIG	NODE_3427_length_526_cov_0.997773	526	correct
CONTIG	NODE_3428_length_526_cov_0.984410	526	unaligned
629	822	141	334	lcl_CM027378.1_cds_KAF9619727.1_4671	NODE_3429_length_526_cov_0.975501	100.0		True
CONTIG	NODE_3429_length_526_cov_0.975501	526	correct
CONTIG	NODE_3430_length_526_cov_0.939866	526	unaligned
3	182	182	3	lcl_CM027379.1_cds_KAF9615511.1_12257	NODE_3431_length_526_cov_0.788419	97.78		True
CONTIG	NODE_3431_length_526_cov_0.788419	526	correct
CONTIG	NODE_3432_length_526_cov_0.750557	526	unaligned
CONTIG	NODE_3433_length_526_cov_0.706013	526	unaligned
CONTIG	NODE_3434_length_526_cov_0.679287	526	unaligned
CONTIG	NODE_3435_length_526_cov_0.630290	526	unaligned
1465	1811	180	526	lcl_CM027378.1_cds_KAF9619808.1_5492	NODE_3436_length_526_cov_0.616927	100.0		True
CONTIG	NODE_3436_length_526_cov_0.616927	526	correct
CONTIG	NODE_3437_length_526_cov_0.418708	526	unaligned
CONTIG	NODE_3438_length_525_cov_9.207589	525	unaligned
CONTIG	NODE_3439_length_525_cov_1.203125	525	unaligned
CONTIG	NODE_3440_length_525_cov_1.160714	525	unaligned
CONTIG	NODE_3441_length_525_cov_0.941964	525	unaligned
CONTIG	NODE_3442_length_525_cov_0.803571	525	unaligned
CONTIG	NODE_3443_length_525_cov_0.763393	525	unaligned
CONTIG	NODE_3444_length_525_cov_0.727679	525	unaligned
CONTIG	NODE_3445_length_525_cov_0.696429	525	unaligned
1	289	289	1	lcl_CM027382.1_cds_KAF9600757.1_23516	NODE_3446_length_525_cov_0.620536	97.92		True
translocation
451	555	394	290	lcl_CM027378.1_cds_KAF9618780.1_6401	NODE_3446_length_525_cov_0.620536	97.2		True
CONTIG	NODE_3446_length_525_cov_0.620536	525	misassembled
CONTIG	NODE_3447_length_522_cov_0.604911	522	unaligned
CONTIG	NODE_3448_length_516_cov_0.593750	516	unaligned
CONTIG	NODE_3449_length_525_cov_0.582589	525	unaligned
CONTIG	NODE_3450_length_525_cov_0.473214	525	unaligned
CONTIG	NODE_3451_length_524_cov_5.239374	524	unaligned
CONTIG	NODE_3452_length_524_cov_1.277405	524	unaligned
1337	1563	6	232	lcl_CM027378.1_cds_KAF9623127.1_8321	NODE_3453_length_524_cov_0.979866	96.92		True
CONTIG	NODE_3453_length_524_cov_0.979866	524	correct
CONTIG	NODE_3454_length_524_cov_0.979866	524	unaligned
CONTIG	NODE_3455_length_524_cov_0.970917	524	unaligned
CONTIG	NODE_3456_length_524_cov_0.892617	524	unaligned
203	424	297	76	lcl_CM027378.1_cds_KAF9621143.1_8669	NODE_3457_length_524_cov_0.816555	98.2		True
CONTIG	NODE_3457_length_524_cov_0.816555	524	correct
CONTIG	NODE_3458_length_524_cov_0.736018	524	unaligned
CONTIG	NODE_3459_length_524_cov_0.691275	524	unaligned
CONTIG	NODE_3460_length_524_cov_0.619687	524	unaligned
CONTIG	NODE_3461_length_523_cov_0.599553	523	unaligned
CONTIG	NODE_3462_length_524_cov_0.498881	524	unaligned
CONTIG	NODE_3463_length_523_cov_25.291480	523	unaligned
CONTIG	NODE_3464_length_523_cov_1.226457	523	unaligned
CONTIG	NODE_3465_length_523_cov_1.056054	523	unaligned
386	678	231	523	lcl_CM027377.1_cds_KAF9625439.1_2340	NODE_3466_length_523_cov_0.982063	100.0		True
CONTIG	NODE_3466_length_523_cov_0.982063	523	correct
CONTIG	NODE_3467_length_523_cov_0.894619	523	unaligned
1218	1331	384	271	lcl_CM027385.1_cds_KAF9587572.1_36662	NODE_3468_length_523_cov_0.865471	98.25		True
CONTIG	NODE_3468_length_523_cov_0.865471	523	correct
CONTIG	NODE_3469_length_523_cov_0.818386	523	unaligned
774	867	445	352	lcl_CM027384.1_cds_KAF9592337.1_31563	NODE_3470_length_523_cov_0.804933	100.0		True
CONTIG	NODE_3470_length_523_cov_0.804933	523	correct
CONTIG	NODE_3471_length_523_cov_0.715247	523	unaligned
323	635	1	312	lcl_CM027380.1_cds_KAF9607897.1_18175	NODE_3472_length_523_cov_0.695067	98.08		True
translocation
290	392	421	523	lcl_CM027381.1_cds_KAF9606495.1_21053	NODE_3472_length_523_cov_0.695067	100.0		True
CONTIG	NODE_3472_length_523_cov_0.695067	523	misassembled
CONTIG	NODE_3473_length_523_cov_0.686099	523	unaligned
CONTIG	NODE_3474_length_523_cov_0.650224	523	unaligned
CONTIG	NODE_3475_length_523_cov_0.643498	523	unaligned
CONTIG	NODE_3476_length_523_cov_0.632287	523	unaligned
CONTIG	NODE_3477_length_521_cov_0.582960	521	unaligned
CONTIG	NODE_3478_length_523_cov_0.500000	523	unaligned
CONTIG	NODE_3479_length_522_cov_1.968539	522	unaligned
CONTIG	NODE_3480_length_522_cov_1.923596	522	unaligned
CONTIG	NODE_3481_length_522_cov_1.914607	522	unaligned
CONTIG	NODE_3482_length_522_cov_0.964045	522	unaligned
CONTIG	NODE_3483_length_522_cov_0.896629	522	unaligned
570	704	388	522	lcl_CM027383.1_cds_KAF9597788.1_27810	NODE_3484_length_522_cov_0.865169	98.52		True
CONTIG	NODE_3484_length_522_cov_0.865169	522	correct
1	483	483	1	lcl_CM027378.1_cds_KAF9621913.1_8356	NODE_3485_length_522_cov_0.849438	98.14		True
CONTIG	NODE_3485_length_522_cov_0.849438	522	correct
657	803	287	141	lcl_CM027377.1_cds_KAF9626217.1_1226	NODE_3486_length_522_cov_0.730337	95.24		True
CONTIG	NODE_3486_length_522_cov_0.730337	522	correct
1	278	451	174	lcl_CM027383.1_cds_KAF9597218.1_27276	NODE_3487_length_522_cov_0.725843	99.64		True
CONTIG	NODE_3487_length_522_cov_0.725843	522	correct
2198	2343	10	155	lcl_CM027384.1_cds_KAF9592833.1_32450	NODE_3488_length_522_cov_0.692135	95.89		True
CONTIG	NODE_3488_length_522_cov_0.692135	522	correct
CONTIG	NODE_3489_length_522_cov_0.685393	522	unaligned
CONTIG	NODE_3490_length_522_cov_0.528090	522	unaligned
597	684	216	129	lcl_CM027384.1_cds_KAF9594470.1_34311	NODE_3491_length_522_cov_0.516854	100.0		True
translocation
981	1286	522	217	lcl_CM027384.1_cds_KAF9593821.1_33349	NODE_3491_length_522_cov_0.516854	98.69		True
CONTIG	NODE_3491_length_522_cov_0.516854	522	misassembled
CONTIG	NODE_3492_length_522_cov_0.498876	522	unaligned
CONTIG	NODE_3493_length_521_cov_1.427928	521	unaligned
967	1052	517	432	lcl_CM027384.1_cds_KAF9591949.1_34808	NODE_3494_length_521_cov_1.175676	98.84		True
CONTIG	NODE_3494_length_521_cov_1.175676	521	correct
CONTIG	NODE_3495_length_521_cov_0.977477	521	unaligned
343	432	233	144	lcl_CM027384.1_cds_KAF9593990.1_35641	NODE_3496_length_521_cov_0.873874	100.0		True
CONTIG	NODE_3496_length_521_cov_0.873874	521	correct
212	293	99	18	lcl_JADFTS010000061.1_cds_KAF9586951.1_39558	NODE_3497_length_521_cov_0.806306	97.56		True
CONTIG	NODE_3497_length_521_cov_0.806306	521	correct
CONTIG	NODE_3498_length_521_cov_0.790541	521	unaligned
CONTIG	NODE_3499_length_521_cov_0.727477	521	unaligned
CONTIG	NODE_3500_length_521_cov_0.718468	521	unaligned
600	1120	1	521	lcl_CM027380.1_cds_KAF9608684.1_15009	NODE_3501_length_521_cov_0.718468	96.16		True
CONTIG	NODE_3501_length_521_cov_0.718468	521	correct
CONTIG	NODE_3502_length_521_cov_0.680180	521	unaligned
CONTIG	NODE_3503_length_521_cov_0.671171	521	unaligned
135	318	373	190	lcl_CM027383.1_cds_KAF9597698.1_31256	NODE_3504_length_521_cov_0.655405	100.0		True
CONTIG	NODE_3504_length_521_cov_0.655405	521	correct
1351	1539	60	248	lcl_CM027384.1_cds_KAF9595030.1_35702	NODE_3505_length_521_cov_0.612613	96.3		True
CONTIG	NODE_3505_length_521_cov_0.612613	521	correct
CONTIG	NODE_3506_length_512_cov_0.594595	512	unaligned
CONTIG	NODE_3507_length_521_cov_0.542793	521	unaligned
CONTIG	NODE_3508_length_521_cov_0.520270	521	unaligned
CONTIG	NODE_3509_length_520_cov_1.162528	520	unaligned
435	953	1	520	lcl_CM027380.1_cds_KAF9611255.1_14555	NODE_3510_length_520_cov_0.954853	99.04		True
CONTIG	NODE_3510_length_520_cov_0.954853	520	correct
CONTIG	NODE_3511_length_520_cov_0.925508	520	unaligned
CONTIG	NODE_3512_length_520_cov_0.866817	520	unaligned
CONTIG	NODE_3513_length_520_cov_0.801354	520	unaligned
CONTIG	NODE_3514_length_520_cov_0.769752	520	unaligned
CONTIG	NODE_3515_length_520_cov_0.717833	520	unaligned
CONTIG	NODE_3516_length_520_cov_0.702032	520	unaligned
CONTIG	NODE_3517_length_520_cov_0.699774	520	unaligned
CONTIG	NODE_3518_length_520_cov_0.665914	520	unaligned
CONTIG	NODE_3519_length_518_cov_0.659142	518	unaligned
CONTIG	NODE_3520_length_520_cov_0.559819	520	unaligned
CONTIG	NODE_3521_length_520_cov_0.433409	520	unaligned
CONTIG	NODE_3522_length_519_cov_0.941176	519	unaligned
216	315	4	104	lcl_CM027379.1_cds_KAF9616513.1_11210	NODE_3523_length_519_cov_0.889140	96.04		True
unknown
788	927	268	129	lcl_CM027380.1_cds_KAF9610127.1_16340	NODE_3523_length_519_cov_0.889140	96.43		True
unknown
CONTIG	NODE_3523_length_519_cov_0.889140	519	mis_unaligned
CONTIG	NODE_3524_length_519_cov_0.832579	519	unaligned
CONTIG	NODE_3525_length_519_cov_0.789593	519	unaligned
252	369	115	232	lcl_CM027380.1_cds_KAF9609482.1_16101	NODE_3526_length_519_cov_0.737557	98.31		True
CONTIG	NODE_3526_length_519_cov_0.737557	519	correct
1012	1105	119	26	lcl_CM027384.1_cds_KAF9592580.1_35385	NODE_3527_length_519_cov_0.710407	100.0		True
CONTIG	NODE_3527_length_519_cov_0.710407	519	correct
CONTIG	NODE_3528_length_519_cov_0.701357	519	unaligned
CONTIG	NODE_3529_length_518_cov_0.662896	518	unaligned
CONTIG	NODE_3530_length_519_cov_0.631222	519	unaligned
CONTIG	NODE_3531_length_519_cov_0.608597	519	unaligned
CONTIG	NODE_3532_length_519_cov_0.565611	519	unaligned
CONTIG	NODE_3533_length_519_cov_0.463801	519	unaligned
CONTIG	NODE_3534_length_519_cov_0.463801	519	unaligned
CONTIG	NODE_3535_length_519_cov_0.414027	519	unaligned
CONTIG	NODE_3536_length_518_cov_2.462585	518	unaligned
CONTIG	NODE_3537_length_518_cov_1.918367	518	unaligned
CONTIG	NODE_3538_length_518_cov_1.231293	518	unaligned
335	582	270	517	lcl_CM027385.1_cds_KAF9587383.1_37792	NODE_3539_length_518_cov_1.133787	98.39		True
CONTIG	NODE_3539_length_518_cov_1.133787	518	correct
45	195	94	244	lcl_CM027378.1_cds_KAF9619617.1_8488	NODE_3540_length_518_cov_1.065760	97.35		True
indel: indel (> 5bp)
251	362	245	356	lcl_CM027378.1_cds_KAF9619617.1_8488	NODE_3540_length_518_cov_1.065760	97.32		True
CONTIG	NODE_3540_length_518_cov_1.065760	518	correct
23	413	1	391	lcl_CM027380.1_cds_KAF9607789.1_17088	NODE_3541_length_518_cov_1.027211	97.44		True
CONTIG	NODE_3541_length_518_cov_1.027211	518	correct
CONTIG	NODE_3542_length_518_cov_0.947846	518	unaligned
CONTIG	NODE_3543_length_518_cov_0.897959	518	unaligned
CONTIG	NODE_3544_length_518_cov_0.784580	518	unaligned
2969	3118	369	518	lcl_CM027383.1_cds_KAF9596383.1_29833	NODE_3545_length_518_cov_0.782313	98.67		True
CONTIG	NODE_3545_length_518_cov_0.782313	518	correct
CONTIG	NODE_3546_length_518_cov_0.718821	518	unaligned
151	404	254	1	lcl_CM027385.1_cds_KAF9589577.1_37401	NODE_3547_length_518_cov_0.714286	98.05		True
CONTIG	NODE_3547_length_518_cov_0.714286	518	correct
CONTIG	NODE_3548_length_518_cov_0.659864	518	unaligned
2133	2207	160	86	lcl_CM027382.1_cds_KAF9599739.1_23036	NODE_3549_length_514_cov_0.625850	100.0		True
CONTIG	NODE_3549_length_514_cov_0.625850	514	correct
CONTIG	NODE_3550_length_518_cov_0.582766	518	unaligned
9	116	122	229	lcl_CM027381.1_cds_KAF9606265.1_20563	NODE_3551_length_518_cov_0.564626	99.07		True
unknown
298	368	420	490	lcl_CM027385.1_cds_KAF9590690.1_37119	NODE_3551_length_518_cov_0.564626	100.0		True
unknown
CONTIG	NODE_3551_length_518_cov_0.564626	518	mis_unaligned
CONTIG	NODE_3552_length_516_cov_0.514739	516	unaligned
CONTIG	NODE_3553_length_516_cov_0.512472	516	unaligned
CONTIG	NODE_3554_length_517_cov_2.322727	517	unaligned
CONTIG	NODE_3555_length_515_cov_1.440909	515	unaligned
43	261	93	311	lcl_CM027382.1_cds_KAF9600953.1_26129	NODE_3556_length_517_cov_1.245455	99.54		True
CONTIG	NODE_3556_length_517_cov_1.245455	517	correct
CONTIG	NODE_3557_length_516_cov_0.870455	516	unaligned
CONTIG	NODE_3558_length_517_cov_0.720455	517	unaligned
CONTIG	NODE_3559_length_517_cov_0.715909	517	unaligned
CONTIG	NODE_3560_length_517_cov_0.711364	517	unaligned
CONTIG	NODE_3561_length_517_cov_0.706818	517	unaligned
CONTIG	NODE_3562_length_517_cov_0.677273	517	unaligned
CONTIG	NODE_3563_length_517_cov_0.629545	517	unaligned
CONTIG	NODE_3564_length_517_cov_0.613636	517	unaligned
242	441	318	517	lcl_CM027377.1_cds_KAF9625281.1_147	NODE_3565_length_517_cov_0.604545	98.5		True
CONTIG	NODE_3565_length_517_cov_0.604545	517	correct
CONTIG	NODE_3566_length_517_cov_0.602273	517	unaligned
CONTIG	NODE_3567_length_513_cov_0.488636	513	unaligned
CONTIG	NODE_3568_length_516_cov_16.895216	516	unaligned
CONTIG	NODE_3569_length_516_cov_14.341686	516	unaligned
CONTIG	NODE_3570_length_516_cov_1.175399	516	unaligned
81	405	155	479	lcl_CM027383.1_cds_KAF9597793.1_27808	NODE_3571_length_516_cov_1.107062	99.69		True
CONTIG	NODE_3571_length_516_cov_1.107062	516	correct
CONTIG	NODE_3572_length_516_cov_0.949886	516	unaligned
198	325	1	128	lcl_CM027379.1_cds_KAF9616803.1_9253	NODE_3573_length_516_cov_0.890661	95.31		True
CONTIG	NODE_3573_length_516_cov_0.890661	516	correct
CONTIG	NODE_3574_length_516_cov_0.876993	516	unaligned
CONTIG	NODE_3575_length_516_cov_0.715262	516	unaligned
123	188	126	61	lcl_CM027380.1_cds_KAF9609942.1_15701	NODE_3576_length_516_cov_0.644647	100.0		True
CONTIG	NODE_3576_length_516_cov_0.644647	516	correct
CONTIG	NODE_3577_length_516_cov_0.637813	516	unaligned
CONTIG	NODE_3578_length_516_cov_0.605923	516	unaligned
CONTIG	NODE_3579_length_516_cov_0.605923	516	unaligned
CONTIG	NODE_3580_length_516_cov_0.560364	516	unaligned
CONTIG	NODE_3581_length_515_cov_1.504566	515	unaligned
314	423	166	57	lcl_CM027380.1_cds_KAF9608150.1_18326	NODE_3582_length_515_cov_1.415525	100.0		True
unknown
22	150	430	302	lcl_CM027380.1_cds_KAF9608363.1_17490	NODE_3582_length_515_cov_1.415525	98.45		True
unknown
CONTIG	NODE_3582_length_515_cov_1.415525	515	mis_unaligned
411	649	469	231	lcl_CM027377.1_cds_KAF9623420.1_62	NODE_3583_length_515_cov_1.041096	96.65		True
CONTIG	NODE_3583_length_515_cov_1.041096	515	correct
CONTIG	NODE_3584_length_515_cov_0.990868	515	unaligned
CONTIG	NODE_3585_length_515_cov_0.867580	515	unaligned
268	538	245	515	lcl_CM027378.1_cds_KAF9618758.1_7347	NODE_3586_length_515_cov_0.714612	97.79		True
CONTIG	NODE_3586_length_515_cov_0.714612	515	correct
CONTIG	NODE_3587_length_515_cov_0.707763	515	unaligned
CONTIG	NODE_3588_length_515_cov_0.641553	515	unaligned
CONTIG	NODE_3589_length_514_cov_2.409611	514	unaligned
CONTIG	NODE_3590_length_514_cov_1.697941	514	unaligned
223	337	120	6	lcl_CM027377.1_cds_KAF9624554.1_787	NODE_3591_length_514_cov_1.297483	100.0		True
CONTIG	NODE_3591_length_514_cov_1.297483	514	correct
79	432	161	514	lcl_CM027385.1_cds_KAF9588604.1_36498	NODE_3592_length_514_cov_0.745995	99.72		True
CONTIG	NODE_3592_length_514_cov_0.745995	514	correct
CONTIG	NODE_3593_length_514_cov_0.745995	514	unaligned
CONTIG	NODE_3594_length_514_cov_0.727689	514	unaligned
CONTIG	NODE_3595_length_514_cov_0.661327	514	unaligned
CONTIG	NODE_3596_length_514_cov_0.649886	514	unaligned
CONTIG	NODE_3597_length_514_cov_0.608696	514	unaligned
CONTIG	NODE_3598_length_514_cov_0.592677	514	unaligned
CONTIG	NODE_3599_length_514_cov_0.585812	514	unaligned
CONTIG	NODE_3600_length_514_cov_0.519451	514	unaligned
CONTIG	NODE_3601_length_513_cov_9.869266	513	unaligned
307	444	312	173	lcl_CM027381.1_cds_KAF9606581.1_21471	NODE_3602_length_513_cov_1.674312	98.57		True
CONTIG	NODE_3602_length_513_cov_1.674312	513	correct
CONTIG	NODE_3603_length_513_cov_1.536697	513	unaligned
CONTIG	NODE_3604_length_513_cov_0.947248	513	unaligned
89	184	59	154	lcl_CM027378.1_cds_KAF9622101.1_5680	NODE_3605_length_513_cov_0.807339	97.92		True
translocation
69	249	316	498	lcl_CM027377.1_cds_KAF9626016.1_2765	NODE_3605_length_513_cov_0.807339	96.72		True
CONTIG	NODE_3605_length_513_cov_0.807339	513	misassembled
CONTIG	NODE_3606_length_513_cov_0.756881	513	unaligned
CONTIG	NODE_3607_length_513_cov_0.644495	513	unaligned
1222	1326	31	135	lcl_CM027379.1_cds_KAF9612572.1_12804	NODE_3608_length_513_cov_0.639908	100.0		True
unknown
200	276	227	303	lcl_CM027385.1_cds_KAF9588503.1_37183	NODE_3608_length_513_cov_0.639908	100.0		True
unknown
CONTIG	NODE_3608_length_513_cov_0.639908	513	mis_unaligned
CONTIG	NODE_3609_length_513_cov_0.630734	513	unaligned
CONTIG	NODE_3610_length_513_cov_0.614679	513	unaligned
CONTIG	NODE_3611_length_513_cov_0.607798	513	unaligned
408	768	390	28	lcl_CM027377.1_cds_KAF9626362.1_2701	NODE_3612_length_507_cov_0.566514	95.04		True
CONTIG	NODE_3612_length_507_cov_0.566514	507	correct
CONTIG	NODE_3613_length_513_cov_0.504587	513	unaligned
CONTIG	NODE_3614_length_512_cov_1.822989	512	unaligned
538	699	463	302	lcl_CM027384.1_cds_KAF9594908.1_31519	NODE_3615_length_512_cov_1.675862	98.15		True
CONTIG	NODE_3615_length_512_cov_1.675862	512	correct
CONTIG	NODE_3616_length_512_cov_0.947126	512	unaligned
CONTIG	NODE_3617_length_512_cov_0.855172	512	unaligned
1591	1777	373	187	lcl_CM027379.1_cds_KAF9613484.1_11266	NODE_3618_length_512_cov_0.825287	98.4		True
CONTIG	NODE_3618_length_512_cov_0.825287	512	correct
CONTIG	NODE_3619_length_513_cov_0.802299	513	unaligned
CONTIG	NODE_3620_length_512_cov_0.800000	512	unaligned
CONTIG	NODE_3621_length_512_cov_0.737931	512	unaligned
CONTIG	NODE_3622_length_512_cov_0.698851	512	unaligned
1	158	502	345	lcl_CM027381.1_cds_KAF9604765.1_21029	NODE_3623_length_512_cov_0.691954	95.57		True
CONTIG	NODE_3623_length_512_cov_0.691954	512	correct
CONTIG	NODE_3624_length_512_cov_0.671264	512	unaligned
CONTIG	NODE_3625_length_512_cov_0.671264	512	unaligned
CONTIG	NODE_3626_length_512_cov_0.641379	512	unaligned
524	625	377	478	lcl_CM027378.1_cds_KAF9621929.1_8368	NODE_3627_length_512_cov_0.618391	97.06		True
CONTIG	NODE_3627_length_512_cov_0.618391	512	correct
CONTIG	NODE_3628_length_512_cov_0.565517	512	unaligned
CONTIG	NODE_3629_length_512_cov_0.535632	512	unaligned
998	1181	414	231	lcl_CM027382.1_cds_KAF9603098.1_25485	NODE_3630_length_512_cov_0.480460	97.83		True
CONTIG	NODE_3630_length_512_cov_0.480460	512	correct
CONTIG	NODE_3631_length_511_cov_1.267281	511	unaligned
CONTIG	NODE_3632_length_511_cov_1.078341	511	unaligned
CONTIG	NODE_3633_length_511_cov_0.870968	511	unaligned
CONTIG	NODE_3634_length_511_cov_0.815668	511	unaligned
CONTIG	NODE_3635_length_511_cov_0.741935	511	unaligned
CONTIG	NODE_3636_length_511_cov_0.741935	511	unaligned
CONTIG	NODE_3637_length_511_cov_0.672811	511	unaligned
130	320	259	69	lcl_CM027382.1_cds_KAF9603430.1_25088	NODE_3638_length_511_cov_0.665899	95.29		True
CONTIG	NODE_3638_length_511_cov_0.665899	511	correct
CONTIG	NODE_3639_length_511_cov_0.649770	511	unaligned
CONTIG	NODE_3640_length_511_cov_0.633641	511	unaligned
1	180	335	511	lcl_CM027380.1_cds_KAF9610238.1_14592	NODE_3641_length_511_cov_0.587558	95.56		True
CONTIG	NODE_3641_length_511_cov_0.587558	511	correct
CONTIG	NODE_3642_length_511_cov_0.552995	511	unaligned
CONTIG	NODE_3643_length_508_cov_0.440092	508	unaligned
5	85	161	79	lcl_CM027385.1_cds_KAF9588762.1_38268	NODE_3644_length_510_cov_2.327945	97.59		True
CONTIG	NODE_3644_length_510_cov_2.327945	510	correct
CONTIG	NODE_3645_length_510_cov_2.224018	510	unaligned
CONTIG	NODE_3646_length_510_cov_0.750577	510	unaligned
CONTIG	NODE_3647_length_510_cov_0.690531	510	unaligned
481	561	1	81	lcl_CM027378.1_cds_KAF9618815.1_6367	NODE_3648_length_503_cov_0.685912	100.0		True
CONTIG	NODE_3648_length_503_cov_0.685912	503	correct
CONTIG	NODE_3649_length_510_cov_0.681293	510	unaligned
CONTIG	NODE_3650_length_510_cov_0.672055	510	unaligned
CONTIG	NODE_3651_length_510_cov_0.639723	510	unaligned
CONTIG	NODE_3652_length_510_cov_0.623557	510	unaligned
CONTIG	NODE_3653_length_510_cov_0.612009	510	unaligned
CONTIG	NODE_3654_length_510_cov_0.595843	510	unaligned
CONTIG	NODE_3655_length_510_cov_0.577367	510	unaligned
CONTIG	NODE_3656_length_510_cov_0.577367	510	unaligned
CONTIG	NODE_3657_length_510_cov_0.554273	510	unaligned
CONTIG	NODE_3658_length_510_cov_0.445727	510	unaligned
CONTIG	NODE_3659_length_509_cov_1.854167	509	unaligned
CONTIG	NODE_3660_length_509_cov_1.324074	509	unaligned
CONTIG	NODE_3661_length_509_cov_1.182870	509	unaligned
314	822	1	509	lcl_CM027378.1_cds_KAF9622208.1_5259	NODE_3662_length_509_cov_0.990741	100.0		True
CONTIG	NODE_3662_length_509_cov_0.990741	509	correct
CONTIG	NODE_3663_length_509_cov_0.858796	509	unaligned
CONTIG	NODE_3664_length_509_cov_0.826389	509	unaligned
868	1144	419	143	lcl_CM027378.1_cds_KAF9622123.1_5658	NODE_3665_length_509_cov_0.770833	95.67		True
CONTIG	NODE_3665_length_509_cov_0.770833	509	correct
398	530	83	215	lcl_CM027384.1_cds_KAF9593840.1_31783	NODE_3666_length_509_cov_0.675926	100.0		True
CONTIG	NODE_3666_length_509_cov_0.675926	509	correct
CONTIG	NODE_3667_length_505_cov_0.675926	505	unaligned
CONTIG	NODE_3668_length_509_cov_0.629630	509	unaligned
CONTIG	NODE_3669_length_509_cov_0.611111	509	unaligned
CONTIG	NODE_3670_length_509_cov_0.592593	509	unaligned
CONTIG	NODE_3671_length_509_cov_0.555556	509	unaligned
382	446	487	423	lcl_CM027380.1_cds_KAF9610937.1_17611	NODE_3672_length_509_cov_0.465278	100.0		True
CONTIG	NODE_3672_length_509_cov_0.465278	509	correct
216	330	143	29	lcl_CM027379.1_cds_KAF9617303.1_11825	NODE_3673_length_508_cov_1.085847	100.0		True
CONTIG	NODE_3673_length_508_cov_1.085847	508	correct
CONTIG	NODE_3674_length_508_cov_0.937355	508	unaligned
CONTIG	NODE_3675_length_508_cov_0.844548	508	unaligned
517	617	303	403	lcl_CM027383.1_cds_KAF9596633.1_30099	NODE_3676_length_508_cov_0.828306	100.0		True
CONTIG	NODE_3676_length_508_cov_0.828306	508	correct
CONTIG	NODE_3677_length_508_cov_0.793503	508	unaligned
CONTIG	NODE_3678_length_508_cov_0.774942	508	unaligned
CONTIG	NODE_3679_length_508_cov_0.728538	508	unaligned
CONTIG	NODE_3680_length_508_cov_0.628770	508	unaligned
CONTIG	NODE_3681_length_508_cov_0.614849	508	unaligned
CONTIG	NODE_3682_length_508_cov_0.607889	508	unaligned
1	152	302	453	lcl_CM027379.1_cds_KAF9616098.1_12978	NODE_3683_length_508_cov_0.605568	95.39		True
CONTIG	NODE_3683_length_508_cov_0.605568	508	correct
CONTIG	NODE_3684_length_508_cov_0.580046	508	unaligned
CONTIG	NODE_3685_length_508_cov_0.545244	508	unaligned
CONTIG	NODE_3686_length_508_cov_0.545244	508	unaligned
425	718	294	1	lcl_CM027382.1_cds_KAF9603397.1_25781	NODE_3687_length_508_cov_0.542923	96.6		True
CONTIG	NODE_3687_length_508_cov_0.542923	508	correct
CONTIG	NODE_3688_length_507_cov_8.362791	507	unaligned
24	185	1	162	lcl_JADFTS010000058.1_cds_KAF9587000.1_39872	NODE_3689_length_507_cov_1.409302	99.38		True
CONTIG	NODE_3689_length_507_cov_1.409302	507	correct
CONTIG	NODE_3690_length_507_cov_0.932558	507	unaligned
CONTIG	NODE_3691_length_507_cov_0.879070	507	unaligned
CONTIG	NODE_3692_length_507_cov_0.823256	507	unaligned
CONTIG	NODE_3693_length_507_cov_0.802326	507	unaligned
470	614	507	363	lcl_CM027385.1_cds_KAF9588201.1_37423	NODE_3694_length_507_cov_0.786047	97.24		True
CONTIG	NODE_3694_length_507_cov_0.786047	507	correct
2461	2643	44	226	lcl_CM027379.1_cds_KAF9618017.1_13666	NODE_3695_length_507_cov_0.618605	98.91		True
CONTIG	NODE_3695_length_507_cov_0.618605	507	correct
CONTIG	NODE_3696_length_507_cov_0.609302	507	unaligned
CONTIG	NODE_3697_length_507_cov_0.597674	507	unaligned
CONTIG	NODE_3698_length_507_cov_0.560465	507	unaligned
CONTIG	NODE_3699_length_507_cov_0.495349	507	unaligned
CONTIG	NODE_3700_length_507_cov_0.448837	507	unaligned
CONTIG	NODE_3701_length_506_cov_23.743590	506	unaligned
584	788	429	225	lcl_CM027381.1_cds_KAF9605436.1_21012	NODE_3702_length_506_cov_1.790210	96.59		True
CONTIG	NODE_3702_length_506_cov_1.790210	506	correct
195	414	92	313	lcl_CM027379.1_cds_KAF9617552.1_10583	NODE_3703_length_506_cov_1.354312	95.95		True
CONTIG	NODE_3703_length_506_cov_1.354312	506	correct
CONTIG	NODE_3704_length_506_cov_1.083916	506	unaligned
CONTIG	NODE_3705_length_506_cov_1.020979	506	unaligned
1643	1941	1	299	lcl_CM027379.1_cds_KAF9616883.1_13949	NODE_3706_length_506_cov_0.871795	96.99		True
CONTIG	NODE_3706_length_506_cov_0.871795	506	correct
37	129	93	1	lcl_CM027379.1_cds_KAF9618000.1_9104	NODE_3707_length_506_cov_0.778555	98.92		True
translocation
429	633	370	166	lcl_CM027384.1_cds_KAF9593625.1_34409	NODE_3707_length_506_cov_0.778555	95.12		True
CONTIG	NODE_3707_length_506_cov_0.778555	506	misassembled
CONTIG	NODE_3708_length_506_cov_0.757576	506	unaligned
CONTIG	NODE_3709_length_506_cov_0.731935	506	unaligned
CONTIG	NODE_3710_length_506_cov_0.659674	506	unaligned
315	511	205	1	lcl_CM027378.1_cds_KAF9621076.1_3761	NODE_3711_length_506_cov_0.657343	95.61		True
CONTIG	NODE_3711_length_506_cov_0.657343	506	correct
CONTIG	NODE_3712_length_506_cov_0.650350	506	unaligned
CONTIG	NODE_3713_length_506_cov_0.587413	506	unaligned
CONTIG	NODE_3714_length_506_cov_0.529138	506	unaligned
1709	1820	228	339	lcl_CM027377.1_cds_KAF9624425.1_718	NODE_3715_length_506_cov_0.526807	95.54		True
CONTIG	NODE_3715_length_506_cov_0.526807	506	correct
982	1167	1	186	lcl_CM027377.1_cds_KAF9624611.1_1847	NODE_3716_length_506_cov_0.512821	99.46		True
translocation
1267	1388	335	456	lcl_CM027379.1_cds_KAF9617132.1_13507	NODE_3716_length_506_cov_0.512821	97.54		True
CONTIG	NODE_3716_length_506_cov_0.512821	506	misassembled
104	379	276	1	lcl_CM027381.1_cds_KAF9604343.1_19960	NODE_3717_length_505_cov_1.156542	98.55		True
CONTIG	NODE_3717_length_505_cov_1.156542	505	correct
CONTIG	NODE_3718_length_505_cov_1.042056	505	unaligned
567	939	133	505	lcl_CM027382.1_cds_KAF9599819.1_23111	NODE_3719_length_505_cov_1.023364	99.2		True
CONTIG	NODE_3719_length_505_cov_1.023364	505	correct
1	85	393	477	lcl_CM027385.1_cds_KAF9590492.1_37143	NODE_3720_length_505_cov_0.946262	98.82		True
CONTIG	NODE_3720_length_505_cov_0.946262	505	correct
CONTIG	NODE_3721_length_505_cov_0.827103	505	unaligned
CONTIG	NODE_3722_length_505_cov_0.764019	505	unaligned
CONTIG	NODE_3723_length_505_cov_0.747664	505	unaligned
CONTIG	NODE_3724_length_505_cov_0.712617	505	unaligned
1	142	355	496	lcl_CM027379.1_cds_KAF9617957.1_9092	NODE_3725_length_505_cov_0.682243	95.07		True
CONTIG	NODE_3725_length_505_cov_0.682243	505	correct
CONTIG	NODE_3726_length_505_cov_0.665888	505	unaligned
CONTIG	NODE_3727_length_505_cov_0.661215	505	unaligned
CONTIG	NODE_3728_length_505_cov_0.654206	505	unaligned
CONTIG	NODE_3729_length_505_cov_0.593458	505	unaligned
CONTIG	NODE_3730_length_505_cov_0.404206	505	unaligned
CONTIG	NODE_3731_length_505_cov_0.280374	505	unaligned
CONTIG	NODE_3732_length_504_cov_2.641686	504	unaligned
1	190	273	462	lcl_CM027385.1_cds_KAF9588357.1_37899	NODE_3733_length_504_cov_1.320843	100.0		True
CONTIG	NODE_3733_length_504_cov_1.320843	504	correct
5	69	201	137	lcl_CM027382.1_cds_KAF9602801.1_24166	NODE_3734_length_504_cov_1.049180	100.0		True
CONTIG	NODE_3734_length_504_cov_1.049180	504	correct
279	468	300	111	lcl_CM027378.1_cds_KAF9620193.1_3803	NODE_3735_length_504_cov_0.875878	98.95		True
CONTIG	NODE_3735_length_504_cov_0.875878	504	correct
CONTIG	NODE_3736_length_504_cov_0.854801	504	unaligned
CONTIG	NODE_3737_length_504_cov_0.854801	504	unaligned
CONTIG	NODE_3738_length_504_cov_0.826698	504	unaligned
CONTIG	NODE_3739_length_504_cov_0.814988	504	unaligned
CONTIG	NODE_3740_length_504_cov_0.814988	504	unaligned
CONTIG	NODE_3741_length_504_cov_0.782201	504	unaligned
CONTIG	NODE_3742_length_504_cov_0.669789	504	unaligned
CONTIG	NODE_3743_length_504_cov_0.662763	504	unaligned
CONTIG	NODE_3744_length_504_cov_0.615925	504	unaligned
CONTIG	NODE_3745_length_504_cov_0.531616	504	unaligned
CONTIG	NODE_3746_length_504_cov_0.505855	504	unaligned
491	588	6	102	lcl_CM027378.1_cds_KAF9622235.1_8201	NODE_3747_length_504_cov_0.480094	96.94		True
unknown
463	528	120	185	lcl_CM027384.1_cds_KAF9592781.1_35348	NODE_3747_length_504_cov_0.480094	100.0		True
unknown
CONTIG	NODE_3747_length_504_cov_0.480094	504	mis_unaligned
CONTIG	NODE_3748_length_503_cov_9.255869	503	unaligned
CONTIG	NODE_3749_length_503_cov_2.244131	503	unaligned
CONTIG	NODE_3750_length_503_cov_1.438967	503	unaligned
331	625	503	209	lcl_CM027382.1_cds_KAF9601725.1_24326	NODE_3751_length_503_cov_1.307512	98.64		True
CONTIG	NODE_3751_length_503_cov_1.307512	503	correct
CONTIG	NODE_3752_length_503_cov_1.199531	503	unaligned
CONTIG	NODE_3753_length_503_cov_1.199531	503	unaligned
CONTIG	NODE_3754_length_503_cov_1.197183	503	unaligned
CONTIG	NODE_3755_length_503_cov_1.129108	503	unaligned
CONTIG	NODE_3756_length_503_cov_1.042254	503	unaligned
CONTIG	NODE_3757_length_503_cov_0.901408	503	unaligned
1850	2074	279	503	lcl_CM027377.1_cds_KAF9624008.1_331	NODE_3758_length_503_cov_0.835681	100.0		True
CONTIG	NODE_3758_length_503_cov_0.835681	503	correct
CONTIG	NODE_3759_length_503_cov_0.814554	503	unaligned
CONTIG	NODE_3760_length_503_cov_0.758216	503	unaligned
CONTIG	NODE_3761_length_503_cov_0.744131	503	unaligned
CONTIG	NODE_3762_length_503_cov_0.687793	503	unaligned
405	515	278	168	lcl_JADFTS010000080.1_cds_KAF9586852.1_40009	NODE_3763_length_503_cov_0.673709	100.0		True
CONTIG	NODE_3763_length_503_cov_0.673709	503	correct
CONTIG	NODE_3764_length_503_cov_0.622066	503	unaligned
202	344	20	162	lcl_CM027377.1_cds_KAF9623850.1_1499	NODE_3765_length_503_cov_0.553991	99.3		True
CONTIG	NODE_3765_length_503_cov_0.553991	503	correct
CONTIG	NODE_3766_length_503_cov_0.521127	503	unaligned
CONTIG	NODE_3767_length_502_cov_1.423529	502	unaligned
1628	2062	502	68	lcl_CM027378.1_cds_KAF9621115.1_8693	NODE_3768_length_502_cov_1.030588	99.31		True
CONTIG	NODE_3768_length_502_cov_1.030588	502	correct
CONTIG	NODE_3769_length_502_cov_0.974118	502	unaligned
CONTIG	NODE_3770_length_502_cov_0.887059	502	unaligned
CONTIG	NODE_3772_length_502_cov_0.776471	502	unaligned
301	410	425	316	lcl_CM027382.1_cds_KAF9601399.1_25382	NODE_3773_length_502_cov_0.738824	98.18		True
CONTIG	NODE_3773_length_502_cov_0.738824	502	correct
CONTIG	NODE_3774_length_502_cov_0.710588	502	unaligned
CONTIG	NODE_3775_length_502_cov_0.665882	502	unaligned
CONTIG	NODE_3776_length_502_cov_0.644706	502	unaligned
CONTIG	NODE_3777_length_502_cov_0.640000	502	unaligned
CONTIG	NODE_3778_length_502_cov_0.607059	502	unaligned
CONTIG	NODE_3779_length_502_cov_0.588235	502	unaligned
CONTIG	NODE_3780_length_502_cov_0.588235	502	unaligned
CONTIG	NODE_3781_length_502_cov_0.578824	502	unaligned
CONTIG	NODE_3782_length_502_cov_0.571765	502	unaligned
CONTIG	NODE_3783_length_502_cov_0.527059	502	unaligned
CONTIG	NODE_3784_length_501_cov_1.721698	501	unaligned
CONTIG	NODE_3785_length_501_cov_1.481132	501	unaligned
CONTIG	NODE_3786_length_501_cov_1.330189	501	unaligned
CONTIG	NODE_3787_length_501_cov_0.974057	501	unaligned
410	908	1	501	lcl_CM027382.1_cds_KAF9600751.1_23521	NODE_3788_length_501_cov_0.889151	96.61		True
CONTIG	NODE_3788_length_501_cov_0.889151	501	correct
CONTIG	NODE_3789_length_501_cov_0.879717	501	unaligned
CONTIG	NODE_3790_length_501_cov_0.872642	501	unaligned
308	516	501	294	lcl_CM027383.1_cds_KAF9596208.1_28149	NODE_3791_length_501_cov_0.837264	98.56		True
CONTIG	NODE_3791_length_501_cov_0.837264	501	correct
677	1098	1	422	lcl_CM027384.1_cds_KAF9595328.1_32000	NODE_3792_length_501_cov_0.825472	95.02		True
CONTIG	NODE_3792_length_501_cov_0.825472	501	correct
554	645	304	213	lcl_CM027379.1_cds_KAF9616304.1_10357	NODE_3793_length_501_cov_0.757075	100.0		True
CONTIG	NODE_3793_length_501_cov_0.757075	501	correct
CONTIG	NODE_3794_length_501_cov_0.627358	501	unaligned
CONTIG	NODE_3795_length_501_cov_0.615566	501	unaligned
CONTIG	NODE_3796_length_501_cov_0.596698	501	unaligned
1192	1436	501	257	lcl_JADFTS010000029.1_cds_KAF9587216.1_39512	NODE_3797_length_501_cov_0.551887	96.73		True
CONTIG	NODE_3797_length_501_cov_0.551887	501	correct
CONTIG	NODE_3798_length_500_cov_1.349882	500	unaligned
CONTIG	NODE_3799_length_500_cov_1.314421	500	unaligned
CONTIG	NODE_3800_length_500_cov_1.208038	500	unaligned
341	584	500	257	lcl_CM027380.1_cds_KAF9609064.1_16970	NODE_3801_length_500_cov_1.059102	99.18		True
CONTIG	NODE_3801_length_500_cov_1.059102	500	correct
CONTIG	NODE_3802_length_500_cov_1.004728	500	unaligned
CONTIG	NODE_3803_length_500_cov_0.862884	500	unaligned
CONTIG	NODE_3804_length_500_cov_0.855792	500	unaligned
CONTIG	NODE_3805_length_500_cov_0.827423	500	unaligned
CONTIG	NODE_3806_length_500_cov_0.822695	500	unaligned
CONTIG	NODE_3807_length_500_cov_0.813239	500	unaligned
CONTIG	NODE_3808_length_500_cov_0.808511	500	unaligned
CONTIG	NODE_3809_length_500_cov_0.801418	500	unaligned
CONTIG	NODE_3810_length_500_cov_0.799054	500	unaligned
287	360	395	468	lcl_CM027385.1_cds_KAF9588532.1_35928	NODE_3811_length_500_cov_0.758865	100.0		True
CONTIG	NODE_3811_length_500_cov_0.758865	500	correct
CONTIG	NODE_3812_length_500_cov_0.711584	500	unaligned
CONTIG	NODE_3813_length_500_cov_0.683215	500	unaligned
CONTIG	NODE_3814_length_500_cov_0.652482	500	unaligned
CONTIG	NODE_3815_length_500_cov_0.609929	500	unaligned
CONTIG	NODE_3816_length_500_cov_0.595745	500	unaligned
CONTIG	NODE_3817_length_500_cov_0.588652	500	unaligned
CONTIG	NODE_3818_length_500_cov_0.567376	500	unaligned
CONTIG	NODE_3819_length_500_cov_0.522459	500	unaligned
